time,open,high,low,close,Volume
2024-09-20T09:25:00+02:00,169.22,169.22,169.18,169.18,260
2024-09-20T09:32:30+02:00,169.3,169.32,168.98,169.1,2081
2024-09-20T09:35:00+02:00,169.2,169.5,169.2,169.5,6
2024-09-20T09:37:30+02:00,169.5,169.5,169.5,169.5,27
2024-09-20T09:38:00+02:00,169.6,169.6,169.6,169.6,4
2024-09-20T09:43:30+02:00,169.46,169.46,169.46,169.46,20
2024-09-20T09:48:30+02:00,169.52,169.52,169.52,169.52,5
2024-09-20T09:49:00+02:00,169.7,169.76,169.7,169.76,201
2024-09-20T09:51:00+02:00,169.76,169.76,169.76,169.76,246
2024-09-20T09:55:00+02:00,169.82,169.82,169.82,169.82,11
2024-09-20T09:59:00+02:00,169.82,169.82,169.8,169.8,8
2024-09-20T10:03:30+02:00,169.84,169.84,169.84,169.84,2
2024-09-20T10:06:00+02:00,169.9,169.9,169.9,169.9,100
2024-09-20T10:07:30+02:00,169.98,170,169.8,169.8,146
2024-09-20T10:15:00+02:00,169.8,169.8,169.8,169.8,21
2024-09-20T10:19:00+02:00,169.82,169.82,169.82,169.82,5
2024-09-20T10:20:00+02:00,169.98,169.98,169.98,169.98,60
2024-09-20T10:26:30+02:00,169.7,169.7,169.66,169.66,591
2024-09-20T10:30:00+02:00,169.4,169.4,169.4,169.4,180
2024-09-20T10:39:30+02:00,169.24,169.24,169.24,169.24,40
2024-09-20T10:41:30+02:00,169.4,169.4,169.4,169.4,18
2024-09-20T10:45:00+02:00,169.48,169.48,169.48,169.48,90
2024-09-20T10:46:30+02:00,169.5,169.5,169.5,169.5,15
2024-09-20T10:48:30+02:00,169.44,169.44,169.4,169.4,98
2024-09-20T11:01:00+02:00,169.62,169.62,169.62,169.62,19
2024-09-20T11:06:00+02:00,169.46,169.46,169.46,169.46,40
2024-09-20T11:12:00+02:00,169.6,169.68,169.6,169.68,89
2024-09-20T11:26:30+02:00,169.6,169.6,169.6,169.6,363
2024-09-20T11:36:00+02:00,169.46,169.46,169.46,169.46,20
2024-09-20T11:43:00+02:00,169.54,169.54,169.54,169.54,75
2024-09-20T11:45:30+02:00,169.62,169.62,169.62,169.62,1
2024-09-20T11:52:30+02:00,169.66,169.66,169.66,169.66,8
2024-09-20T11:53:30+02:00,169.66,169.66,169.66,169.66,35
2024-09-20T12:08:00+02:00,169.52,169.52,169.52,169.52,326
2024-09-20T12:12:30+02:00,169.52,169.52,169.52,169.52,30
2024-09-20T12:13:30+02:00,169.5,169.5,169.5,169.5,65
2024-09-20T12:16:00+02:00,169.5,169.5,169.5,169.5,1
2024-09-20T12:24:00+02:00,169.5,169.5,169.48,169.48,500
2024-09-20T12:29:00+02:00,169.48,169.48,169.48,169.48,100
2024-09-20T12:51:00+02:00,169.48,169.48,169.48,169.48,1
2024-09-20T12:58:30+02:00,169.46,169.48,169.46,169.48,265
2024-09-20T13:04:30+02:00,169.76,169.78,169.76,169.78,90
2024-09-20T13:08:30+02:00,169.54,169.54,169.54,169.54,5
2024-09-20T13:14:30+02:00,169.66,169.68,169.66,169.68,142
2024-09-20T13:17:00+02:00,169.76,169.76,169.76,169.76,2
2024-09-20T13:22:30+02:00,169.84,169.84,169.76,169.76,123
2024-09-20T13:28:00+02:00,169.96,169.96,169.94,169.94,410
2024-09-20T13:33:30+02:00,169.98,170,169.98,170,68
2024-09-20T13:35:00+02:00,169.96,169.96,169.96,169.96,5
2024-09-20T13:39:00+02:00,170,170,170,170,1
2024-09-20T13:41:30+02:00,170.04,170.04,170.04,170.04,14
2024-09-20T13:43:00+02:00,170.04,170.04,170.04,170.04,64
2024-09-20T13:52:30+02:00,169.92,169.92,169.92,169.92,9
2024-09-20T13:54:30+02:00,169.96,169.96,169.96,169.96,20
2024-09-20T14:15:30+02:00,170.3,170.3,170.3,170.3,130
2024-09-20T14:16:00+02:00,170.36,170.36,170.32,170.32,216
2024-09-20T14:19:30+02:00,170.26,170.26,170.26,170.26,1
2024-09-20T14:20:00+02:00,170.26,170.26,170.26,170.26,100
2024-09-20T14:20:30+02:00,170.24,170.24,170.22,170.22,101
2024-09-20T14:21:00+02:00,170.26,170.28,170.26,170.28,463
2024-09-20T14:22:00+02:00,170.26,170.26,170.26,170.26,57
2024-09-20T14:22:30+02:00,170.28,170.28,170.28,170.28,10
2024-09-20T14:23:30+02:00,170.38,170.38,170.38,170.38,73
2024-09-20T14:24:30+02:00,170.38,170.38,170.38,170.38,6
2024-09-20T14:25:00+02:00,170.44,170.46,170.44,170.46,145
2024-09-20T14:27:30+02:00,170.52,170.52,170.52,170.52,3
2024-09-20T14:28:30+02:00,170.46,170.46,170.46,170.46,30
2024-09-20T14:32:30+02:00,170.6,170.6,170.6,170.6,114
2024-09-20T14:34:00+02:00,170.66,170.66,170.66,170.66,10
2024-09-20T14:35:30+02:00,170.52,170.52,170.52,170.52,43
2024-09-20T14:38:00+02:00,170.6,170.6,170.6,170.6,23
2024-09-20T14:39:00+02:00,170.66,170.66,170.66,170.66,20
2024-09-20T14:41:00+02:00,170.78,170.78,170.78,170.78,159
2024-09-20T14:43:00+02:00,170.9,170.9,170.9,170.9,585
2024-09-20T14:47:00+02:00,170.94,170.94,170.92,170.94,826
2024-09-20T14:47:30+02:00,170.92,170.92,170.92,170.92,4
2024-09-20T14:50:30+02:00,170.7,170.7,170.68,170.68,87
2024-09-20T14:51:30+02:00,170.68,170.68,170.68,170.68,50
2024-09-20T14:56:00+02:00,170.74,170.74,170.74,170.74,3
2024-09-20T15:07:00+02:00,170.12,170.12,170.12,170.12,150
2024-09-20T15:13:00+02:00,170.08,170.08,170.08,170.08,24
2024-09-20T15:13:30+02:00,170.08,170.08,170.08,170.08,50
2024-09-20T15:15:30+02:00,170.18,170.18,170.16,170.16,762
2024-09-20T15:17:30+02:00,170.4,170.4,170.4,170.4,35
2024-09-20T15:19:00+02:00,170.36,170.36,170.34,170.34,100
2024-09-20T15:21:30+02:00,170.34,170.34,170.34,170.34,157
2024-09-20T15:25:00+02:00,170.3,170.3,169.9,169.9,804
2024-09-20T15:27:30+02:00,169.94,170.32,169.94,170.3,802
2024-09-20T15:28:00+02:00,170.54,170.6,170.54,170.6,118
2024-09-20T15:29:30+02:00,170.48,170.48,170.48,170.48,1
2024-09-20T15:30:00+02:00,170.58,171.02,170.58,171.02,917
2024-09-20T15:32:00+02:00,170.9,170.9,170.9,170.9,11
2024-09-20T15:33:30+02:00,170.5,170.52,170.48,170.52,7
2024-09-20T15:34:00+02:00,170.58,170.84,170.58,170.84,65
2024-09-20T15:34:30+02:00,170.74,171.1,170.74,171.1,6
2024-09-20T15:35:30+02:00,170.76,170.76,170.76,170.76,300
2024-09-20T15:36:30+02:00,171,171.1,171,171.1,357
2024-09-20T15:38:30+02:00,170.94,170.94,170.94,170.94,280
2024-09-20T15:40:30+02:00,170.46,170.46,170.46,170.46,352
2024-09-20T15:41:00+02:00,170.28,170.28,170.18,170.22,1699
2024-09-20T15:41:30+02:00,170.14,170.18,170.08,170.08,229
2024-09-20T15:42:00+02:00,169.98,169.98,169.92,169.92,205
2024-09-20T15:44:30+02:00,170.36,170.36,170.36,170.36,32
2024-09-20T15:46:30+02:00,170.28,170.28,170.28,170.28,111
2024-09-20T15:47:00+02:00,170.28,170.28,170.26,170.26,118
2024-09-20T15:47:30+02:00,170.26,170.26,170.26,170.26,119
2024-09-20T15:48:00+02:00,170.28,170.28,170.2,170.2,198
2024-09-20T15:48:30+02:00,170.24,170.24,170.24,170.24,152
2024-09-20T15:49:00+02:00,170.2,170.2,170.08,170.08,194
2024-09-20T15:50:30+02:00,170.24,170.42,170.24,170.42,59
2024-09-20T15:51:30+02:00,170.4,170.4,170.4,170.4,62
2024-09-20T15:53:00+02:00,170.24,170.26,170.24,170.26,146
2024-09-20T15:54:00+02:00,170.32,170.32,170.32,170.32,152
2024-09-20T15:56:30+02:00,170.16,170.16,170.16,170.16,47
2024-09-20T15:57:30+02:00,170.18,170.18,170.08,170.08,216
2024-09-20T15:58:30+02:00,170.06,170.06,170.06,170.06,10
2024-09-20T15:59:00+02:00,170.1,170.1,170.1,170.1,25
2024-09-20T16:00:00+02:00,169.9,169.9,169.9,169.9,24
2024-09-20T16:00:30+02:00,169.88,169.88,169.88,169.88,150
2024-09-20T16:02:00+02:00,170.12,170.12,170.12,170.12,44
2024-09-20T16:07:30+02:00,170.18,170.18,170.1,170.1,140
2024-09-20T16:08:00+02:00,170.08,170.08,170.08,170.08,24
2024-09-20T16:09:30+02:00,170.04,170.04,170.04,170.04,31
2024-09-20T16:11:00+02:00,169.92,169.92,169.92,169.92,55
2024-09-20T16:13:00+02:00,170.18,170.18,170.18,170.18,42
2024-09-20T16:13:30+02:00,170.18,170.18,170.16,170.16,253
2024-09-20T16:15:30+02:00,170.02,170.02,169.96,169.96,67
2024-09-20T16:17:00+02:00,169.9,169.9,169.9,169.9,12
2024-09-20T16:18:00+02:00,170.18,170.18,170.18,170.18,42
2024-09-20T16:18:30+02:00,170.16,170.16,170.16,170.16,3
2024-09-20T16:19:00+02:00,170.02,170.02,169.78,169.78,34
2024-09-20T16:21:30+02:00,169.76,169.76,169.76,169.76,3
2024-09-20T16:23:00+02:00,169.9,169.9,169.9,169.9,3
2024-09-20T16:24:30+02:00,170.12,170.12,170.12,170.12,3
2024-09-20T16:25:00+02:00,170.12,170.14,170.12,170.14,6
2024-09-20T16:26:30+02:00,170.2,170.2,170.2,170.2,15
2024-09-20T16:27:00+02:00,170.04,170.04,170,170,328
2024-09-20T16:30:00+02:00,169.96,169.96,169.96,169.96,5
2024-09-20T16:32:00+02:00,169.76,169.76,169.76,169.76,4
2024-09-20T16:34:00+02:00,169.88,169.88,169.88,169.88,1
2024-09-20T16:36:00+02:00,169.68,169.7,169.66,169.7,44
2024-09-20T16:37:00+02:00,169.8,169.8,169.8,169.8,5
2024-09-20T16:39:00+02:00,169.82,169.9,169.82,169.9,383
2024-09-20T16:40:00+02:00,169.72,169.72,169.72,169.72,66
2024-09-20T16:41:00+02:00,169.62,169.62,169.62,169.62,19
2024-09-20T16:41:30+02:00,169.58,169.58,169.58,169.58,2
2024-09-20T16:42:00+02:00,169.5,169.5,169.48,169.48,110
2024-09-20T16:43:00+02:00,169.38,169.38,169.38,169.38,200
2024-09-20T16:43:30+02:00,169.4,169.4,169.4,169.4,1
2024-09-20T16:44:30+02:00,169.28,169.28,169.28,169.28,102
2024-09-20T16:45:00+02:00,169.36,169.36,169.36,169.36,11
2024-09-20T16:46:00+02:00,169.22,169.22,169.22,169.22,27
2024-09-20T16:51:30+02:00,169.28,169.38,169.28,169.38,404
2024-09-20T16:52:00+02:00,169.24,169.24,169.24,169.24,17
2024-09-20T16:52:30+02:00,169.22,169.22,169.14,169.14,102
2024-09-20T16:56:00+02:00,169.02,169.02,169.02,169.02,3
2024-09-20T16:57:00+02:00,169.08,169.08,169.08,169.08,50
2024-09-20T16:58:00+02:00,169,169,169,169,900
2024-09-20T16:59:00+02:00,169,169,168.92,168.92,27
2024-09-20T17:00:30+02:00,168.86,168.86,168.86,168.86,30
2024-09-20T17:01:00+02:00,168.82,168.82,168.82,168.82,1
2024-09-20T17:02:30+02:00,168.88,168.92,168.88,168.92,92
2024-09-20T17:03:30+02:00,168.9,168.92,168.9,168.92,41
2024-09-20T17:05:00+02:00,168.8,168.8,168.8,168.8,2
2024-09-20T17:08:30+02:00,168.64,168.64,168.62,168.62,268
2024-09-20T17:10:30+02:00,168.64,168.7,168.64,168.7,536
2024-09-20T17:13:00+02:00,168.62,168.62,168.5,168.52,259
2024-09-20T17:17:00+02:00,168.42,168.42,168.42,168.42,91
2024-09-20T17:17:30+02:00,168.38,168.38,168.38,168.38,50
2024-09-20T17:19:00+02:00,168.42,168.58,168.42,168.58,201
2024-09-20T17:21:00+02:00,168.74,168.74,168.74,168.74,20
2024-09-20T17:22:00+02:00,168.68,168.68,168.68,168.68,50
2024-09-20T17:22:30+02:00,168.68,168.68,168.68,168.68,198
2024-09-20T17:23:30+02:00,168.82,168.84,168.8,168.8,280
2024-09-20T17:24:00+02:00,168.68,168.68,168.68,168.68,96
2024-09-20T17:26:30+02:00,168.8,168.8,168.8,168.8,14
2024-09-20T17:29:00+02:00,168.94,168.94,168.94,168.94,35
2024-09-23T09:04:00+02:00,172.14,172.14,172,172,2090
2024-09-23T09:07:00+02:00,171.7,171.7,171.68,171.68,45
2024-09-23T09:10:00+02:00,171.86,171.9,171.86,171.9,250
2024-09-23T09:15:00+02:00,171.68,171.7,171.68,171.7,120
2024-09-23T09:16:00+02:00,171.6,171.6,171.6,171.6,29
2024-09-23T09:17:00+02:00,171.54,171.54,171.54,171.54,50
2024-09-23T09:18:30+02:00,171.06,171.06,171.06,171.06,34
2024-09-23T09:19:30+02:00,171.46,171.46,171.46,171.46,29
2024-09-23T09:30:00+02:00,171.44,171.46,171.42,171.42,33
2024-09-23T09:32:00+02:00,171.42,171.42,171.42,171.42,55
2024-09-23T09:36:00+02:00,171.46,171.46,171.46,171.46,25
2024-09-23T09:39:30+02:00,171.74,171.86,171.74,171.86,500
2024-09-23T09:41:30+02:00,171.72,171.72,171.66,171.66,85
2024-09-23T09:42:00+02:00,171.88,171.96,171.88,171.96,280
2024-09-23T09:48:00+02:00,171.96,172,171.96,172,7
2024-09-23T09:53:00+02:00,171.98,171.98,171.98,171.98,4
2024-09-23T09:53:30+02:00,172.12,172.12,172.12,172.12,12
2024-09-23T09:54:30+02:00,171.98,171.98,171.98,171.98,100
2024-09-23T09:55:00+02:00,172.12,172.12,172.12,172.12,2
2024-09-23T09:56:30+02:00,172.12,172.12,172.12,172.12,1
2024-09-23T10:03:00+02:00,172.36,172.38,172.36,172.36,216
2024-09-23T10:03:30+02:00,172.46,172.46,172.46,172.46,87
2024-09-23T10:04:30+02:00,172.44,172.44,172.44,172.44,5
2024-09-23T10:05:00+02:00,172.38,172.38,172.38,172.38,157
2024-09-23T10:06:00+02:00,172.26,172.26,172.26,172.26,75
2024-09-23T10:07:00+02:00,172.3,172.3,172.3,172.3,10
2024-09-23T10:07:30+02:00,172.34,172.34,172.34,172.34,182
2024-09-23T10:08:30+02:00,172.46,172.46,172.46,172.46,226
2024-09-23T10:09:30+02:00,172.38,172.38,172.38,172.38,458
2024-09-23T10:11:30+02:00,172.44,172.44,172.44,172.44,180
2024-09-23T10:15:30+02:00,172.6,172.6,172.6,172.6,100
2024-09-23T10:16:00+02:00,172.58,172.58,172.58,172.58,254
2024-09-23T10:18:00+02:00,172.56,172.56,172.48,172.48,130
2024-09-23T10:18:30+02:00,172.5,172.5,172.5,172.5,240
2024-09-23T10:20:30+02:00,172.5,172.5,172.5,172.5,70
2024-09-23T10:21:00+02:00,172.58,172.58,172.58,172.58,20
2024-09-23T10:23:30+02:00,172.5,172.5,172.5,172.5,40
2024-09-23T10:25:00+02:00,172.58,172.58,172.58,172.58,1
2024-09-23T10:25:30+02:00,172.58,172.58,172.58,172.58,168
2024-09-23T10:30:00+02:00,172.58,172.58,172.58,172.58,168
2024-09-23T10:32:00+02:00,172.48,172.48,172.46,172.46,459
2024-09-23T10:32:30+02:00,172.42,172.42,172.42,172.42,154
2024-09-23T10:33:00+02:00,172.42,172.42,172.42,172.42,71
2024-09-23T10:36:30+02:00,172.6,172.6,172.6,172.6,17
2024-09-23T10:37:00+02:00,172.46,172.46,172.46,172.46,4
2024-09-23T10:37:30+02:00,172.44,172.44,172.42,172.42,645
2024-09-23T10:38:30+02:00,172.42,172.42,172.4,172.42,708
2024-09-23T10:39:00+02:00,172.48,172.48,172.48,172.48,28
2024-09-23T10:40:00+02:00,172.44,172.46,172.38,172.38,633
2024-09-23T10:41:00+02:00,172.44,172.44,172.44,172.44,365
2024-09-23T10:42:00+02:00,172.48,172.48,172.48,172.48,3
2024-09-23T10:42:30+02:00,172.48,172.48,172.42,172.42,178
2024-09-23T10:43:00+02:00,172.36,172.36,172.36,172.36,100
2024-09-23T10:47:00+02:00,172.16,172.16,172.16,172.16,10
2024-09-23T10:47:30+02:00,172.16,172.16,172.16,172.16,92
2024-09-23T10:49:00+02:00,172.32,172.32,172.32,172.32,31
2024-09-23T10:51:30+02:00,172.28,172.28,172.28,172.28,1
2024-09-23T10:52:30+02:00,172.12,172.12,172.12,172.12,110
2024-09-23T10:55:00+02:00,172.22,172.22,172.22,172.22,182
2024-09-23T10:55:30+02:00,172.26,172.3,172.26,172.3,257
2024-09-23T10:57:30+02:00,172.3,172.34,172.3,172.34,274
2024-09-23T10:59:00+02:00,172.32,172.34,172.32,172.34,484
2024-09-23T11:02:00+02:00,172.24,172.24,172.24,172.24,152
2024-09-23T11:10:00+02:00,172.32,172.32,172.3,172.3,43
2024-09-23T11:13:30+02:00,172.28,172.28,172.22,172.22,260
2024-09-23T11:17:00+02:00,172.12,172.12,172.12,172.12,198
2024-09-23T11:18:00+02:00,172.08,172.08,172.08,172.08,8
2024-09-23T11:19:30+02:00,172.08,172.08,172.08,172.08,20
2024-09-23T11:20:00+02:00,172.08,172.1,172.04,172.04,613
2024-09-23T11:20:30+02:00,172,172,172,172,15
2024-09-23T11:21:00+02:00,172.06,172.06,172.06,172.06,183
2024-09-23T11:27:00+02:00,172.08,172.08,172.08,172.08,8
2024-09-23T11:27:30+02:00,172,172,172,172,10
2024-09-23T11:28:00+02:00,172.08,172.14,172.08,172.14,210
2024-09-23T11:28:30+02:00,172.12,172.14,172.12,172.14,239
2024-09-23T11:29:30+02:00,172.22,172.22,172.22,172.22,25
2024-09-23T11:32:00+02:00,172.16,172.16,172.16,172.16,3
2024-09-23T11:34:00+02:00,172.04,172.04,172.04,172.04,5
2024-09-23T11:35:00+02:00,172.08,172.08,172.08,172.08,25
2024-09-23T11:36:00+02:00,172.16,172.16,172.16,172.16,180
2024-09-23T11:37:00+02:00,172.24,172.24,172.24,172.24,180
2024-09-23T11:41:00+02:00,172.2,172.2,172.2,172.2,180
2024-09-23T11:42:30+02:00,172.14,172.14,172.14,172.14,4
2024-09-23T11:43:30+02:00,172.22,172.22,172.22,172.22,70
2024-09-23T11:44:00+02:00,172.24,172.24,172.24,172.24,180
2024-09-23T11:45:00+02:00,172.28,172.28,172.28,172.28,142
2024-09-23T11:45:30+02:00,172.28,172.3,172.28,172.3,200
2024-09-23T11:47:00+02:00,172.32,172.32,172.32,172.32,141
2024-09-23T11:47:30+02:00,172.32,172.32,172.32,172.32,29
2024-09-23T11:49:00+02:00,172.32,172.32,172.32,172.32,180
2024-09-23T11:55:30+02:00,172.48,172.48,172.48,172.48,180
2024-09-23T11:56:00+02:00,172.38,172.38,172.38,172.38,358
2024-09-23T12:01:30+02:00,172.42,172.42,172.42,172.42,69
2024-09-23T12:05:00+02:00,172.38,172.38,172.38,172.38,17
2024-09-23T12:06:00+02:00,172.34,172.34,172.34,172.34,181
2024-09-23T12:09:00+02:00,172.32,172.32,172.32,172.32,100
2024-09-23T12:11:00+02:00,172.38,172.38,172.38,172.38,300
2024-09-23T12:12:00+02:00,172.46,172.46,172.46,172.46,196
2024-09-23T12:12:30+02:00,172.48,172.48,172.48,172.48,168
2024-09-23T12:13:30+02:00,172.42,172.42,172.42,172.42,130
2024-09-23T12:18:00+02:00,172.42,172.42,172.42,172.42,209
2024-09-23T12:18:30+02:00,172.44,172.44,172.44,172.44,168
2024-09-23T12:19:00+02:00,172.44,172.44,172.44,172.44,65
2024-09-23T12:19:30+02:00,172.42,172.42,172.42,172.42,15
2024-09-23T12:25:30+02:00,172.48,172.48,172.48,172.48,37
2024-09-23T12:26:30+02:00,172.48,172.48,172.48,172.48,1504
2024-09-23T12:27:30+02:00,172.5,172.5,172.5,172.5,10
2024-09-23T12:28:00+02:00,172.5,172.5,172.5,172.5,159
2024-09-23T12:30:30+02:00,172.58,172.58,172.58,172.58,168
2024-09-23T12:34:30+02:00,172.58,172.58,172.56,172.56,634
2024-09-23T12:35:30+02:00,172.6,172.6,172.6,172.6,177
2024-09-23T12:40:00+02:00,172.62,172.62,172.62,172.62,36
2024-09-23T12:40:30+02:00,172.62,172.62,172.62,172.62,100
2024-09-23T12:45:00+02:00,172.6,172.6,172.6,172.6,5
2024-09-23T12:46:00+02:00,172.68,172.72,172.68,172.72,1000
2024-09-23T12:52:00+02:00,172.62,172.62,172.62,172.62,4
2024-09-23T12:53:00+02:00,172.56,172.56,172.56,172.56,1
2024-09-23T13:03:30+02:00,172.52,172.52,172.5,172.5,362
2024-09-23T13:04:30+02:00,172.38,172.38,172.38,172.38,173
2024-09-23T13:07:00+02:00,172.4,172.4,172.4,172.4,100
2024-09-23T13:07:30+02:00,172.38,172.38,172.38,172.38,365
2024-09-23T13:10:00+02:00,172.36,172.36,172.36,172.36,264
2024-09-23T13:13:30+02:00,172.38,172.38,172.38,172.38,70
2024-09-23T13:22:30+02:00,172.48,172.5,172.48,172.5,71
2024-09-23T13:34:30+02:00,172.18,172.18,172.18,172.18,10
2024-09-23T13:38:00+02:00,172.22,172.22,172.22,172.22,80
2024-09-23T13:48:30+02:00,172.18,172.18,172.18,172.18,1
2024-09-23T13:57:30+02:00,172.3,172.3,172.3,172.3,41
2024-09-23T14:09:30+02:00,172.32,172.32,172.3,172.3,231
2024-09-23T14:15:30+02:00,172.38,172.38,172.38,172.38,6
2024-09-23T14:17:00+02:00,172.36,172.36,172.36,172.36,365
2024-09-23T14:18:00+02:00,172.44,172.46,172.44,172.46,120
2024-09-23T14:20:30+02:00,172.36,172.36,172.34,172.34,210
2024-09-23T14:25:30+02:00,172.52,172.52,172.48,172.5,2594
2024-09-23T14:30:30+02:00,172.46,172.46,172.46,172.46,22
2024-09-23T14:31:30+02:00,172.44,172.44,172.44,172.44,10
2024-09-23T14:36:30+02:00,172.46,172.46,172.42,172.42,999
2024-09-23T14:41:30+02:00,172.42,172.42,172.42,172.42,50
2024-09-23T14:56:00+02:00,172.44,172.44,172.44,172.44,100
2024-09-23T14:59:00+02:00,172.66,172.66,172.66,172.66,47
2024-09-23T15:00:30+02:00,172.76,172.76,172.76,172.76,100
2024-09-23T15:01:00+02:00,172.76,172.76,172.76,172.76,70
2024-09-23T15:02:00+02:00,172.88,172.9,172.88,172.9,598
2024-09-23T15:07:00+02:00,172.66,172.66,172.66,172.66,16
2024-09-23T15:07:30+02:00,172.66,172.66,172.66,172.66,5
2024-09-23T15:11:00+02:00,172.66,172.66,172.66,172.66,347
2024-09-23T15:15:30+02:00,172.56,172.56,172.56,172.56,6
2024-09-23T15:20:00+02:00,172.4,172.4,172.4,172.4,660
2024-09-23T15:23:30+02:00,172.34,172.34,172.34,172.34,244
2024-09-23T15:25:00+02:00,172.02,172.08,171.92,172.08,468
2024-09-23T15:30:00+02:00,172.22,172.22,172.16,172.2,349
2024-09-23T15:31:00+02:00,172.4,172.4,172.4,172.4,290
2024-09-23T15:31:30+02:00,172.08,172.08,172.08,172.08,158
2024-09-23T15:34:30+02:00,171.68,171.78,171.66,171.78,394
2024-09-23T15:36:30+02:00,171.98,171.98,171.9,171.9,193
2024-09-23T15:37:00+02:00,172.1,172.2,172.1,172.2,509
2024-09-23T15:37:30+02:00,172.24,172.32,172.22,172.32,198
2024-09-23T15:38:00+02:00,172.36,172.5,172.36,172.5,158
2024-09-23T15:38:30+02:00,172.6,172.72,172.58,172.58,770
2024-09-23T15:39:00+02:00,172.68,172.68,172.68,172.68,226
2024-09-23T15:39:30+02:00,172.5,172.5,172.5,172.5,300
2024-09-23T15:40:00+02:00,172.62,172.62,172.62,172.62,300
2024-09-23T15:40:30+02:00,172.44,172.44,172.44,172.44,150
2024-09-23T15:41:00+02:00,172.34,172.34,172.12,172.12,29
2024-09-23T15:43:30+02:00,171.92,171.92,171.92,171.92,3
2024-09-23T15:44:00+02:00,171.98,172,171.98,172,90
2024-09-23T15:44:30+02:00,172.02,172.02,172.02,172.02,11
2024-09-23T15:45:00+02:00,171.84,172,171.84,172,54
2024-09-23T15:45:30+02:00,172.14,172.14,172.14,172.14,46
2024-09-23T15:46:00+02:00,172.32,172.34,172.32,172.34,131
2024-09-23T15:49:00+02:00,172.58,172.6,172.58,172.6,124
2024-09-23T15:49:30+02:00,172.8,172.8,172.8,172.8,130
2024-09-23T15:50:00+02:00,172.82,172.82,172.82,172.82,151
2024-09-23T15:51:00+02:00,172.86,172.86,172.86,172.86,120
2024-09-23T15:56:30+02:00,172.58,172.58,172.58,172.58,1
2024-09-23T15:57:30+02:00,172.8,172.8,172.8,172.8,14
2024-09-23T16:00:00+02:00,172.36,172.36,172.36,172.36,1
2024-09-23T16:04:00+02:00,172.5,172.5,172.5,172.5,9
2024-09-23T16:05:00+02:00,172.62,172.62,172.62,172.62,90
2024-09-23T16:07:30+02:00,172.58,172.58,172.58,172.58,150
2024-09-23T16:08:30+02:00,172.6,172.6,172.6,172.6,82
2024-09-23T16:20:00+02:00,172.48,172.48,172.48,172.48,42
2024-09-23T16:26:00+02:00,172.32,172.32,172.32,172.32,3
2024-09-23T16:30:00+02:00,172.32,172.34,172.32,172.34,233
2024-09-23T16:33:30+02:00,172.08,172.08,172.08,172.08,331
2024-09-23T16:34:00+02:00,172,172,172,172,15
2024-09-23T16:35:00+02:00,172,172,172,172,2
2024-09-23T16:37:00+02:00,172,172,172,172,50
2024-09-23T16:38:30+02:00,171.92,171.92,171.9,171.9,200
2024-09-23T16:39:00+02:00,171.9,171.9,171.9,171.9,40
2024-09-23T16:41:00+02:00,172,172,172,172,10
2024-09-23T16:42:00+02:00,172.08,172.08,172.08,172.08,1
2024-09-23T16:50:30+02:00,172.46,172.46,172.46,172.46,6
2024-09-23T16:53:00+02:00,172.48,172.48,172.48,172.48,160
2024-09-23T16:53:30+02:00,172.6,172.62,172.6,172.62,65
2024-09-23T16:55:00+02:00,172.52,172.52,172.52,172.52,2
2024-09-23T16:56:00+02:00,172.42,172.42,172.42,172.42,20
2024-09-23T16:59:00+02:00,172.38,172.38,172.38,172.38,50
2024-09-23T17:00:00+02:00,172.18,172.18,172.18,172.18,30
2024-09-23T17:03:30+02:00,171.88,171.88,171.88,171.88,170
2024-09-23T17:04:30+02:00,172,172,172,172,500
2024-09-23T17:05:30+02:00,171.94,171.94,171.94,171.94,10
2024-09-23T17:07:30+02:00,171.88,171.88,171.88,171.88,6
2024-09-23T17:13:00+02:00,172.1,172.1,172.1,172.1,5
2024-09-23T17:16:30+02:00,171.92,171.92,171.92,171.92,3
2024-09-23T17:18:00+02:00,171.74,171.88,171.74,171.78,72
2024-09-23T17:21:00+02:00,171.88,171.88,171.88,171.88,30
2024-09-23T17:23:00+02:00,171.94,171.94,171.94,171.94,4
2024-09-23T17:23:30+02:00,171.92,171.92,171.92,171.92,6
2024-09-23T17:25:00+02:00,171.94,171.94,171.94,171.94,1
2024-09-23T17:26:30+02:00,172,172,172,172,40
2024-09-23T17:27:00+02:00,171.98,171.98,171.96,171.96,45
2024-09-23T17:28:00+02:00,172,172.06,172,172.06,109
2024-09-24T09:04:00+02:00,174.56,174.56,174.56,174.56,3443
2024-09-24T09:04:30+02:00,174.56,174.56,174.56,174.56,112
2024-09-24T09:08:30+02:00,174.72,174.72,174.72,174.72,11
2024-09-24T09:09:30+02:00,174.52,174.52,174.5,174.5,95
2024-09-24T09:10:00+02:00,174.68,174.78,174.68,174.78,700
2024-09-24T09:10:30+02:00,174.8,174.84,174.8,174.84,100
2024-09-24T09:16:30+02:00,174.42,174.42,174.42,174.42,20
2024-09-24T09:20:30+02:00,174.56,174.58,174.56,174.58,102
2024-09-24T09:27:00+02:00,174.5,174.5,174.5,174.5,10
2024-09-24T09:30:00+02:00,174.58,174.58,174.58,174.58,80
2024-09-24T09:33:00+02:00,174.5,174.5,174.5,174.5,5
2024-09-24T09:36:30+02:00,174.5,174.5,174.3,174.3,120
2024-09-24T09:38:30+02:00,174.5,174.5,174.5,174.5,38
2024-09-24T09:39:00+02:00,174.5,174.5,174.42,174.42,150
2024-09-24T09:40:00+02:00,174.32,174.32,174.3,174.3,13
2024-09-24T09:44:00+02:00,174.58,174.6,174.36,174.36,14
2024-09-24T09:46:30+02:00,174.56,174.56,174.56,174.56,2
2024-09-24T09:49:00+02:00,174.4,174.4,174.4,174.4,50
2024-09-24T09:52:30+02:00,174.4,174.4,174.4,174.4,4
2024-09-24T09:57:00+02:00,174.58,174.6,174.58,174.6,61
2024-09-24T09:57:30+02:00,174.5,174.5,174.5,174.5,34
2024-09-24T09:58:30+02:00,174.6,174.66,174.6,174.66,52
2024-09-24T09:59:00+02:00,174.54,174.54,171.56,171.56,9911
2024-09-24T09:59:30+02:00,170.02,172.52,167.64,172.52,6095
2024-09-24T10:00:00+02:00,172.62,172.62,170.88,171,884
2024-09-24T10:01:00+02:00,171.18,171.26,171.04,171.14,1000
2024-09-24T10:02:30+02:00,171.7,171.7,171.7,171.7,100
2024-09-24T10:03:00+02:00,171.68,171.68,171.66,171.66,429
2024-09-24T10:03:30+02:00,171.48,171.48,171.48,171.48,16
2024-09-24T10:04:00+02:00,171.62,171.62,171.62,171.62,24
2024-09-24T10:05:00+02:00,171.48,171.48,171.48,171.48,159
2024-09-24T10:06:30+02:00,171.64,172.06,171.64,172.06,1000
2024-09-24T10:07:00+02:00,172.26,172.26,172.26,172.26,20
2024-09-24T10:09:00+02:00,172.16,172.16,172.16,172.16,324
2024-09-24T10:09:30+02:00,172.22,172.22,172.22,172.22,100
2024-09-24T10:10:30+02:00,172.24,172.24,172.24,172.24,500
2024-09-24T10:11:00+02:00,172.42,172.42,172.42,172.42,500
2024-09-24T10:11:30+02:00,172.44,172.44,172.44,172.44,1000
2024-09-24T10:12:00+02:00,172.6,172.66,172.6,172.66,995
2024-09-24T10:13:00+02:00,172.7,172.7,172.7,172.7,100
2024-09-24T10:16:00+02:00,172.78,172.78,172.78,172.78,3
2024-09-24T10:17:00+02:00,172.86,172.86,172.6,172.6,51
2024-09-24T10:18:30+02:00,172.86,172.86,172.86,172.86,116
2024-09-24T10:19:00+02:00,172.68,172.68,172.68,172.68,100
2024-09-24T10:20:00+02:00,172.68,172.68,172.68,172.68,40
2024-09-24T10:20:30+02:00,172.8,172.82,172.8,172.82,175
2024-09-24T10:21:00+02:00,172.88,172.88,172.84,172.84,200
2024-09-24T10:22:00+02:00,172.96,172.96,172.94,172.94,100
2024-09-24T10:23:30+02:00,173.08,173.08,173.08,173.08,120
2024-09-24T10:24:00+02:00,173.26,173.26,173.26,173.26,880
2024-09-24T10:25:00+02:00,173.28,173.28,173.1,173.1,1470
2024-09-24T10:28:30+02:00,173.06,173.06,173.06,173.06,30
2024-09-24T10:29:00+02:00,173.04,173.06,173.04,173.06,1002
2024-09-24T10:30:30+02:00,172.94,172.94,172.92,172.92,42
2024-09-24T10:39:30+02:00,172.98,172.98,172.98,172.98,11
2024-09-24T10:41:00+02:00,172.98,172.98,172.98,172.98,289
2024-09-24T10:41:30+02:00,172.86,172.86,172.86,172.86,140
2024-09-24T10:43:00+02:00,173.04,173.04,173.04,173.04,20
2024-09-24T10:50:30+02:00,173,173,173,173,25
2024-09-24T10:51:30+02:00,172.98,173.06,172.98,173.06,350
2024-09-24T10:56:00+02:00,172.82,172.82,172.82,172.82,170
2024-09-24T10:56:30+02:00,172.96,173,172.96,173,500
2024-09-24T11:00:00+02:00,173,173,173,173,1
2024-09-24T11:01:00+02:00,172.9,172.9,172.9,172.9,80
2024-09-24T11:08:30+02:00,172.92,173.06,172.9,173.06,163
2024-09-24T11:13:30+02:00,172.88,172.88,172.88,172.88,169
2024-09-24T11:15:00+02:00,172.88,172.88,172.88,172.88,20
2024-09-24T11:16:00+02:00,172.86,172.86,172.86,172.86,168
2024-09-24T11:17:00+02:00,172.7,172.7,172.64,172.64,171
2024-09-24T11:19:00+02:00,172.64,172.64,172.64,172.64,168
2024-09-24T11:19:30+02:00,172.72,172.72,172.48,172.48,180
2024-09-24T11:20:30+02:00,172.48,172.48,172.48,172.48,223
2024-09-24T11:21:00+02:00,172.44,172.44,172.44,172.44,168
2024-09-24T11:22:00+02:00,172.48,172.48,172.48,172.48,793
2024-09-24T11:24:30+02:00,172.7,172.7,172.7,172.7,125
2024-09-24T11:25:00+02:00,172.46,172.46,172.46,172.46,68
2024-09-24T11:26:30+02:00,172.56,172.56,172.48,172.48,250
2024-09-24T11:29:00+02:00,172.7,172.7,172.7,172.7,1
2024-09-24T11:31:00+02:00,172.66,172.66,172.66,172.66,1
2024-09-24T11:32:30+02:00,172.66,172.66,172.66,172.66,168
2024-09-24T11:33:00+02:00,172.66,172.66,172.66,172.66,174
2024-09-24T11:33:30+02:00,172.58,172.58,172.58,172.58,1
2024-09-24T11:34:00+02:00,172.68,172.68,172.64,172.64,61
2024-09-24T11:34:30+02:00,172.62,172.62,172.62,172.62,168
2024-09-24T11:38:00+02:00,172.64,172.64,172.58,172.58,170
2024-09-24T11:38:30+02:00,172.58,172.58,172.58,172.58,24
2024-09-24T11:45:00+02:00,172.76,172.76,172.76,172.76,162
2024-09-24T11:45:30+02:00,172.7,172.7,172.7,172.7,1
2024-09-24T11:46:00+02:00,172.7,172.76,172.7,172.76,78
2024-09-24T11:53:30+02:00,172.82,172.82,172.82,172.82,154
2024-09-24T11:55:00+02:00,172.88,172.88,172.88,172.88,10
2024-09-24T11:57:30+02:00,172.88,172.88,172.88,172.88,168
2024-09-24T12:00:30+02:00,172.78,172.78,172.78,172.78,168
2024-09-24T12:01:00+02:00,172.72,172.72,172.72,172.72,100
2024-09-24T12:02:00+02:00,172.72,172.72,172.72,172.72,168
2024-09-24T12:05:30+02:00,172.76,172.76,172.76,172.76,21
2024-09-24T12:08:00+02:00,172.82,172.82,172.82,172.82,26
2024-09-24T12:22:30+02:00,172.88,173.02,172.88,173.02,30
2024-09-24T12:24:00+02:00,173.02,173.02,173.02,173.02,14
2024-09-24T12:27:00+02:00,172.92,172.92,172.92,172.92,60
2024-09-24T12:28:30+02:00,173,173,173,173,20
2024-09-24T12:31:00+02:00,172.88,172.88,172.88,172.88,18
2024-09-24T12:35:00+02:00,173.06,173.06,173.06,173.06,2
2024-09-24T12:37:00+02:00,173.08,173.08,173.08,173.08,182
2024-09-24T12:39:00+02:00,173.08,173.08,173.08,173.08,318
2024-09-24T12:45:00+02:00,173.3,173.3,173.3,173.3,100
2024-09-24T12:54:30+02:00,173.28,173.28,173.28,173.28,11
2024-09-24T12:55:30+02:00,173.08,173.08,173.06,173.06,200
2024-09-24T12:57:00+02:00,173.3,173.3,173.3,173.3,10
2024-09-24T12:59:30+02:00,173.06,173.06,173.06,173.06,168
2024-09-24T13:01:00+02:00,173.16,173.16,173.06,173.06,5
2024-09-24T13:01:30+02:00,173.18,173.18,173.18,173.18,35
2024-09-24T13:02:00+02:00,173.04,173.04,173.04,173.04,2
2024-09-24T13:05:00+02:00,172.96,172.96,172.96,172.96,300
2024-09-24T13:06:00+02:00,173.2,173.22,173.2,173.22,388
2024-09-24T13:07:30+02:00,173.06,173.06,173.06,173.06,168
2024-09-24T13:08:00+02:00,172.94,172.94,172.94,172.94,115
2024-09-24T13:10:00+02:00,172.94,173.06,172.86,173.06,205
2024-09-24T13:12:00+02:00,172.96,172.96,172.96,172.96,20
2024-09-24T13:13:00+02:00,172.96,172.96,172.96,172.96,80
2024-09-24T13:13:30+02:00,172.96,172.96,172.96,172.96,22
2024-09-24T13:14:00+02:00,173,173,173,173,198
2024-09-24T13:17:00+02:00,173.02,173.02,173.02,173.02,20
2024-09-24T13:18:00+02:00,173.08,173.08,173.08,173.08,1390
2024-09-24T13:19:00+02:00,173.18,173.18,173.18,173.18,1000
2024-09-24T13:21:00+02:00,173.08,173.08,173.08,173.08,79
2024-09-24T13:31:30+02:00,173.24,173.24,173.24,173.24,13
2024-09-24T13:41:30+02:00,173.68,173.68,173.68,173.68,73
2024-09-24T13:43:30+02:00,173.92,173.92,173.92,173.92,107
2024-09-24T13:44:30+02:00,173.84,173.84,173.84,173.84,150
2024-09-24T13:51:00+02:00,173.68,173.68,173.68,173.68,461
2024-09-24T13:57:30+02:00,173.62,173.62,173.62,173.62,28
2024-09-24T14:01:30+02:00,173.86,173.86,173.72,173.72,208
2024-09-24T14:04:00+02:00,173.88,173.9,173.78,173.78,310
2024-09-24T14:04:30+02:00,173.92,173.92,173.78,173.78,269
2024-09-24T14:19:30+02:00,173.76,173.76,173.76,173.76,3
2024-09-24T14:31:00+02:00,173.54,173.54,173.54,173.54,20
2024-09-24T14:32:30+02:00,173.54,173.54,173.54,173.54,13
2024-09-24T14:33:00+02:00,173.52,173.52,173.52,173.52,1
2024-09-24T14:36:30+02:00,173.34,173.34,173.34,173.34,30
2024-09-24T14:42:00+02:00,173.26,173.26,173.26,173.26,110
2024-09-24T14:43:00+02:00,173.28,173.28,173.28,173.28,158
2024-09-24T14:45:30+02:00,173.36,173.36,173.36,173.36,2
2024-09-24T15:02:00+02:00,173.74,173.74,173.74,173.74,3
2024-09-24T15:04:00+02:00,173.72,173.72,173.72,173.72,1
2024-09-24T15:10:00+02:00,173.6,173.62,173.6,173.62,200
2024-09-24T15:13:30+02:00,173.56,173.56,173.56,173.56,20
2024-09-24T15:22:30+02:00,173.7,173.7,173.7,173.7,50
2024-09-24T15:23:00+02:00,173.74,173.74,173.74,173.74,53
2024-09-24T15:26:30+02:00,173.58,173.58,173.52,173.52,10
2024-09-24T15:28:00+02:00,173.98,174.36,173.98,174.36,967
2024-09-24T15:28:30+02:00,174.4,174.4,174.38,174.38,241
2024-09-24T15:29:00+02:00,174.42,174.42,174.32,174.32,459
2024-09-24T15:30:00+02:00,174.38,175,174.38,175,691
2024-09-24T15:30:30+02:00,175.12,175.18,175,175,885
2024-09-24T15:31:30+02:00,174.82,174.82,174.82,174.82,31
2024-09-24T15:32:00+02:00,174.52,174.52,174.46,174.46,459
2024-09-24T15:32:30+02:00,174.32,174.32,174.24,174.24,337
2024-09-24T15:33:00+02:00,173.76,173.76,173.76,173.76,24
2024-09-24T15:33:30+02:00,173.82,173.82,173.82,173.82,153
2024-09-24T15:34:00+02:00,173.64,173.64,173.64,173.64,1
2024-09-24T15:34:30+02:00,173.64,173.64,173.64,173.64,115
2024-09-24T15:36:00+02:00,173.46,173.46,173.46,173.46,300
2024-09-24T15:36:30+02:00,173.3,173.3,173.28,173.28,30
2024-09-24T15:37:30+02:00,173.3,173.3,173.3,173.3,1
2024-09-24T15:39:30+02:00,173.34,173.34,173.34,173.34,1
2024-09-24T15:42:00+02:00,172.92,172.92,172.86,172.86,3
2024-09-24T15:44:30+02:00,173.42,173.42,173.42,173.42,53
2024-09-24T15:48:00+02:00,173.48,173.48,173.24,173.24,61
2024-09-24T15:51:30+02:00,173.12,173.12,173.12,173.12,15
2024-09-24T15:54:00+02:00,172.96,172.96,172.96,172.96,122
2024-09-24T15:55:30+02:00,172.82,172.82,172.82,172.82,1
2024-09-24T15:56:30+02:00,172.9,172.9,172.86,172.86,6
2024-09-24T15:59:30+02:00,172.46,172.46,172.46,172.46,427
2024-09-24T16:00:00+02:00,172.28,172.28,172.22,172.22,139
2024-09-24T16:00:30+02:00,172.02,172.02,172,172,4
2024-09-24T16:01:00+02:00,171.92,171.92,171.86,171.86,1009
2024-09-24T16:03:00+02:00,171.7,171.7,171.7,171.7,56
2024-09-24T16:03:30+02:00,171.64,171.64,171.64,171.64,487
2024-09-24T16:04:30+02:00,171.62,171.62,171.62,171.62,56
2024-09-24T16:05:00+02:00,171.5,171.5,171.44,171.44,1268
2024-09-24T16:05:30+02:00,171.44,171.44,171.44,171.44,147
2024-09-24T16:07:00+02:00,171.18,171.28,171.18,171.28,169
2024-09-24T16:07:30+02:00,171.18,171.18,171.18,171.18,419
2024-09-24T16:08:00+02:00,171.22,171.22,171.22,171.22,154
2024-09-24T16:10:00+02:00,170.88,170.88,170.88,170.88,3
2024-09-24T16:10:30+02:00,170.96,170.96,170.96,170.96,75
2024-09-24T16:11:00+02:00,171.06,171.06,171.06,171.06,154
2024-09-24T16:11:30+02:00,171.3,171.3,171.22,171.22,616
2024-09-24T16:15:00+02:00,171.08,171.08,171.08,171.08,37
2024-09-24T16:16:00+02:00,171.02,171.02,171.02,171.02,10
2024-09-24T16:17:00+02:00,170.82,170.82,170.82,170.82,3
2024-09-24T16:17:30+02:00,170.76,170.76,170.76,170.76,120
2024-09-24T16:18:00+02:00,170.76,171.02,170.76,171.02,25
2024-09-24T16:18:30+02:00,171.02,171.02,171,171,6
2024-09-24T16:20:00+02:00,171.08,171.12,171.08,171.12,557
2024-09-24T16:20:30+02:00,171.12,171.12,171.1,171.1,144
2024-09-24T16:22:30+02:00,171,171,170.88,170.88,15
2024-09-24T16:23:00+02:00,170.84,170.84,170.78,170.78,155
2024-09-24T16:23:30+02:00,170.86,170.86,170.86,170.86,150
2024-09-24T16:24:30+02:00,171.1,171.1,171.1,171.1,5
2024-09-24T16:27:30+02:00,170.96,170.96,170.96,170.96,1
2024-09-24T16:28:00+02:00,170.9,170.9,170.74,170.74,65
2024-09-24T16:29:30+02:00,170.66,170.66,170.66,170.66,300
2024-09-24T16:31:30+02:00,170.86,170.86,170.86,170.86,6
2024-09-24T16:33:30+02:00,170.9,170.9,170.9,170.9,3
2024-09-24T16:35:30+02:00,171.1,171.1,171.1,171.1,4
2024-09-24T16:36:30+02:00,170.88,170.88,170.88,170.88,3
2024-09-24T16:37:30+02:00,171.04,171.04,171.04,171.04,3
2024-09-24T16:38:30+02:00,171,171,171,171,3
2024-09-24T16:39:00+02:00,170.98,170.98,170.98,170.98,3
2024-09-24T16:39:30+02:00,170.88,170.88,170.88,170.88,3
2024-09-24T16:41:00+02:00,170.72,170.72,170.7,170.7,64
2024-09-24T16:42:30+02:00,170.68,170.68,170.62,170.62,63
2024-09-24T16:43:00+02:00,170.9,170.9,170.9,170.9,3
2024-09-24T16:43:30+02:00,170.9,170.9,170.9,170.9,3
2024-09-24T16:45:00+02:00,171.02,171.02,171.02,171.02,3
2024-09-24T16:46:00+02:00,171.1,171.1,171.1,171.1,1
2024-09-24T16:49:30+02:00,171.62,171.62,171.62,171.62,5
2024-09-24T16:51:00+02:00,171.72,171.72,171.72,171.72,10
2024-09-24T16:54:00+02:00,171.94,171.94,171.94,171.94,200
2024-09-24T16:54:30+02:00,171.74,171.74,171.74,171.74,33
2024-09-24T16:55:00+02:00,171.78,171.78,171.78,171.78,16
2024-09-24T16:55:30+02:00,171.74,171.74,171.74,171.74,3
2024-09-24T16:56:30+02:00,171.7,171.7,171.7,171.7,6
2024-09-24T16:58:30+02:00,171.74,171.74,171.66,171.66,14
2024-09-24T17:00:00+02:00,171.76,171.76,171.76,171.76,18
2024-09-24T17:00:30+02:00,171.84,171.84,171.84,171.84,3
2024-09-24T17:02:30+02:00,171.84,171.84,171.84,171.84,3
2024-09-24T17:03:30+02:00,171.92,171.92,171.92,171.92,3
2024-09-24T17:04:00+02:00,172.06,172.06,172.04,172.04,185
2024-09-24T17:05:30+02:00,172.18,172.2,172.04,172.06,392
2024-09-24T17:08:00+02:00,172.14,172.16,172.12,172.16,270
2024-09-24T17:09:30+02:00,172.2,172.22,172.2,172.22,368
2024-09-24T17:11:30+02:00,172.26,172.26,172.12,172.12,264
2024-09-24T17:13:30+02:00,172.02,172.02,172.02,172.02,54
2024-09-24T17:14:00+02:00,172,172,172,172,10
2024-09-24T17:16:00+02:00,172.16,172.16,172.16,172.16,2
2024-09-24T17:16:30+02:00,172.34,172.34,172.34,172.34,158
2024-09-24T17:17:00+02:00,172.32,172.32,172.32,172.32,100
2024-09-24T17:18:00+02:00,172.32,172.32,172.32,172.32,1
2024-09-24T17:21:00+02:00,172.38,172.38,172.38,172.38,36
2024-09-24T17:22:00+02:00,172.34,172.38,172.34,172.38,84
2024-09-24T17:22:30+02:00,172.54,172.54,172.54,172.54,74
2024-09-24T17:23:30+02:00,172.48,172.48,172.46,172.46,106
2024-09-24T17:24:00+02:00,172.54,172.56,172.54,172.56,200
2024-09-24T17:24:30+02:00,172.56,172.56,172.56,172.56,4
2024-09-24T17:25:30+02:00,172.6,172.6,172.56,172.56,24
2024-09-24T17:26:00+02:00,172.6,172.62,172.58,172.6,247
2024-09-25T09:04:00+02:00,172.48,172.48,172.48,172.48,244
2024-09-25T09:07:00+02:00,172.3,172.3,172.3,172.3,12
2024-09-25T09:08:00+02:00,172.3,172.34,172.3,172.34,69
2024-09-25T09:08:30+02:00,172.48,172.48,172.48,172.48,6
2024-09-25T09:09:00+02:00,172.34,172.34,172.3,172.3,200
2024-09-25T09:09:30+02:00,172.3,172.3,172.3,172.3,174
2024-09-25T09:10:00+02:00,172.3,172.3,172.3,172.3,12
2024-09-25T09:11:00+02:00,172.1,172.1,172.1,172.1,300
2024-09-25T09:12:00+02:00,172.02,172.02,172.02,172.02,30
2024-09-25T09:12:30+02:00,172.1,172.1,172.1,172.1,100
2024-09-25T09:15:00+02:00,171.88,171.88,171.88,171.88,11
2024-09-25T09:21:30+02:00,171.92,171.92,171.92,171.92,30
2024-09-25T09:23:00+02:00,172.14,172.14,172.14,172.14,2
2024-09-25T09:47:00+02:00,172.3,172.3,172.3,172.3,200
2024-09-25T09:48:00+02:00,172.44,172.44,172.44,172.44,593
2024-09-25T09:49:30+02:00,172.44,172.44,172.44,172.44,25
2024-09-25T10:00:00+02:00,172.6,172.6,172.5,172.5,30
2024-09-25T10:02:00+02:00,172.38,172.38,172.38,172.38,362
2024-09-25T10:02:30+02:00,172.32,172.32,172.32,172.32,80
2024-09-25T10:03:30+02:00,172.38,172.38,172.38,172.38,2
2024-09-25T10:04:30+02:00,172.34,172.34,172.34,172.34,54
2024-09-25T10:05:30+02:00,172.3,172.3,172.3,172.3,307
2024-09-25T10:09:00+02:00,172.32,172.32,172.3,172.3,260
2024-09-25T10:12:00+02:00,172.4,172.4,172.4,172.4,200
2024-09-25T10:26:00+02:00,172.38,172.38,172.38,172.38,11
2024-09-25T10:30:30+02:00,172.5,172.5,172.5,172.5,200
2024-09-25T10:32:30+02:00,172.56,172.56,172.5,172.5,2857
2024-09-25T10:35:00+02:00,172.34,172.34,172.34,172.34,25
2024-09-25T10:38:30+02:00,172.52,172.52,172.52,172.52,17
2024-09-25T10:40:00+02:00,172.4,172.4,172.4,172.4,153
2024-09-25T10:47:00+02:00,172.48,172.48,172.48,172.48,360
2024-09-25T10:59:30+02:00,172.48,172.48,172.48,172.48,100
2024-09-25T11:19:30+02:00,172.7,172.7,172.7,172.7,200
2024-09-25T11:23:30+02:00,172.64,172.64,172.62,172.62,170
2024-09-25T11:31:30+02:00,172.66,172.66,172.66,172.66,80
2024-09-25T11:33:30+02:00,172.78,172.78,172.78,172.78,1
2024-09-25T11:36:30+02:00,172.64,172.64,172.64,172.64,60
2024-09-25T11:37:30+02:00,172.64,172.64,172.64,172.64,50
2024-09-25T11:39:00+02:00,172.62,172.62,172.62,172.62,14
2024-09-25T11:39:30+02:00,172.62,172.62,172.62,172.62,4
2024-09-25T11:43:30+02:00,172.7,172.7,172.7,172.7,10
2024-09-25T11:44:30+02:00,172.84,172.84,172.84,172.84,1001
2024-09-25T11:45:00+02:00,172.84,172.84,172.84,172.84,99
2024-09-25T11:50:00+02:00,172.68,172.68,172.68,172.68,400
2024-09-25T11:55:00+02:00,172.64,172.64,172.64,172.64,3
2024-09-25T12:01:00+02:00,172.6,172.6,172.6,172.6,10
2024-09-25T12:07:30+02:00,172.82,172.82,172.82,172.82,1
2024-09-25T12:08:30+02:00,172.84,172.84,172.84,172.84,10
2024-09-25T12:23:30+02:00,172.68,172.68,172.68,172.68,17
2024-09-25T12:26:30+02:00,172.66,172.66,172.64,172.64,50
2024-09-25T12:31:00+02:00,172.78,172.78,172.78,172.78,320
2024-09-25T12:38:00+02:00,172.8,172.8,172.8,172.8,17
2024-09-25T12:47:30+02:00,172.78,172.8,172.78,172.8,81
2024-09-25T12:52:30+02:00,172.68,172.68,172.68,172.68,120
2024-09-25T12:55:30+02:00,172.74,172.74,172.74,172.74,70
2024-09-25T12:59:30+02:00,172.84,172.84,172.84,172.84,4
2024-09-25T13:17:00+02:00,173,173,173,173,630
2024-09-25T13:18:00+02:00,172.94,173,172.94,173,193
2024-09-25T13:20:30+02:00,173,173,173,173,356
2024-09-25T13:21:30+02:00,173.02,173.08,173.02,173.08,362
2024-09-25T13:22:30+02:00,173.1,173.1,173.1,173.1,20
2024-09-25T13:26:30+02:00,173.12,173.12,173.1,173.1,162
2024-09-25T13:27:00+02:00,173.12,173.12,173.08,173.12,519
2024-09-25T13:27:30+02:00,173.12,173.12,173.12,173.12,843
2024-09-25T13:30:00+02:00,173.16,173.16,173.16,173.16,45
2024-09-25T13:31:00+02:00,173.16,173.16,173.16,173.16,59
2024-09-25T13:33:30+02:00,173.04,173.04,173.04,173.04,1
2024-09-25T13:37:00+02:00,173.14,173.14,173.14,173.14,8
2024-09-25T13:39:00+02:00,173.02,173.02,173.02,173.02,1
2024-09-25T13:40:30+02:00,173.02,173.02,173.02,173.02,1
2024-09-25T13:51:00+02:00,172.9,172.9,172.88,172.88,50
2024-09-25T13:58:00+02:00,172.92,172.92,172.92,172.92,103
2024-09-25T14:01:30+02:00,172.96,172.96,172.96,172.96,5
2024-09-25T14:04:30+02:00,172.98,173.02,172.98,173.02,3
2024-09-25T14:17:00+02:00,173.14,173.14,173.08,173.08,241
2024-09-25T14:21:00+02:00,173.28,173.28,173.28,173.28,220
2024-09-25T14:33:30+02:00,173.18,173.18,173.18,173.18,1
2024-09-25T14:39:00+02:00,173.42,173.42,173.42,173.42,360
2024-09-25T14:53:00+02:00,173.32,173.32,173.32,173.32,90
2024-09-25T14:54:30+02:00,173.32,173.32,173.32,173.32,50
2024-09-25T15:03:30+02:00,173.12,173.12,173.12,173.12,1
2024-09-25T15:06:00+02:00,173.04,173.04,173.04,173.04,27
2024-09-25T15:08:00+02:00,173,173.06,173,173.06,87
2024-09-25T15:10:30+02:00,173.04,173.16,173.04,173.16,12
2024-09-25T15:12:30+02:00,173.14,173.14,173.14,173.14,507
2024-09-25T15:20:30+02:00,172.9,172.9,172.9,172.9,50
2024-09-25T15:25:00+02:00,172.74,172.74,172.7,172.74,444
2024-09-25T15:25:30+02:00,172.68,172.68,172.66,172.66,245
2024-09-25T15:27:30+02:00,173,173,173,173,17
2024-09-25T15:28:30+02:00,172.96,172.96,172.96,172.96,100
2024-09-25T15:30:00+02:00,172.6,172.6,172.6,172.6,300
2024-09-25T15:30:30+02:00,172.32,172.34,172.32,172.34,128
2024-09-25T15:31:00+02:00,172.46,172.46,172.46,172.46,39
2024-09-25T15:31:30+02:00,172.44,172.44,172.44,172.44,230
2024-09-25T15:32:00+02:00,172.8,172.82,172.8,172.82,680
2024-09-25T15:33:00+02:00,172.76,172.76,172.58,172.58,201
2024-09-25T15:35:30+02:00,173,173,173,173,3
2024-09-25T15:37:00+02:00,172.7,172.7,172.68,172.68,40
2024-09-25T15:37:30+02:00,172.66,172.66,172.66,172.66,3
2024-09-25T15:38:30+02:00,172.62,172.62,172.54,172.54,152
2024-09-25T15:40:00+02:00,172.48,172.48,172.48,172.48,3
2024-09-25T15:41:00+02:00,172.52,172.52,172.52,172.52,6
2024-09-25T15:41:30+02:00,172.36,172.36,172.36,172.36,40
2024-09-25T15:43:00+02:00,172.22,172.22,172.22,172.22,1
2024-09-25T15:44:30+02:00,172.24,172.24,172.24,172.24,3
2024-09-25T15:46:30+02:00,172.32,172.32,172.32,172.32,52
2024-09-25T15:47:30+02:00,172.42,172.42,172.42,172.42,114
2024-09-25T15:49:30+02:00,172.28,172.28,172.28,172.28,459
2024-09-25T15:50:30+02:00,172.12,172.12,172.06,172.06,362
2024-09-25T15:52:00+02:00,172.02,172.02,172.02,172.02,1
2024-09-25T15:53:30+02:00,171.96,171.96,171.96,171.96,3
2024-09-25T15:54:30+02:00,172.02,172.02,172,172,6
2024-09-25T15:55:30+02:00,172.02,172.02,171.96,171.96,186
2024-09-25T15:56:30+02:00,172.12,172.16,172.12,172.16,193
2024-09-25T15:57:00+02:00,172.28,172.28,172.22,172.22,156
2024-09-25T15:58:00+02:00,172.3,172.3,172.3,172.3,69
2024-09-25T15:58:30+02:00,172.22,172.22,172.22,172.22,6
2024-09-25T16:01:00+02:00,172.52,172.52,172.52,172.52,300
2024-09-25T16:02:00+02:00,172.48,172.48,172.48,172.48,55
2024-09-25T16:02:30+02:00,172.52,172.52,172.52,172.52,121
2024-09-25T16:03:30+02:00,172.36,172.36,172.36,172.36,55
2024-09-25T16:04:00+02:00,172.22,172.34,172.22,172.34,257
2024-09-25T16:04:30+02:00,172.38,172.38,172.38,172.38,3
2024-09-25T16:05:30+02:00,172.46,172.46,172.46,172.46,4
2024-09-25T16:06:30+02:00,172.4,172.42,172.4,172.42,9
2024-09-25T16:07:30+02:00,172.44,172.44,172.44,172.44,3
2024-09-25T16:09:00+02:00,172.42,172.42,172.42,172.42,3
2024-09-25T16:09:30+02:00,172.38,172.38,172.38,172.38,5
2024-09-25T16:12:30+02:00,172.48,172.48,172.48,172.48,416
2024-09-25T16:13:30+02:00,172.82,172.82,172.82,172.82,1
2024-09-25T16:14:00+02:00,172.82,172.82,172.82,172.82,152
2024-09-25T16:19:30+02:00,173.06,173.06,173.06,173.06,128
2024-09-25T16:26:00+02:00,172.76,172.76,172.76,172.76,22
2024-09-25T16:27:30+02:00,172.76,172.76,172.76,172.76,100
2024-09-25T16:28:30+02:00,172.8,172.8,172.8,172.8,6
2024-09-25T16:32:30+02:00,172.78,172.78,172.78,172.78,1
2024-09-25T16:38:00+02:00,172.84,172.84,172.84,172.84,50
2024-09-25T16:38:30+02:00,172.86,172.86,172.86,172.86,5
2024-09-25T16:41:00+02:00,172.8,172.8,172.8,172.8,3
2024-09-25T16:42:00+02:00,172.84,172.84,172.84,172.84,3
2024-09-25T16:42:30+02:00,172.78,172.78,172.78,172.78,3
2024-09-25T16:43:30+02:00,172.74,172.74,172.74,172.74,3
2024-09-25T16:45:30+02:00,172.78,172.78,172.78,172.78,3
2024-09-25T16:47:00+02:00,172.86,172.86,172.8,172.8,9
2024-09-25T16:47:30+02:00,172.86,172.86,172.86,172.86,100
2024-09-25T16:48:00+02:00,172.78,172.78,172.74,172.74,8
2024-09-25T16:49:00+02:00,172.76,172.76,172.76,172.76,3
2024-09-25T16:52:00+02:00,173.04,173.06,173.04,173.06,217
2024-09-25T16:53:00+02:00,173.04,173.04,173.04,173.04,164
2024-09-25T16:53:30+02:00,173.06,173.06,173.06,173.06,2
2024-09-25T16:54:00+02:00,173.06,173.06,173.06,173.06,2
2024-09-25T16:55:00+02:00,173.1,173.16,173.08,173.16,53
2024-09-25T17:00:00+02:00,173.04,173.04,173.02,173.02,164
2024-09-25T17:01:00+02:00,173.02,173.02,173.02,173.02,2
2024-09-25T17:06:30+02:00,172.92,172.92,172.92,172.92,79
2024-09-25T17:07:30+02:00,172.96,172.96,172.96,172.96,547
2024-09-25T17:08:00+02:00,172.96,172.96,172.96,172.96,56
2024-09-25T17:10:30+02:00,173.02,173.02,173.02,173.02,7
2024-09-25T17:11:00+02:00,172.9,172.9,172.9,172.9,151
2024-09-25T17:13:30+02:00,172.82,172.82,172.82,172.82,1
2024-09-25T17:17:00+02:00,172.8,172.8,172.8,172.8,3
2024-09-25T17:17:30+02:00,172.88,172.88,172.88,172.88,149
2024-09-25T17:23:00+02:00,172.94,172.96,172.94,172.96,15
2024-09-25T17:26:00+02:00,172.92,172.92,172.92,172.92,5
2024-09-25T17:26:30+02:00,172.98,172.98,172.98,172.98,2
2024-09-25T17:28:30+02:00,172.84,172.84,172.84,172.84,1
2024-09-26T09:04:00+02:00,173.74,173.74,173.74,173.74,256
2024-09-26T09:04:30+02:00,173.84,173.84,173.84,173.84,9
2024-09-26T09:05:30+02:00,173.92,173.92,173.9,173.9,127
2024-09-26T09:12:00+02:00,174.02,174.02,174.02,174.02,2
2024-09-26T09:12:30+02:00,173.76,173.76,173.76,173.76,23
2024-09-26T09:18:00+02:00,174.1,174.1,174.1,174.1,46
2024-09-26T09:24:30+02:00,174.18,174.2,174.18,174.2,180
2024-09-26T09:25:00+02:00,174.14,174.14,174.14,174.14,75
2024-09-26T09:26:00+02:00,174.18,174.18,174.18,174.18,365
2024-09-26T09:27:00+02:00,174.36,174.36,174.34,174.34,59
2024-09-26T09:27:30+02:00,174.34,174.34,174.34,174.34,50
2024-09-26T09:29:30+02:00,174.36,174.36,174.36,174.36,20
2024-09-26T09:30:00+02:00,174.22,174.22,174.2,174.2,113
2024-09-26T09:33:30+02:00,174.36,174.36,174.36,174.36,52
2024-09-26T09:40:30+02:00,174.5,174.52,174.3,174.52,153
2024-09-26T09:44:00+02:00,174.36,174.36,174.36,174.36,40
2024-09-26T09:45:30+02:00,174.58,174.58,174.58,174.58,10
2024-09-26T09:47:00+02:00,174.32,174.32,174.32,174.32,44
2024-09-26T09:51:00+02:00,174.36,174.36,174.36,174.36,60
2024-09-26T09:53:00+02:00,174.58,174.66,174.58,174.66,285
2024-09-26T09:54:30+02:00,174.4,174.4,174.4,174.4,20
2024-09-26T09:55:30+02:00,174.5,174.52,174.5,174.52,75
2024-09-26T09:56:00+02:00,174.48,174.52,174.48,174.5,539
2024-09-26T09:57:00+02:00,174.66,174.66,174.66,174.66,2
2024-09-26T09:57:30+02:00,174.76,174.76,174.74,174.74,90
2024-09-26T09:59:30+02:00,174.8,174.98,174.78,174.78,30
2024-09-26T10:00:00+02:00,174.68,174.68,174.58,174.58,478
2024-09-26T10:01:30+02:00,174.66,174.66,174.6,174.6,3000
2024-09-26T10:07:00+02:00,174.56,174.56,174.5,174.5,3000
2024-09-26T10:16:30+02:00,174.64,174.64,174.64,174.64,17
2024-09-26T10:22:30+02:00,174.52,174.52,174.52,174.52,120
2024-09-26T10:24:30+02:00,174.52,174.52,174.52,174.52,3
2024-09-26T10:26:30+02:00,174.46,174.46,174.38,174.38,200
2024-09-26T10:29:00+02:00,174.38,174.38,174.3,174.3,50
2024-09-26T10:35:00+02:00,174.34,174.34,174.34,174.34,10
2024-09-26T10:43:00+02:00,174.24,174.24,174.22,174.22,1000
2024-09-26T10:45:00+02:00,174.32,174.32,174.32,174.32,50
2024-09-26T10:58:30+02:00,174.36,174.36,174.36,174.36,15
2024-09-26T10:59:30+02:00,174.32,174.32,174.32,174.32,300
2024-09-26T11:01:00+02:00,174.3,174.3,174.3,174.3,44
2024-09-26T11:06:30+02:00,174.2,174.2,174.2,174.2,10
2024-09-26T11:09:00+02:00,174.2,174.2,174.2,174.2,16
2024-09-26T11:12:30+02:00,174.3,174.3,174.3,174.3,4
2024-09-26T11:24:30+02:00,174.2,174.2,174.2,174.2,384
2024-09-26T11:28:00+02:00,174.22,174.22,174.22,174.22,500
2024-09-26T11:30:00+02:00,174.26,174.26,174.26,174.26,12
2024-09-26T11:36:00+02:00,174.16,174.16,174.14,174.14,300
2024-09-26T11:39:30+02:00,174.3,174.3,174.3,174.3,5
2024-09-26T11:41:00+02:00,174.2,174.2,174.2,174.2,5
2024-09-26T11:48:00+02:00,174.24,174.28,174.24,174.28,76
2024-09-26T11:49:00+02:00,174.18,174.18,174.18,174.18,1
2024-09-26T11:57:30+02:00,174.36,174.36,174.36,174.36,57
2024-09-26T12:01:00+02:00,174.26,174.26,174.26,174.26,300
2024-09-26T12:02:30+02:00,174.3,174.3,174.3,174.3,153
2024-09-26T12:08:00+02:00,174.24,174.24,174.24,174.24,100
2024-09-26T12:09:00+02:00,174.24,174.24,174.24,174.24,3
2024-09-26T12:11:30+02:00,174.32,174.32,174.32,174.32,210
2024-09-26T12:12:30+02:00,174.28,174.28,174.28,174.28,4
2024-09-26T12:13:00+02:00,174.26,174.26,174.26,174.26,257
2024-09-26T12:14:00+02:00,174.28,174.28,174.28,174.28,5
2024-09-26T12:14:30+02:00,174.28,174.28,174.28,174.28,29
2024-09-26T12:15:00+02:00,174.26,174.26,174.26,174.26,3
2024-09-26T12:19:00+02:00,174.3,174.3,174.3,174.3,6
2024-09-26T12:22:30+02:00,174.24,174.24,174.24,174.24,1
2024-09-26T12:28:00+02:00,174.52,174.52,174.52,174.52,103
2024-09-26T12:30:30+02:00,174.54,174.56,174.54,174.56,121
2024-09-26T12:32:00+02:00,174.46,174.46,174.46,174.46,65
2024-09-26T12:32:30+02:00,174.46,174.46,174.46,174.46,20
2024-09-26T12:36:30+02:00,174.46,174.46,174.46,174.46,8
2024-09-26T12:50:30+02:00,174.58,174.58,174.58,174.58,10
2024-09-26T12:53:30+02:00,174.6,174.6,174.6,174.6,13
2024-09-26T12:54:00+02:00,174.6,174.6,174.6,174.6,145
2024-09-26T12:55:00+02:00,174.6,174.6,174.6,174.6,325
2024-09-26T12:57:30+02:00,174.6,174.6,174.6,174.6,363
2024-09-26T12:58:00+02:00,174.56,174.56,174.52,174.52,204
2024-09-26T13:01:00+02:00,174.36,174.36,174.36,174.36,119
2024-09-26T13:13:00+02:00,174.46,174.46,174.46,174.46,57
2024-09-26T13:17:00+02:00,174.44,174.44,174.44,174.44,15
2024-09-26T13:22:00+02:00,174.52,174.52,174.52,174.52,1
2024-09-26T13:27:30+02:00,174.56,174.56,174.56,174.56,200
2024-09-26T13:33:00+02:00,174.62,174.62,174.62,174.62,63
2024-09-26T13:34:00+02:00,174.6,174.6,174.6,174.6,23
2024-09-26T13:36:30+02:00,174.66,174.66,174.66,174.66,2
2024-09-26T13:37:30+02:00,174.5,174.5,174.5,174.5,29
2024-09-26T13:44:30+02:00,174.42,174.42,174.42,174.42,11
2024-09-26T13:55:30+02:00,174.56,174.56,174.56,174.56,400
2024-09-26T13:56:00+02:00,174.56,174.56,174.56,174.56,20
2024-09-26T13:58:30+02:00,174.52,174.52,174.52,174.52,1
2024-09-26T14:02:30+02:00,174.2,174.2,174.2,174.2,1
2024-09-26T14:05:30+02:00,174.14,174.14,174.14,174.14,1
2024-09-26T14:06:30+02:00,174.14,174.14,174.12,174.12,31
2024-09-26T14:08:00+02:00,174.26,174.26,174.26,174.26,13
2024-09-26T14:08:30+02:00,174.26,174.26,174.24,174.24,518
2024-09-26T14:09:00+02:00,174.2,174.2,174.18,174.18,348
2024-09-26T14:11:30+02:00,174.26,174.26,174.26,174.26,372
2024-09-26T14:13:30+02:00,174.22,174.22,174.22,174.22,28
2024-09-26T14:14:30+02:00,174.26,174.26,174.26,174.26,128
2024-09-26T14:15:00+02:00,174.34,174.34,174.34,174.34,13
2024-09-26T14:16:30+02:00,174.2,174.2,174.2,174.2,50
2024-09-26T14:17:00+02:00,174.36,174.36,174.36,174.36,5
2024-09-26T14:18:30+02:00,174.3,174.3,174.3,174.3,7
2024-09-26T14:19:30+02:00,174.3,174.3,174.26,174.26,108
2024-09-26T14:26:00+02:00,174.2,174.2,174.2,174.2,19
2024-09-26T14:39:00+02:00,174.5,174.5,174.5,174.5,455
2024-09-26T14:39:30+02:00,174.62,174.62,174.62,174.62,12
2024-09-26T14:41:00+02:00,174.54,174.64,174.54,174.64,262
2024-09-26T14:41:30+02:00,174.54,174.54,174.52,174.52,500
2024-09-26T14:46:30+02:00,174.42,174.42,174.42,174.42,20
2024-09-26T14:50:00+02:00,174.42,174.42,174.42,174.42,40
2024-09-26T14:51:30+02:00,174.4,174.4,174.4,174.4,601
2024-09-26T14:54:00+02:00,174.58,174.58,174.52,174.52,156
2024-09-26T14:59:00+02:00,174.52,174.52,174.52,174.52,57
2024-09-26T15:11:00+02:00,174.8,174.8,174.8,174.8,83
2024-09-26T15:13:00+02:00,174.82,174.82,174.82,174.82,4
2024-09-26T15:16:30+02:00,174.56,174.56,174.56,174.56,39
2024-09-26T15:18:30+02:00,174.74,174.74,174.74,174.74,5
2024-09-26T15:20:30+02:00,174.84,174.84,174.84,174.84,30
2024-09-26T15:22:00+02:00,174.76,174.76,174.76,174.76,1
2024-09-26T15:26:00+02:00,174.52,174.52,174.52,174.52,21
2024-09-26T15:28:30+02:00,174.52,174.52,174.36,174.36,276
2024-09-26T15:30:00+02:00,174.16,174.16,173.92,173.92,165
2024-09-26T15:30:30+02:00,173.7,173.92,173.62,173.66,2429
2024-09-26T15:31:30+02:00,173.42,173.48,173.42,173.48,88
2024-09-26T15:32:30+02:00,173.16,173.16,173.16,173.16,83
2024-09-26T15:33:00+02:00,173.02,173.02,172.96,172.96,2200
2024-09-26T15:34:00+02:00,173.28,173.28,173.22,173.22,152
2024-09-26T15:34:30+02:00,173.16,173.16,173.16,173.16,42
2024-09-26T15:35:00+02:00,173.12,173.12,173.12,173.12,3
2024-09-26T15:35:30+02:00,173.3,173.32,173.18,173.18,238
2024-09-26T15:39:00+02:00,173.12,173.12,173.12,173.12,90
2024-09-26T15:39:30+02:00,172.9,172.9,172.9,172.9,1
2024-09-26T15:41:30+02:00,172.88,172.88,172.86,172.86,226
2024-09-26T15:42:00+02:00,172.84,172.84,172.84,172.84,83
2024-09-26T15:43:30+02:00,172.86,172.86,172.86,172.86,83
2024-09-26T15:45:00+02:00,173.04,173.04,173.04,173.04,14
2024-09-26T15:48:00+02:00,172.96,172.96,172.96,172.96,212
2024-09-26T15:50:30+02:00,172.72,172.72,172.72,172.72,171
2024-09-26T15:51:00+02:00,172.7,172.7,172.7,172.7,3
2024-09-26T15:52:00+02:00,172.94,172.94,172.94,172.94,1
2024-09-26T15:53:00+02:00,173.08,173.08,173.08,173.08,57
2024-09-26T15:55:00+02:00,172.52,172.52,172.4,172.4,57
2024-09-26T15:55:30+02:00,172.32,172.32,172.22,172.22,225
2024-09-26T15:56:00+02:00,172.54,172.54,172.54,172.54,83
2024-09-26T15:57:00+02:00,172.46,172.46,172.46,172.46,83
2024-09-26T15:58:30+02:00,172.5,172.5,172.5,172.5,159
2024-09-26T16:01:00+02:00,172.38,172.38,172.38,172.38,223
2024-09-26T16:04:00+02:00,172.38,172.38,172.38,172.38,10
2024-09-26T16:05:00+02:00,172.38,172.38,172.38,172.38,284
2024-09-26T16:06:30+02:00,172.74,172.76,172.74,172.76,127
2024-09-26T16:09:00+02:00,172.66,172.66,172.66,172.66,75
2024-09-26T16:13:00+02:00,172.42,172.42,172.34,172.34,13
2024-09-26T16:13:30+02:00,172.28,172.28,172.28,172.28,1
2024-09-26T16:14:00+02:00,172.16,172.16,172,172,46
2024-09-26T16:15:00+02:00,172.2,172.2,172.2,172.2,5
2024-09-26T16:18:00+02:00,172.1,172.2,172.1,172.2,274
2024-09-26T16:20:00+02:00,171.82,171.82,171.82,171.82,5
2024-09-26T16:22:00+02:00,171.92,171.92,171.92,171.92,52
2024-09-26T16:26:00+02:00,171.76,171.76,171.76,171.76,15
2024-09-26T16:26:30+02:00,171.68,171.68,171.68,171.68,100
2024-09-26T16:28:30+02:00,171.42,171.42,171.42,171.42,5
2024-09-26T16:29:30+02:00,171.26,171.26,171.26,171.26,32
2024-09-26T16:30:30+02:00,171.22,171.22,171.22,171.22,42
2024-09-26T16:32:00+02:00,171.04,171.04,170.94,170.98,529
2024-09-26T16:33:00+02:00,170.72,170.72,170.66,170.66,85
2024-09-26T16:35:30+02:00,170.6,170.6,170.6,170.6,750
2024-09-26T16:37:00+02:00,170.5,170.5,170.5,170.5,350
2024-09-26T16:38:00+02:00,170.68,170.68,170.68,170.68,27
2024-09-26T16:38:30+02:00,170.78,170.78,170.74,170.74,451
2024-09-26T16:39:00+02:00,170.64,170.64,170.64,170.64,17
2024-09-26T16:39:30+02:00,170.6,170.6,170.6,170.6,7
2024-09-26T16:41:00+02:00,170.66,170.66,170.66,170.66,6
2024-09-26T16:41:30+02:00,170.52,170.52,170.5,170.5,750
2024-09-26T16:43:00+02:00,170.64,170.64,170.64,170.64,140
2024-09-26T16:43:30+02:00,170.68,170.68,170.68,170.68,50
2024-09-26T16:45:00+02:00,170.62,170.62,170.62,170.62,68
2024-09-26T16:45:30+02:00,170.56,170.56,170.56,170.56,35
2024-09-26T16:47:00+02:00,170.56,170.56,170.56,170.56,137
2024-09-26T16:48:00+02:00,170.46,170.46,170.46,170.46,13
2024-09-26T16:50:30+02:00,170.4,170.4,170.4,170.4,1
2024-09-26T16:51:00+02:00,170.3,170.3,170.3,170.3,30
2024-09-26T16:52:00+02:00,170.16,170.16,170.16,170.16,83
2024-09-26T16:53:30+02:00,170.26,170.26,170.26,170.26,2
2024-09-26T16:54:00+02:00,170.32,170.32,170.32,170.32,83
2024-09-26T16:54:30+02:00,170.38,170.38,170.38,170.38,12
2024-09-26T16:55:00+02:00,170.34,170.36,170.34,170.36,555
2024-09-26T16:56:00+02:00,170.38,170.38,170.36,170.36,123
2024-09-26T16:57:00+02:00,170.42,170.42,170.42,170.42,83
2024-09-26T16:57:30+02:00,170.4,170.4,170.36,170.36,204
2024-09-26T17:00:00+02:00,170,170,169.84,169.92,232
2024-09-26T17:01:00+02:00,169.84,169.92,169.84,169.92,416
2024-09-26T17:02:00+02:00,169.94,169.94,169.94,169.94,30
2024-09-26T17:02:30+02:00,170.04,170.04,170.04,170.04,61
2024-09-26T17:03:00+02:00,170.04,170.06,170.04,170.06,185
2024-09-26T17:03:30+02:00,170.04,170.04,169.96,169.96,296
2024-09-26T17:04:00+02:00,169.96,169.96,169.96,169.96,300
2024-09-26T17:05:00+02:00,170.04,170.04,170.04,170.04,100
2024-09-26T17:05:30+02:00,170.34,170.34,170.34,170.34,91
2024-09-26T17:06:30+02:00,170.24,170.24,170.24,170.24,157
2024-09-26T17:08:00+02:00,170.4,170.4,170.4,170.4,25
2024-09-26T17:09:00+02:00,170.54,170.54,170.54,170.54,125
2024-09-26T17:09:30+02:00,170.52,170.52,170.52,170.52,98
2024-09-26T17:10:30+02:00,170.5,170.5,170.5,170.5,122
2024-09-26T17:11:30+02:00,170.58,170.58,170.5,170.5,166
2024-09-26T17:12:00+02:00,170.46,170.46,170.46,170.46,56
2024-09-26T17:13:00+02:00,170.46,170.46,170.46,170.46,135
2024-09-26T17:13:30+02:00,170.44,170.44,170.44,170.44,8
2024-09-26T17:14:00+02:00,170.5,170.5,170.5,170.5,83
2024-09-26T17:14:30+02:00,170.46,170.46,170.46,170.46,83
2024-09-26T17:15:30+02:00,170.48,170.48,170.42,170.42,339
2024-09-26T17:16:30+02:00,170.42,170.42,170.42,170.42,50
2024-09-26T17:17:00+02:00,170.44,170.44,170.44,170.44,850
2024-09-26T17:18:00+02:00,170.36,170.36,170.36,170.36,50
2024-09-26T17:19:00+02:00,170.42,170.42,170.42,170.42,133
2024-09-26T17:19:30+02:00,170.32,170.32,170.32,170.32,389
2024-09-26T17:22:30+02:00,170.46,170.46,170.46,170.46,121
2024-09-26T17:24:00+02:00,170.44,170.44,170.42,170.42,63
2024-09-26T17:25:00+02:00,170.36,170.36,170.32,170.32,117
2024-09-26T17:26:00+02:00,170.4,170.4,170.4,170.4,83
2024-09-26T17:26:30+02:00,170.3,170.3,170.3,170.3,32
2024-09-26T17:27:30+02:00,170.42,170.44,170.42,170.44,232
2024-09-26T17:28:30+02:00,170.4,170.4,170.4,170.4,19
2024-09-26T17:29:00+02:00,170.68,170.68,170.62,170.62,85
2024-09-26T17:29:30+02:00,170.76,170.76,170.7,170.7,1505
2024-09-27T09:04:00+02:00,171.06,171.06,171.06,171.06,504
2024-09-27T09:04:30+02:00,171.38,171.38,171.38,171.38,84
2024-09-27T09:06:00+02:00,171.44,171.44,171.44,171.44,87
2024-09-27T09:08:00+02:00,171.34,171.34,171.34,171.34,26
2024-09-27T09:08:30+02:00,171.38,171.42,171.38,171.42,232
2024-09-27T09:21:00+02:00,171.42,171.42,171.32,171.32,141
2024-09-27T09:22:30+02:00,171.36,171.36,171.36,171.36,84
2024-09-27T09:39:30+02:00,171.46,171.46,171.46,171.46,99
2024-09-27T09:40:00+02:00,171.34,171.34,171.34,171.34,27
2024-09-27T09:44:00+02:00,171.5,171.5,171.5,171.5,20
2024-09-27T09:45:30+02:00,171.38,171.38,171.38,171.38,7
2024-09-27T09:47:00+02:00,171.24,171.24,171.22,171.22,460
2024-09-27T09:53:30+02:00,171.26,171.26,171.26,171.26,200
2024-09-27T09:57:30+02:00,171.4,171.64,171.4,171.64,139
2024-09-27T10:00:00+02:00,171.46,171.46,171.1,171.1,152
2024-09-27T10:01:00+02:00,171.32,171.34,171.32,171.34,200
2024-09-27T10:07:00+02:00,171.14,171.14,171.14,171.14,5
2024-09-27T10:07:30+02:00,171.34,171.34,171.34,171.34,2
2024-09-27T10:11:30+02:00,171.18,171.18,171.18,171.18,40
2024-09-27T10:12:00+02:00,171.34,171.34,171.34,171.34,50
2024-09-27T10:13:00+02:00,171.12,171.12,171.12,171.12,2
2024-09-27T10:17:00+02:00,171.16,171.16,171.16,171.16,139
2024-09-27T10:23:00+02:00,171.3,171.3,171.3,171.3,1
2024-09-27T10:24:30+02:00,171.3,171.3,171.3,171.3,40
2024-09-27T10:25:00+02:00,171.28,171.28,171.26,171.26,20
2024-09-27T10:30:00+02:00,171.52,171.52,171.52,171.52,2
2024-09-27T10:33:30+02:00,171.46,171.46,171.44,171.44,20
2024-09-27T10:39:30+02:00,171.66,171.66,171.66,171.66,15
2024-09-27T10:41:00+02:00,171.42,171.42,171.3,171.3,150
2024-09-27T10:41:30+02:00,171.24,171.24,171.24,171.24,12
2024-09-27T10:48:30+02:00,171.38,171.4,171.38,171.4,1097
2024-09-27T10:49:00+02:00,171.4,171.4,171.4,171.4,929
2024-09-27T10:51:00+02:00,171.48,171.48,171.48,171.48,32
2024-09-27T10:51:30+02:00,171.46,171.46,171.46,171.46,2
2024-09-27T10:52:00+02:00,171.4,171.4,171.4,171.4,300
2024-09-27T10:52:30+02:00,171.4,171.4,171.4,171.4,680
2024-09-27T10:53:00+02:00,171.4,171.4,171.4,171.4,200
2024-09-27T10:59:30+02:00,171.28,171.28,171.24,171.24,35
2024-09-27T11:05:30+02:00,171.44,171.44,171.44,171.44,10
2024-09-27T11:12:30+02:00,171.62,171.62,171.62,171.62,123
2024-09-27T11:16:00+02:00,171.58,171.58,171.58,171.58,20
2024-09-27T11:17:00+02:00,171.6,171.6,171.6,171.6,3
2024-09-27T11:19:00+02:00,171.56,171.56,171.56,171.56,10
2024-09-27T11:31:30+02:00,171.2,171.2,171.2,171.2,23
2024-09-27T11:44:00+02:00,171.3,171.3,171.3,171.3,21
2024-09-27T11:46:00+02:00,171.1,171.1,171.1,171.1,20
2024-09-27T11:51:30+02:00,171.28,171.28,171.28,171.28,5
2024-09-27T11:53:00+02:00,171.22,171.22,171.22,171.22,58
2024-09-27T11:57:00+02:00,171.12,171.12,171.12,171.12,8
2024-09-27T11:59:30+02:00,171.24,171.24,171.24,171.24,50
2024-09-27T12:00:30+02:00,171.26,171.26,171.26,171.26,6
2024-09-27T12:06:00+02:00,171.22,171.22,171.22,171.22,89
2024-09-27T12:10:30+02:00,171.44,171.44,171.44,171.44,50
2024-09-27T12:15:00+02:00,171.4,171.4,171.4,171.4,77
2024-09-27T12:25:30+02:00,171.3,171.3,171.3,171.3,4
2024-09-27T12:31:30+02:00,171.1,171.1,171.04,171.04,50
2024-09-27T12:34:30+02:00,171,171.1,171,171.1,205
2024-09-27T12:35:00+02:00,171.12,171.12,171.12,171.12,6
2024-09-27T12:48:30+02:00,171,171,171,171,60
2024-09-27T12:55:00+02:00,171.16,171.16,171.16,171.16,5
2024-09-27T12:58:00+02:00,171.1,171.1,171.1,171.1,60
2024-09-27T13:02:30+02:00,171.02,171.02,171.02,171.02,100
2024-09-27T13:03:00+02:00,171.08,171.1,171.08,171.1,90
2024-09-27T13:06:00+02:00,171.12,171.14,171.12,171.14,120
2024-09-27T13:17:00+02:00,171,171,171,171,21
2024-09-27T13:19:30+02:00,171.02,171.02,171.02,171.02,3
2024-09-27T13:40:30+02:00,171.28,171.28,171.28,171.28,50
2024-09-27T13:46:00+02:00,171.12,171.12,171.12,171.12,3
2024-09-27T13:49:00+02:00,171.24,171.24,171.24,171.24,50
2024-09-27T13:56:30+02:00,171.34,171.34,171.34,171.34,4
2024-09-27T14:05:00+02:00,171.48,171.48,171.48,171.48,3
2024-09-27T14:06:00+02:00,171.5,171.5,171.44,171.44,141
2024-09-27T14:17:30+02:00,171.56,171.56,171.56,171.56,10
2024-09-27T14:20:00+02:00,171.42,171.42,171.42,171.42,10
2024-09-27T14:30:00+02:00,171.38,171.38,171.38,171.38,1
2024-09-27T14:30:30+02:00,171.38,171.38,171.38,171.38,300
2024-09-27T14:31:00+02:00,171.26,171.26,171.26,171.26,59
2024-09-27T14:33:00+02:00,171.36,171.36,171.18,171.18,90
2024-09-27T14:33:30+02:00,171.18,171.18,171.06,171.06,356
2024-09-27T14:34:00+02:00,171.02,171.02,170.98,170.98,40
2024-09-27T14:39:00+02:00,171.18,171.18,171.14,171.14,35
2024-09-27T14:40:00+02:00,171.14,171.14,171.14,171.14,3
2024-09-27T14:44:00+02:00,170.94,170.94,170.94,170.94,156
2024-09-27T14:51:00+02:00,171.04,171.04,170.94,170.94,167
2024-09-27T14:51:30+02:00,170.94,170.94,170.9,170.9,134
2024-09-27T14:54:00+02:00,170.76,170.76,170.74,170.74,4
2024-09-27T14:54:30+02:00,170.74,170.74,170.74,170.74,5
2024-09-27T15:03:00+02:00,170.56,170.56,170.56,170.56,3
2024-09-27T15:06:00+02:00,170.72,170.72,170.72,170.72,18
2024-09-27T15:11:00+02:00,170.76,170.76,170.76,170.76,1
2024-09-27T15:14:30+02:00,170.78,170.78,170.78,170.78,122
2024-09-27T15:15:00+02:00,170.78,170.8,170.68,170.8,760
2024-09-27T15:19:00+02:00,170.64,170.64,170.62,170.62,178
2024-09-27T15:19:30+02:00,170.76,170.76,170.76,170.76,1
2024-09-27T15:20:30+02:00,170.82,170.82,170.82,170.82,1
2024-09-27T15:22:00+02:00,170.82,170.82,170.82,170.82,20
2024-09-27T15:23:00+02:00,170.84,170.84,170.84,170.84,48
2024-09-27T15:23:30+02:00,170.8,170.8,170.8,170.8,125
2024-09-27T15:25:00+02:00,170.66,170.66,170.66,170.66,84
2024-09-27T15:27:30+02:00,170.58,170.58,170.56,170.56,215
2024-09-27T15:30:00+02:00,170.5,170.5,169.76,170.1,1179
2024-09-27T15:30:30+02:00,170.36,170.36,170.2,170.2,153
2024-09-27T15:31:00+02:00,169.98,169.98,169.98,169.98,157
2024-09-27T15:32:00+02:00,170.04,170.04,170.04,170.04,59
2024-09-27T15:33:30+02:00,170.46,170.46,170.38,170.38,219
2024-09-27T15:36:00+02:00,170.08,170.08,170.08,170.08,51
2024-09-27T15:36:30+02:00,169.84,169.84,169.74,169.76,321
2024-09-27T15:39:00+02:00,170.14,170.14,170.08,170.12,96
2024-09-27T15:41:00+02:00,170.16,170.16,170.16,170.16,19
2024-09-27T15:41:30+02:00,170.16,170.16,170.16,170.16,1
2024-09-27T15:43:00+02:00,170,170,169.92,169.92,211
2024-09-27T15:43:30+02:00,169.92,169.94,169.92,169.94,156
2024-09-27T15:44:00+02:00,169.92,169.92,169.92,169.92,2
2024-09-27T15:44:30+02:00,169.88,169.88,169.8,169.8,267
2024-09-27T15:45:00+02:00,169.88,169.88,169.88,169.88,211
2024-09-27T15:45:30+02:00,169.88,169.88,169.82,169.82,272
2024-09-27T15:46:00+02:00,169.84,169.92,169.84,169.92,281
2024-09-27T15:46:30+02:00,169.86,169.86,169.86,169.86,2
2024-09-27T15:47:00+02:00,169.92,169.92,169.92,169.92,74
2024-09-27T15:47:30+02:00,169.94,169.94,169.94,169.94,74
2024-09-27T15:48:30+02:00,170.06,170.06,170.06,170.06,60
2024-09-27T15:50:30+02:00,170.18,170.18,170.18,170.18,152
2024-09-27T15:51:00+02:00,170.22,170.32,170.22,170.32,6
2024-09-27T15:52:30+02:00,170.28,170.28,170.28,170.28,94
2024-09-27T15:54:30+02:00,170.06,170.08,170.02,170.02,405
2024-09-27T15:55:30+02:00,170,170,169.9,169.9,322
2024-09-27T15:56:30+02:00,169.9,169.9,169.9,169.9,400
2024-09-27T15:57:00+02:00,169.9,169.9,169.9,169.9,80
2024-09-27T15:57:30+02:00,170.04,170.04,170.04,170.04,211
2024-09-27T15:58:00+02:00,170,170,169.94,169.94,283
2024-09-27T15:58:30+02:00,169.94,169.94,169.94,169.94,77
2024-09-27T15:59:00+02:00,170.04,170.04,170.04,170.04,121
2024-09-27T16:02:00+02:00,170.32,170.42,170.32,170.42,147
2024-09-27T16:02:30+02:00,170.18,170.18,170.18,170.18,89
2024-09-27T16:03:00+02:00,170.3,170.3,170.3,170.3,84
2024-09-27T16:03:30+02:00,170.56,170.58,170.56,170.58,453
2024-09-27T16:04:00+02:00,170.62,170.62,170.62,170.62,150
2024-09-27T16:06:00+02:00,170.26,170.26,170.26,170.26,3
2024-09-27T16:08:00+02:00,170.12,170.14,170.12,170.14,295
2024-09-27T16:09:00+02:00,170.06,170.06,170.06,170.06,39
2024-09-27T16:09:30+02:00,170.16,170.16,170.16,170.16,300
2024-09-27T16:11:30+02:00,170.26,170.26,170.26,170.26,131
2024-09-27T16:14:00+02:00,170.22,170.22,170.2,170.2,133
2024-09-27T16:18:00+02:00,170.12,170.12,170.12,170.12,5
2024-09-27T16:18:30+02:00,170.2,170.2,170.2,170.2,40
2024-09-27T16:19:30+02:00,170,170,170,170,30
2024-09-27T16:20:00+02:00,170.04,170.04,170.04,170.04,256
2024-09-27T16:21:00+02:00,170.16,170.16,170.12,170.12,283
2024-09-27T16:22:30+02:00,170.12,170.12,170.12,170.12,57
2024-09-27T16:23:30+02:00,170.16,170.16,170.16,170.16,100
2024-09-27T16:24:00+02:00,170.22,170.22,170.2,170.2,553
2024-09-27T16:25:00+02:00,170.18,170.18,170.18,170.18,84
2024-09-27T16:25:30+02:00,170.1,170.1,170.1,170.1,47
2024-09-27T16:28:30+02:00,170.18,170.18,170.18,170.18,101
2024-09-27T16:30:00+02:00,169.96,169.96,169.96,169.96,139
2024-09-27T16:31:00+02:00,169.78,169.78,169.78,169.78,1
2024-09-27T16:34:00+02:00,169.88,169.88,169.88,169.88,2
2024-09-27T16:37:00+02:00,169.86,169.86,169.86,169.86,154
2024-09-27T16:37:30+02:00,169.84,169.88,169.84,169.84,123
2024-09-27T16:40:00+02:00,169.94,169.94,169.94,169.94,155
2024-09-27T16:41:00+02:00,170.02,170.02,170.02,170.02,7
2024-09-27T16:45:30+02:00,169.96,169.96,169.96,169.96,153
2024-09-27T16:46:30+02:00,169.96,169.96,169.96,169.96,10
2024-09-27T16:48:00+02:00,169.9,169.9,169.84,169.84,129
2024-09-27T16:52:30+02:00,169.82,169.82,169.74,169.74,851
2024-09-27T16:53:00+02:00,169.74,169.74,169.74,169.74,3
2024-09-27T16:53:30+02:00,169.74,169.74,169.74,169.74,75
2024-09-27T16:54:30+02:00,169.76,169.76,169.76,169.76,2
2024-09-27T16:55:00+02:00,169.78,169.78,169.78,169.78,3
2024-09-27T16:55:30+02:00,169.74,169.74,169.74,169.74,7
2024-09-27T16:56:30+02:00,169.58,169.58,169.58,169.58,17
2024-09-27T16:57:00+02:00,169.62,169.64,169.6,169.62,205
2024-09-27T16:58:00+02:00,169.76,169.76,169.76,169.76,152
2024-09-27T17:00:00+02:00,169.58,169.58,169.54,169.54,102
2024-09-27T17:00:30+02:00,169.5,169.54,169.5,169.54,37
2024-09-27T17:01:00+02:00,169.56,169.56,169.54,169.54,310
2024-09-27T17:01:30+02:00,169.54,169.54,169.54,169.54,162
2024-09-27T17:02:30+02:00,169.48,169.48,169.46,169.46,254
2024-09-27T17:03:00+02:00,169.52,169.52,169.52,169.52,152
2024-09-27T17:03:30+02:00,169.46,169.46,169.46,169.46,20
2024-09-27T17:04:00+02:00,169.38,169.38,169.34,169.34,9
2024-09-27T17:04:30+02:00,169.36,169.36,169.36,169.36,32
2024-09-27T17:06:30+02:00,169.32,169.32,169.24,169.24,364
2024-09-27T17:07:30+02:00,169.28,169.34,169.28,169.34,656
2024-09-27T17:08:00+02:00,169.34,169.34,169.3,169.3,184
2024-09-27T17:08:30+02:00,169.28,169.28,169.28,169.28,156
2024-09-27T17:09:00+02:00,169.28,169.28,169.28,169.28,151
2024-09-27T17:10:30+02:00,169.08,169.08,169.02,169.08,232
2024-09-27T17:11:00+02:00,169.18,169.18,169.16,169.16,170
2024-09-27T17:12:30+02:00,169.16,169.16,169.16,169.16,152
2024-09-27T17:13:30+02:00,169.12,169.12,169.1,169.1,177
2024-09-27T17:14:00+02:00,169.12,169.12,169.12,169.12,60
2024-09-27T17:14:30+02:00,169.14,169.14,169.14,169.14,20
2024-09-27T17:15:00+02:00,169.1,169.1,169.1,169.1,20
2024-09-27T17:15:30+02:00,169.1,169.1,168.96,168.96,59
2024-09-27T17:16:30+02:00,169.02,169.02,169.02,169.02,151
2024-09-27T17:17:00+02:00,169.02,169.02,168.98,168.98,173
2024-09-27T17:19:00+02:00,168.96,168.96,168.92,168.92,517
2024-09-27T17:19:30+02:00,168.96,168.96,168.96,168.96,157
2024-09-27T17:20:30+02:00,168.96,168.96,168.96,168.96,20
2024-09-27T17:21:00+02:00,168.92,169,168.92,169,166
2024-09-27T17:21:30+02:00,168.98,168.98,168.98,168.98,6
2024-09-27T17:22:00+02:00,168.92,168.94,168.92,168.94,66
2024-09-27T17:22:30+02:00,168.92,168.92,168.86,168.86,315
2024-09-27T17:23:00+02:00,168.9,168.9,168.88,168.88,313
2024-09-27T17:23:30+02:00,168.82,168.82,168.8,168.8,72
2024-09-27T17:24:00+02:00,168.7,168.7,168.7,168.7,16
2024-09-27T17:25:00+02:00,168.72,168.72,168.72,168.72,160
2024-09-27T17:25:30+02:00,168.6,168.6,168.6,168.6,50
2024-09-27T17:26:00+02:00,168.72,168.72,168.72,168.72,100
2024-09-27T17:27:30+02:00,168.64,168.64,168.64,168.64,3
2024-09-27T17:28:30+02:00,168.52,168.52,168.52,168.52,100
2024-09-27T17:29:00+02:00,168.6,168.7,168.6,168.7,6
2024-09-30T09:04:00+02:00,167.5,167.8,167.5,167.8,2485
2024-09-30T09:04:30+02:00,167.8,168,167.8,168,328
2024-09-30T09:06:30+02:00,168.1,168.1,168.1,168.1,11
2024-09-30T09:08:30+02:00,168.1,168.1,168.1,168.1,636
2024-09-30T09:09:00+02:00,168.1,168.2,168.1,168.2,653
2024-09-30T09:11:00+02:00,168.16,168.16,168.16,168.16,65
2024-09-30T09:13:00+02:00,168.32,168.32,168.32,168.32,8
2024-09-30T09:19:30+02:00,168.36,168.42,168.36,168.42,16
2024-09-30T09:21:00+02:00,168.3,168.3,168.3,168.3,23
2024-09-30T09:21:30+02:00,168.26,168.26,168.2,168.2,384
2024-09-30T09:24:30+02:00,168.16,168.16,168.16,168.16,15
2024-09-30T09:26:00+02:00,168.1,168.1,168.08,168.08,40
2024-09-30T09:31:30+02:00,168.3,168.3,168.3,168.3,5
2024-09-30T09:41:00+02:00,168.4,168.44,168.4,168.44,300
2024-09-30T09:41:30+02:00,168.22,168.22,168.22,168.22,40
2024-09-30T09:46:00+02:00,168.48,168.5,168.48,168.5,283
2024-09-30T09:48:00+02:00,168.5,168.5,168.5,168.5,109
2024-09-30T09:48:30+02:00,168.52,168.62,168.52,168.62,453
2024-09-30T09:49:30+02:00,168.58,168.58,168.58,168.58,20
2024-09-30T09:50:00+02:00,168.64,168.64,168.64,168.64,10
2024-09-30T09:50:30+02:00,168.66,168.66,168.66,168.66,300
2024-09-30T09:55:30+02:00,168.6,168.6,168.58,168.58,416
2024-09-30T09:58:00+02:00,168.66,168.66,168.66,168.66,159
2024-09-30T09:58:30+02:00,168.62,168.62,168.62,168.62,135
2024-09-30T10:00:00+02:00,168.58,168.58,167.6,167.8,3529
2024-09-30T10:00:30+02:00,167.82,167.96,167.82,167.92,2476
2024-09-30T10:01:00+02:00,167.9,168.02,167.82,168.02,2002
2024-09-30T10:02:00+02:00,167.8,167.8,167.76,167.76,660
2024-09-30T10:03:00+02:00,167.82,167.82,167.82,167.82,18
2024-09-30T10:03:30+02:00,167.6,167.6,167.6,167.6,17
2024-09-30T10:04:00+02:00,167.72,167.72,167.72,167.72,366
2024-09-30T10:04:30+02:00,167.66,167.66,167.66,167.66,366
2024-09-30T10:05:00+02:00,167.54,167.54,167.5,167.5,149
2024-09-30T10:07:30+02:00,167.46,167.52,167.46,167.52,112
2024-09-30T10:08:00+02:00,167.52,167.52,167.52,167.52,100
2024-09-30T10:10:30+02:00,167.7,167.7,167.7,167.7,152
2024-09-30T10:11:30+02:00,167.66,167.66,167.66,167.66,17
2024-09-30T10:13:00+02:00,167.7,167.7,167.7,167.7,20
2024-09-30T10:14:30+02:00,167.7,167.74,167.7,167.74,102
2024-09-30T10:15:00+02:00,167.66,167.66,167.66,167.66,14
2024-09-30T10:15:30+02:00,167.64,167.66,167.62,167.66,260
2024-09-30T10:16:30+02:00,167.74,167.74,167.74,167.74,120
2024-09-30T10:17:30+02:00,167.6,167.6,167.6,167.6,49
2024-09-30T10:19:00+02:00,167.74,167.74,167.74,167.74,311
2024-09-30T10:23:00+02:00,167.66,167.66,167.66,167.66,1
2024-09-30T10:24:00+02:00,167.74,167.74,167.74,167.74,1
2024-09-30T10:25:00+02:00,167.74,167.76,167.74,167.76,666
2024-09-30T10:25:30+02:00,167.78,167.78,167.78,167.78,256
2024-09-30T10:26:00+02:00,167.8,167.8,167.8,167.8,459
2024-09-30T10:26:30+02:00,167.8,167.8,167.8,167.8,130
2024-09-30T10:27:30+02:00,167.72,167.72,167.7,167.7,9
2024-09-30T10:30:00+02:00,167.72,167.72,167.7,167.7,35
2024-09-30T10:30:30+02:00,167.7,167.7,167.68,167.68,12
2024-09-30T10:31:00+02:00,167.68,167.68,167.62,167.62,165
2024-09-30T10:32:30+02:00,167.56,167.56,167.56,167.56,6
2024-09-30T10:34:00+02:00,167.5,167.66,167.5,167.66,416
2024-09-30T10:37:30+02:00,167.64,167.64,167.64,167.64,151
2024-09-30T10:38:00+02:00,167.54,167.54,167.5,167.5,120
2024-09-30T10:50:00+02:00,167.52,167.52,167.52,167.52,58
2024-09-30T10:52:30+02:00,167.54,167.54,167.54,167.54,25
2024-09-30T10:53:00+02:00,167.56,167.56,167.56,167.56,15
2024-09-30T10:53:30+02:00,167.52,167.52,167.52,167.52,149
2024-09-30T10:54:00+02:00,167.5,167.56,167.5,167.54,237
2024-09-30T10:55:30+02:00,167.5,167.5,167.5,167.5,290
2024-09-30T10:57:00+02:00,167.42,167.42,167.42,167.42,50
2024-09-30T11:03:30+02:00,167.48,167.48,167.48,167.48,152
2024-09-30T11:05:00+02:00,167.44,167.44,167.42,167.42,154
2024-09-30T11:08:30+02:00,167.52,167.52,167.52,167.52,27
2024-09-30T11:09:30+02:00,167.54,167.54,167.54,167.54,200
2024-09-30T11:11:00+02:00,167.58,167.58,167.58,167.58,3
2024-09-30T11:13:00+02:00,167.54,167.54,167.54,167.54,151
2024-09-30T11:13:30+02:00,167.5,167.5,167.5,167.5,124
2024-09-30T11:24:00+02:00,167.38,167.38,167.38,167.38,100
2024-09-30T11:24:30+02:00,167.46,167.46,167.46,167.46,80
2024-09-30T11:26:00+02:00,167.42,167.42,167.4,167.4,20
2024-09-30T11:26:30+02:00,167.58,167.58,167.58,167.58,11
2024-09-30T11:28:00+02:00,167.56,167.56,167.56,167.56,112
2024-09-30T11:28:30+02:00,167.62,167.62,167.62,167.62,6
2024-09-30T11:29:30+02:00,167.5,167.5,167.5,167.5,2
2024-09-30T11:36:30+02:00,167.62,167.62,167.6,167.6,11
2024-09-30T11:37:00+02:00,167.56,167.56,167.56,167.56,1
2024-09-30T11:38:00+02:00,167.56,167.56,167.56,167.56,136
2024-09-30T11:46:00+02:00,167.56,167.56,167.48,167.48,45
2024-09-30T11:51:00+02:00,167.56,167.56,167.56,167.56,220
2024-09-30T11:56:30+02:00,167.48,167.48,167.48,167.48,20
2024-09-30T12:01:00+02:00,167.68,167.68,167.68,167.68,35
2024-09-30T12:05:00+02:00,167.84,167.84,167.84,167.84,35
2024-09-30T12:10:30+02:00,167.74,167.74,167.74,167.74,500
2024-09-30T12:11:30+02:00,167.76,167.76,167.76,167.76,144
2024-09-30T12:12:30+02:00,167.86,167.86,167.86,167.86,110
2024-09-30T12:22:00+02:00,167.92,167.92,167.92,167.92,120
2024-09-30T12:24:00+02:00,167.82,167.82,167.82,167.82,36
2024-09-30T12:26:00+02:00,167.76,167.76,167.74,167.74,2
2024-09-30T12:28:00+02:00,167.88,167.88,167.88,167.88,18
2024-09-30T12:31:00+02:00,167.72,167.72,167.72,167.72,50
2024-09-30T12:34:30+02:00,167.74,167.74,167.6,167.6,31
2024-09-30T12:35:30+02:00,167.58,167.58,167.54,167.54,595
2024-09-30T13:05:30+02:00,167.82,167.82,167.82,167.82,160
2024-09-30T13:06:30+02:00,167.82,167.82,167.82,167.82,200
2024-09-30T13:10:00+02:00,167.7,167.7,167.7,167.7,10
2024-09-30T13:10:30+02:00,167.6,167.6,167.54,167.54,142
2024-09-30T13:11:00+02:00,167.42,167.42,167.26,167.26,60
2024-09-30T13:12:00+02:00,167.14,167.2,167.14,167.2,1284
2024-09-30T13:17:00+02:00,167.02,167.02,167.02,167.02,15
2024-09-30T13:20:00+02:00,167.32,167.32,167.32,167.32,53
2024-09-30T13:20:30+02:00,167.36,167.36,167.36,167.36,60
2024-09-30T13:22:00+02:00,167.22,167.22,167.22,167.22,13
2024-09-30T13:24:30+02:00,167.3,167.32,167.3,167.32,140
2024-09-30T13:25:00+02:00,167.3,167.3,167.3,167.3,178
2024-09-30T13:29:00+02:00,167.22,167.22,167.22,167.22,1
2024-09-30T13:33:30+02:00,167.12,167.12,167.12,167.12,31
2024-09-30T13:34:00+02:00,167.02,167.02,167.02,167.02,102
2024-09-30T13:38:00+02:00,167,167,167,167,111
2024-09-30T13:38:30+02:00,166.94,166.94,166.94,166.94,3
2024-09-30T13:45:00+02:00,166.86,166.86,166.86,166.86,20
2024-09-30T13:45:30+02:00,166.86,166.86,166.86,166.86,100
2024-09-30T13:46:00+02:00,166.78,166.78,166.78,166.78,3
2024-09-30T13:48:00+02:00,166.68,166.68,166.4,166.46,877
2024-09-30T13:50:00+02:00,166.6,166.6,166.6,166.6,10
2024-09-30T13:52:00+02:00,166.5,166.6,166.5,166.6,361
2024-09-30T13:53:00+02:00,166.58,166.58,166.58,166.58,100
2024-09-30T13:53:30+02:00,166.58,166.58,166.58,166.58,49
2024-09-30T13:55:00+02:00,166.48,166.48,166.48,166.48,60
2024-09-30T13:56:00+02:00,166.3,166.3,166.3,166.3,461
2024-09-30T13:59:00+02:00,166.52,166.56,166.52,166.56,500
2024-09-30T14:00:00+02:00,166.42,166.42,166.42,166.42,80
2024-09-30T14:01:00+02:00,166.3,166.3,166.3,166.3,1
2024-09-30T14:02:30+02:00,166.4,166.4,166.34,166.34,293
2024-09-30T14:03:30+02:00,166.3,166.3,166.28,166.28,10
2024-09-30T14:05:00+02:00,166.32,166.32,166.32,166.32,180
2024-09-30T14:06:00+02:00,166.38,166.38,166.38,166.38,60
2024-09-30T14:08:00+02:00,166.6,166.6,166.6,166.6,9
2024-09-30T14:11:00+02:00,166.64,166.64,166.64,166.64,6
2024-09-30T14:14:30+02:00,166.66,166.66,166.66,166.66,18
2024-09-30T14:18:30+02:00,166.64,166.64,166.64,166.64,151
2024-09-30T14:22:00+02:00,166.66,166.66,166.66,166.66,60
2024-09-30T14:32:00+02:00,166.84,166.84,166.84,166.84,200
2024-09-30T14:33:30+02:00,166.86,166.86,166.86,166.86,100
2024-09-30T14:35:00+02:00,166.84,166.84,166.84,166.84,100
2024-09-30T14:36:00+02:00,166.88,166.88,166.88,166.88,26
2024-09-30T14:49:00+02:00,167.16,167.16,167.16,167.16,4
2024-09-30T14:51:30+02:00,167.22,167.22,167.22,167.22,15
2024-09-30T14:52:30+02:00,167.2,167.2,167.2,167.2,3
2024-09-30T14:55:30+02:00,167.14,167.14,167.14,167.14,10
2024-09-30T14:57:30+02:00,167.14,167.14,167.14,167.14,54
2024-09-30T14:59:30+02:00,167.16,167.16,167.06,167.06,158
2024-09-30T15:01:00+02:00,167.04,167.04,167,167,8
2024-09-30T15:01:30+02:00,166.92,166.92,166.92,166.92,3
2024-09-30T15:04:00+02:00,166.9,166.9,166.9,166.9,59
2024-09-30T15:04:30+02:00,167.12,167.18,167.1,167.18,92
2024-09-30T15:11:00+02:00,167.54,167.54,167.54,167.54,26
2024-09-30T15:12:30+02:00,167.54,167.54,167.54,167.54,209
2024-09-30T15:13:00+02:00,167.48,167.48,167.48,167.48,1
2024-09-30T15:18:30+02:00,167.2,167.2,167.2,167.2,8
2024-09-30T15:19:30+02:00,167.12,167.12,167.06,167.06,202
2024-09-30T15:22:00+02:00,167.04,167.04,167.04,167.04,3
2024-09-30T15:23:00+02:00,167,167,167,167,6
2024-09-30T15:25:30+02:00,167.02,167.02,167.02,167.02,140
2024-09-30T15:27:00+02:00,167.18,167.18,167.18,167.18,19
2024-09-30T15:28:00+02:00,167.18,167.18,167.18,167.18,41
2024-09-30T15:29:30+02:00,167.4,167.4,167.4,167.4,30
2024-09-30T15:30:00+02:00,167.24,167.3,167.24,167.24,232
2024-09-30T15:30:30+02:00,167.32,167.32,167.3,167.3,7
2024-09-30T15:31:30+02:00,167.26,167.26,167.26,167.26,3
2024-09-30T15:32:30+02:00,167.68,168,167.68,167.94,40
2024-09-30T15:34:30+02:00,167.64,167.64,167.64,167.64,151
2024-09-30T15:36:30+02:00,167.98,167.98,167.92,167.92,5
2024-09-30T15:40:00+02:00,168.48,168.48,168.48,168.48,1
2024-09-30T15:41:00+02:00,168.58,168.6,168.52,168.52,504
2024-09-30T15:41:30+02:00,168.38,168.4,168.38,168.4,398
2024-09-30T15:43:30+02:00,168.02,168.04,168.02,168.04,117
2024-09-30T15:44:00+02:00,167.92,167.92,167.92,167.92,85
2024-09-30T15:45:30+02:00,167.9,167.9,167.9,167.9,153
2024-09-30T15:46:00+02:00,167.9,167.92,167.88,167.92,230
2024-09-30T15:46:30+02:00,167.92,168,167.92,168,125
2024-09-30T15:47:00+02:00,168.04,168.12,168.04,168.12,25
2024-09-30T15:47:30+02:00,168.12,168.12,168.12,168.12,2
2024-09-30T15:52:00+02:00,168.28,168.3,168.28,168.3,200
2024-09-30T15:53:00+02:00,168.28,168.3,168.26,168.26,767
2024-09-30T15:53:30+02:00,168.18,168.3,168.18,168.3,516
2024-09-30T15:56:00+02:00,168.04,168.08,168.04,168.08,22
2024-09-30T15:56:30+02:00,168.04,168.04,168.04,168.04,280
2024-09-30T15:57:00+02:00,167.9,167.9,167.88,167.88,159
2024-09-30T16:00:00+02:00,167.6,167.6,167.6,167.6,3
2024-09-30T16:01:00+02:00,167.62,167.62,167.58,167.58,3
2024-09-30T16:05:00+02:00,167.36,167.36,167.36,167.36,139
2024-09-30T16:06:00+02:00,167,167,167,167,1
2024-09-30T16:07:30+02:00,167.16,167.16,167.16,167.16,30
2024-09-30T16:09:30+02:00,166.8,166.8,166.8,166.8,73
2024-09-30T16:10:30+02:00,166.8,166.8,166.8,166.8,73
2024-09-30T16:11:00+02:00,167.04,167.04,167.04,167.04,3
2024-09-30T16:12:00+02:00,167.12,167.12,167.12,167.12,6
2024-09-30T16:12:30+02:00,167.08,167.08,167.08,167.08,1
2024-09-30T16:13:30+02:00,166.96,166.96,166.96,166.96,1
2024-09-30T16:18:30+02:00,166.56,166.56,166.5,166.5,192
2024-09-30T16:19:00+02:00,166.54,166.56,166.54,166.56,153
2024-09-30T16:19:30+02:00,166.6,166.6,166.6,166.6,193
2024-09-30T16:20:00+02:00,166.6,166.6,166.56,166.56,225
2024-09-30T16:20:30+02:00,166.66,166.66,166.66,166.66,309
2024-09-30T16:21:00+02:00,166.6,166.6,166.6,166.6,3
2024-09-30T16:23:30+02:00,166.58,166.58,166.58,166.58,1
2024-09-30T16:24:00+02:00,166.58,166.58,166.58,166.58,10
2024-09-30T16:26:30+02:00,166.74,166.74,166.74,166.74,203
2024-09-30T16:27:00+02:00,166.7,166.7,166.7,166.7,3
2024-09-30T16:28:00+02:00,166.68,166.68,166.68,166.68,85
2024-09-30T16:29:00+02:00,166.8,166.8,166.8,166.8,90
2024-09-30T16:29:30+02:00,166.76,166.76,166.76,166.76,15
2024-09-30T16:30:00+02:00,166.92,166.92,166.92,166.92,5
2024-09-30T16:30:30+02:00,166.98,166.98,166.9,166.9,101
2024-09-30T16:31:30+02:00,167.04,167.04,167.04,167.04,3
2024-09-30T16:32:00+02:00,166.98,166.98,166.8,166.8,84
2024-09-30T16:33:00+02:00,166.74,166.74,166.74,166.74,78
2024-09-30T16:33:30+02:00,166.78,166.78,166.74,166.74,172
2024-09-30T16:34:00+02:00,166.94,166.94,166.88,166.88,502
2024-09-30T16:34:30+02:00,166.96,166.96,166.96,166.96,3
2024-09-30T16:35:30+02:00,167.02,167.02,166.98,166.98,84
2024-09-30T16:38:00+02:00,166.66,166.66,166.62,166.62,232
2024-09-30T16:38:30+02:00,166.66,166.66,166.66,166.66,152
2024-09-30T16:39:00+02:00,166.58,166.6,166.58,166.6,75
2024-09-30T16:40:30+02:00,166.58,166.58,166.58,166.58,5
2024-09-30T16:42:00+02:00,166.32,166.32,166.32,166.32,3
2024-09-30T16:42:30+02:00,166.32,166.34,166.3,166.3,13
2024-09-30T16:44:00+02:00,166.32,166.32,166.32,166.32,212
2024-09-30T16:44:30+02:00,166.32,166.32,166.26,166.26,31
2024-09-30T16:45:00+02:00,166.3,166.3,166.3,166.3,2
2024-09-30T16:47:00+02:00,166.26,166.26,166.26,166.26,74
2024-09-30T16:47:30+02:00,166.1,166.1,166.1,166.1,192
2024-09-30T16:48:00+02:00,166.08,166.08,166.08,166.08,390
2024-09-30T16:49:00+02:00,166.1,166.1,166.1,166.1,133
2024-09-30T16:50:00+02:00,166.22,166.22,166.22,166.22,300
2024-09-30T16:50:30+02:00,166.16,166.16,166.16,166.16,231
2024-09-30T16:51:00+02:00,166.12,166.12,165.94,165.94,88
2024-09-30T16:51:30+02:00,166.02,166.04,165.96,165.96,733
2024-09-30T16:52:00+02:00,166.12,166.12,166.12,166.12,151
2024-09-30T16:52:30+02:00,166.06,166.06,166.04,166.06,603
2024-09-30T16:54:00+02:00,166,166,166,166,60
2024-09-30T16:55:00+02:00,165.98,165.98,165.9,165.9,458
2024-09-30T16:55:30+02:00,165.84,165.9,165.84,165.9,490
2024-09-30T16:57:00+02:00,165.88,165.88,165.86,165.86,301
2024-09-30T16:57:30+02:00,165.88,165.88,165.88,165.88,188
2024-09-30T16:58:00+02:00,165.88,165.88,165.88,165.88,150
2024-09-30T16:59:30+02:00,165.82,165.84,165.68,165.84,1790
2024-09-30T17:00:00+02:00,165.74,165.74,165.74,165.74,198
2024-09-30T17:01:00+02:00,165.76,165.96,165.76,165.84,387
2024-09-30T17:02:30+02:00,165.8,165.8,165.8,165.8,3
2024-09-30T17:03:00+02:00,165.84,165.84,165.84,165.84,101
2024-09-30T17:03:30+02:00,165.82,165.82,165.82,165.82,151
2024-09-30T17:04:00+02:00,165.86,165.86,165.84,165.84,173
2024-09-30T17:04:30+02:00,165.88,165.88,165.88,165.88,300
2024-09-30T17:05:30+02:00,165.7,165.7,165.7,165.7,46
2024-09-30T17:06:30+02:00,165.82,165.82,165.82,165.82,31
2024-09-30T17:07:30+02:00,165.76,165.78,165.76,165.78,540
2024-09-30T17:08:00+02:00,165.74,165.74,165.72,165.74,10
2024-09-30T17:09:30+02:00,165.7,165.7,165.7,165.7,157
2024-09-30T17:10:00+02:00,165.7,165.7,165.7,165.7,74
2024-09-30T17:11:00+02:00,165.68,165.68,165.68,165.68,153
2024-09-30T17:11:30+02:00,165.72,165.72,165.72,165.72,156
2024-09-30T17:12:00+02:00,165.84,165.84,165.76,165.76,113
2024-09-30T17:13:30+02:00,165.82,165.82,165.82,165.82,73
2024-09-30T17:14:30+02:00,165.86,165.86,165.86,165.86,1
2024-09-30T17:16:30+02:00,165.96,165.96,165.9,165.9,217
2024-09-30T17:17:00+02:00,165.9,165.9,165.9,165.9,43
2024-09-30T17:18:00+02:00,165.9,165.9,165.9,165.9,100
2024-09-30T17:18:30+02:00,165.88,165.88,165.88,165.88,150
2024-09-30T17:19:30+02:00,165.98,165.98,165.98,165.98,54
2024-09-30T17:20:00+02:00,166,166,166,166,170
2024-09-30T17:20:30+02:00,165.94,165.94,165.94,165.94,3
2024-09-30T17:21:00+02:00,165.94,165.98,165.94,165.98,355
2024-09-30T17:21:30+02:00,165.96,165.96,165.96,165.96,73
2024-09-30T17:22:00+02:00,165.9,165.9,165.9,165.9,6
2024-09-30T17:23:00+02:00,166.04,166.04,166,166,196
2024-09-30T17:23:30+02:00,165.98,165.98,165.98,165.98,44
2024-09-30T17:24:00+02:00,166.02,166.06,166.02,166.06,80
2024-09-30T17:25:00+02:00,166.04,166.12,166.04,166.12,6
2024-09-30T17:25:30+02:00,166.22,166.22,166.22,166.22,49
2024-09-30T17:26:30+02:00,166.2,166.2,166.2,166.2,50
2024-09-30T17:27:30+02:00,166.28,166.28,166.28,166.28,2
2024-09-30T17:28:00+02:00,166.32,166.32,166.28,166.28,128
2024-10-01T09:04:00+02:00,167.4,167.4,167.4,167.4,3109
2024-10-01T09:07:00+02:00,167.54,167.54,167.5,167.5,125
2024-10-01T09:08:00+02:00,167.66,167.66,167.66,167.66,223
2024-10-01T09:09:00+02:00,167.84,167.84,167.74,167.74,69
2024-10-01T09:09:30+02:00,167.8,167.8,167.78,167.78,54
2024-10-01T09:10:30+02:00,167.72,167.72,167.72,167.72,45
2024-10-01T09:13:00+02:00,167.72,167.72,167.72,167.72,2
2024-10-01T09:15:00+02:00,167.68,167.68,167.64,167.64,84
2024-10-01T09:17:00+02:00,167.56,167.56,167.56,167.56,20
2024-10-01T09:18:30+02:00,167.56,167.56,167.52,167.52,44
2024-10-01T09:20:00+02:00,167.6,167.7,167.6,167.7,1956
2024-10-01T09:22:30+02:00,167.54,167.54,167.52,167.52,94
2024-10-01T09:23:00+02:00,167.46,167.46,167.46,167.46,5
2024-10-01T09:26:00+02:00,167.38,167.38,167.34,167.34,250
2024-10-01T09:29:00+02:00,167.62,167.62,167.62,167.62,1
2024-10-01T09:30:30+02:00,167.54,167.64,167.48,167.48,454
2024-10-01T09:31:00+02:00,167.64,167.64,167.64,167.64,30
2024-10-01T09:33:30+02:00,167.62,167.62,167.62,167.62,25
2024-10-01T09:40:30+02:00,167.52,167.52,167.52,167.52,100
2024-10-01T09:47:00+02:00,167.54,167.54,167.54,167.54,40
2024-10-01T09:48:30+02:00,167.44,167.44,167.44,167.44,35
2024-10-01T10:00:00+02:00,167.72,167.72,167.58,167.58,824
2024-10-01T10:01:00+02:00,167.6,167.6,167.6,167.6,153
2024-10-01T10:04:30+02:00,167.56,167.56,167.56,167.56,23
2024-10-01T10:06:00+02:00,167.58,167.58,167.58,167.58,29
2024-10-01T10:07:00+02:00,167.54,167.54,167.54,167.54,129
2024-10-01T10:08:00+02:00,167.56,167.58,167.56,167.58,196
2024-10-01T10:10:00+02:00,167.46,167.46,167.46,167.46,70
2024-10-01T10:13:00+02:00,167.52,167.52,167.36,167.36,300
2024-10-01T10:14:30+02:00,167.36,167.36,167.36,167.36,330
2024-10-01T10:15:00+02:00,167.42,167.42,167.42,167.42,369
2024-10-01T10:16:30+02:00,167.5,167.5,167.5,167.5,3
2024-10-01T10:19:30+02:00,167.34,167.34,167.34,167.34,35
2024-10-01T10:21:30+02:00,167.5,167.5,167.5,167.5,83
2024-10-01T10:22:00+02:00,167.52,167.52,167.52,167.52,30
2024-10-01T10:27:30+02:00,167.28,167.28,167.28,167.28,2
2024-10-01T10:30:00+02:00,167.3,167.3,167.3,167.3,2
2024-10-01T10:36:30+02:00,167.3,167.3,167.3,167.3,150
2024-10-01T10:39:00+02:00,167.32,167.32,167.32,167.32,94
2024-10-01T10:40:30+02:00,167.46,167.5,167.46,167.5,1000
2024-10-01T10:49:00+02:00,167.54,167.54,167.54,167.54,369
2024-10-01T10:52:00+02:00,167.68,167.68,167.68,167.68,60
2024-10-01T10:53:00+02:00,167.68,167.68,167.68,167.68,3
2024-10-01T10:54:30+02:00,167.7,167.7,167.7,167.7,12
2024-10-01T10:55:00+02:00,167.68,167.68,167.68,167.68,3
2024-10-01T10:58:30+02:00,167.68,167.68,167.68,167.68,1
2024-10-01T10:59:30+02:00,167.6,167.6,167.6,167.6,9
2024-10-01T11:01:30+02:00,167.66,167.66,167.66,167.66,10
2024-10-01T11:03:00+02:00,167.6,167.6,167.6,167.6,100
2024-10-01T11:09:00+02:00,167.54,167.54,167.28,167.3,271
2024-10-01T11:09:30+02:00,167.32,167.36,167.28,167.36,542
2024-10-01T11:10:30+02:00,167.38,167.38,167.38,167.38,62
2024-10-01T11:11:00+02:00,167.22,167.22,167.22,167.22,3
2024-10-01T11:11:30+02:00,167.2,167.2,167.2,167.2,300
2024-10-01T11:14:00+02:00,167.2,167.2,167.2,167.2,1
2024-10-01T11:15:00+02:00,167.26,167.26,167.26,167.26,30
2024-10-01T11:16:00+02:00,167.12,167.12,167.12,167.12,1
2024-10-01T11:18:00+02:00,167.18,167.18,167.18,167.18,369
2024-10-01T11:19:30+02:00,167.12,167.12,167.06,167.12,339
2024-10-01T11:21:30+02:00,167.12,167.12,167.12,167.12,150
2024-10-01T11:42:00+02:00,167.4,167.4,167.4,167.4,6
2024-10-01T11:48:30+02:00,167.46,167.46,167.46,167.46,6
2024-10-01T11:49:00+02:00,167.36,167.36,167.36,167.36,6
2024-10-01T11:50:00+02:00,167.42,167.42,167.42,167.42,61
2024-10-01T11:52:30+02:00,167.42,167.42,167.42,167.42,20
2024-10-01T11:53:00+02:00,167.42,167.46,167.38,167.46,592
2024-10-01T11:55:30+02:00,167.42,167.42,167.42,167.42,90
2024-10-01T12:02:00+02:00,167.34,167.34,167.34,167.34,70
2024-10-01T12:05:30+02:00,167.38,167.38,167.36,167.36,112
2024-10-01T12:10:30+02:00,167.46,167.46,167.46,167.46,49
2024-10-01T12:11:00+02:00,167.42,167.42,167.42,167.42,36
2024-10-01T12:12:30+02:00,167.5,167.5,167.5,167.5,2
2024-10-01T12:19:00+02:00,167.54,167.54,167.5,167.5,49
2024-10-01T12:20:00+02:00,167.54,167.54,167.54,167.54,1
2024-10-01T12:21:30+02:00,167.56,167.6,167.56,167.6,67
2024-10-01T12:22:00+02:00,167.58,167.58,167.58,167.58,48
2024-10-01T12:24:30+02:00,167.54,167.54,167.54,167.54,1
2024-10-01T12:25:00+02:00,167.6,167.6,167.52,167.52,16
2024-10-01T12:27:00+02:00,167.5,167.5,167.5,167.5,1
2024-10-01T12:28:30+02:00,167.58,167.58,167.54,167.54,7
2024-10-01T12:29:30+02:00,167.62,167.62,167.62,167.62,120
2024-10-01T12:30:30+02:00,167.62,167.62,167.6,167.6,50
2024-10-01T12:32:00+02:00,167.68,167.68,167.68,167.68,81
2024-10-01T12:34:30+02:00,167.7,167.7,167.7,167.7,20
2024-10-01T12:35:30+02:00,167.7,167.7,167.7,167.7,37
2024-10-01T12:56:00+02:00,167.82,167.82,167.82,167.82,1
2024-10-01T12:59:00+02:00,167.9,167.9,167.9,167.9,500
2024-10-01T13:00:00+02:00,167.86,167.86,167.86,167.86,122
2024-10-01T13:05:30+02:00,167.62,167.62,167.6,167.6,222
2024-10-01T13:17:00+02:00,167.7,167.7,167.7,167.7,1
2024-10-01T13:19:00+02:00,167.6,167.62,167.6,167.62,426
2024-10-01T13:20:30+02:00,167.66,167.66,167.66,167.66,85
2024-10-01T13:21:30+02:00,167.62,167.62,167.62,167.62,7
2024-10-01T13:28:00+02:00,167.64,167.64,167.58,167.58,24
2024-10-01T13:34:30+02:00,167.66,167.66,167.66,167.66,1
2024-10-01T13:36:30+02:00,167.56,167.68,167.54,167.68,661
2024-10-01T13:38:00+02:00,167.54,167.54,167.54,167.54,37
2024-10-01T13:45:30+02:00,167.56,167.56,167.56,167.56,150
2024-10-01T13:51:00+02:00,167.54,167.54,167.46,167.46,84
2024-10-01T13:52:00+02:00,167.58,167.58,167.58,167.58,229
2024-10-01T13:55:30+02:00,167.6,167.6,167.6,167.6,51
2024-10-01T14:04:00+02:00,167.54,167.54,167.54,167.54,80
2024-10-01T14:05:30+02:00,167.6,167.6,167.6,167.6,83
2024-10-01T14:09:30+02:00,167.7,167.7,167.7,167.7,40
2024-10-01T14:11:30+02:00,167.74,167.74,167.74,167.74,1
2024-10-01T14:14:00+02:00,167.78,167.78,167.74,167.74,165
2024-10-01T14:17:00+02:00,167.6,167.6,167.6,167.6,1
2024-10-01T14:28:00+02:00,167.66,167.66,167.66,167.66,1
2024-10-01T14:32:00+02:00,167.36,167.36,167.36,167.36,3
2024-10-01T14:33:00+02:00,167.3,167.32,167.3,167.32,264
2024-10-01T14:39:00+02:00,167.58,167.58,167.58,167.58,1
2024-10-01T14:45:00+02:00,167.6,167.6,167.58,167.58,6
2024-10-01T14:46:30+02:00,167.7,167.7,167.7,167.7,50
2024-10-01T14:48:30+02:00,167.68,167.68,167.68,167.68,1
2024-10-01T14:49:00+02:00,167.74,167.76,167.74,167.74,237
2024-10-01T14:51:00+02:00,167.72,167.72,167.72,167.72,40
2024-10-01T14:51:30+02:00,167.76,167.76,167.76,167.76,1
2024-10-01T14:53:30+02:00,167.78,167.78,167.78,167.78,35
2024-10-01T15:00:30+02:00,167.92,167.92,167.92,167.92,10
2024-10-01T15:05:30+02:00,167.7,167.7,167.7,167.7,50
2024-10-01T15:06:00+02:00,167.72,167.72,167.72,167.72,61
2024-10-01T15:09:30+02:00,167.66,167.66,167.66,167.66,40
2024-10-01T15:11:30+02:00,167.66,167.66,167.66,167.66,30
2024-10-01T15:15:00+02:00,167.52,167.52,167.52,167.52,1
2024-10-01T15:18:30+02:00,167.36,167.44,167.36,167.44,373
2024-10-01T15:19:30+02:00,167.34,167.34,167.32,167.32,13
2024-10-01T15:20:30+02:00,167.2,167.2,167.14,167.14,95
2024-10-01T15:22:00+02:00,167.2,167.2,167.2,167.2,154
2024-10-01T15:22:30+02:00,167.22,167.22,167.22,167.22,58
2024-10-01T15:24:00+02:00,167.18,167.18,167.18,167.18,103
2024-10-01T15:24:30+02:00,167.1,167.1,167.1,167.1,3
2024-10-01T15:25:00+02:00,167.1,167.1,167.1,167.1,110
2024-10-01T15:26:00+02:00,167.08,167.08,167,167,749
2024-10-01T15:27:30+02:00,167.04,167.06,167.04,167.06,98
2024-10-01T15:28:00+02:00,166.96,166.96,166.94,166.94,4
2024-10-01T15:30:00+02:00,166.88,166.9,166.38,166.4,634
2024-10-01T15:30:30+02:00,166.4,166.4,166.4,166.4,96
2024-10-01T15:32:30+02:00,166.7,166.7,166.7,166.7,79
2024-10-01T15:33:00+02:00,166.56,166.56,166.56,166.56,40
2024-10-01T15:33:30+02:00,166.38,166.38,166.24,166.24,86
2024-10-01T15:34:00+02:00,166.2,166.2,166.18,166.18,234
2024-10-01T15:37:00+02:00,166.68,166.68,166.68,166.68,158
2024-10-01T15:38:30+02:00,166.2,166.2,166.2,166.2,67
2024-10-01T15:39:00+02:00,166.2,166.2,166.2,166.2,90
2024-10-01T15:39:30+02:00,166.14,166.14,166.02,166.02,48
2024-10-01T15:41:00+02:00,166.34,166.36,166.34,166.36,130
2024-10-01T15:42:00+02:00,166.14,166.14,166.14,166.14,60
2024-10-01T15:42:30+02:00,166.02,166.02,166,166,260
2024-10-01T15:43:00+02:00,166.28,166.28,166.28,166.28,109
2024-10-01T15:45:00+02:00,166.8,166.8,166.8,166.8,53
2024-10-01T15:45:30+02:00,166.8,166.92,166.8,166.92,1111
2024-10-01T15:46:30+02:00,166.56,166.56,166.56,166.56,82
2024-10-01T15:47:00+02:00,166.48,166.48,166.48,166.48,66
2024-10-01T15:47:30+02:00,166.42,166.42,166.42,166.42,65
2024-10-01T15:48:00+02:00,166.4,166.4,166.4,166.4,453
2024-10-01T15:50:30+02:00,166.3,166.3,166.3,166.3,1
2024-10-01T15:51:00+02:00,166.1,166.1,166,166,74
2024-10-01T15:51:30+02:00,165.96,165.96,165.9,165.9,83
2024-10-01T15:52:30+02:00,165.82,165.82,165.82,165.82,76
2024-10-01T15:53:00+02:00,165.86,165.88,165.86,165.88,172
2024-10-01T15:53:30+02:00,165.96,165.98,165.96,165.98,6
2024-10-01T15:54:00+02:00,166,166,166,166,80
2024-10-01T15:54:30+02:00,165.92,165.94,165.92,165.94,6
2024-10-01T15:55:00+02:00,165.9,166.2,165.9,166.06,444
2024-10-01T15:55:30+02:00,166,166,166,166,30
2024-10-01T15:56:00+02:00,166.14,166.24,166.14,166.24,6
2024-10-01T15:56:30+02:00,166.26,166.52,166.24,166.24,2017
2024-10-01T15:57:00+02:00,166.3,166.3,166.3,166.3,81
2024-10-01T15:57:30+02:00,166.6,166.6,166.6,166.6,100
2024-10-01T15:58:30+02:00,166.5,166.5,166.44,166.44,81
2024-10-01T16:01:00+02:00,166.42,166.42,166.42,166.42,5
2024-10-01T16:02:00+02:00,166.5,166.5,166.5,166.5,151
2024-10-01T16:04:30+02:00,166.5,166.56,166.5,166.56,35
2024-10-01T16:07:00+02:00,166.08,166.12,166.08,166.12,60
2024-10-01T16:07:30+02:00,166.18,166.18,166.16,166.16,90
2024-10-01T16:10:30+02:00,165.88,165.88,165.76,165.76,310
2024-10-01T16:11:00+02:00,165.88,165.88,165.88,165.88,73
2024-10-01T16:12:00+02:00,166.02,166.08,165.94,165.94,235
2024-10-01T16:12:30+02:00,165.98,165.98,165.98,165.98,1
2024-10-01T16:13:30+02:00,166.14,166.14,166.1,166.12,8
2024-10-01T16:14:00+02:00,166.14,166.16,166.14,166.14,7
2024-10-01T16:15:00+02:00,165.94,165.94,165.94,165.94,118
2024-10-01T16:17:30+02:00,165.76,165.76,165.76,165.76,84
2024-10-01T16:18:00+02:00,165.7,165.7,165.7,165.7,12
2024-10-01T16:18:30+02:00,165.76,165.76,165.76,165.76,1
2024-10-01T16:20:00+02:00,165.92,165.92,165.92,165.92,50
2024-10-01T16:20:30+02:00,165.86,165.86,165.86,165.86,20
2024-10-01T16:21:00+02:00,165.86,165.86,165.86,165.86,10
2024-10-01T16:24:30+02:00,166.2,166.2,166.2,166.2,30
2024-10-01T16:26:00+02:00,166.16,166.16,166.16,166.16,1
2024-10-01T16:26:30+02:00,166.2,166.2,166.2,166.2,95
2024-10-01T16:29:30+02:00,166,166,166,166,20
2024-10-01T16:31:30+02:00,165.88,165.88,165.88,165.88,73
2024-10-01T16:32:00+02:00,165.74,165.74,165.74,165.74,16
2024-10-01T16:32:30+02:00,165.78,165.82,165.74,165.82,145
2024-10-01T16:33:30+02:00,165.84,166,165.84,166,273
2024-10-01T16:36:00+02:00,166,166,166,166,158
2024-10-01T16:37:00+02:00,165.98,165.98,165.98,165.98,44
2024-10-01T16:39:00+02:00,165.96,165.96,165.96,165.96,30
2024-10-01T16:40:30+02:00,165.94,165.94,165.94,165.94,75
2024-10-01T16:46:30+02:00,166,166,166,166,7
2024-10-01T16:47:00+02:00,165.94,165.94,165.9,165.92,202
2024-10-01T16:48:00+02:00,166.08,166.08,166.08,166.08,94
2024-10-01T16:52:30+02:00,165.92,165.92,165.9,165.9,4
2024-10-01T16:53:00+02:00,165.9,165.9,165.9,165.9,3
2024-10-01T16:53:30+02:00,165.86,165.86,165.86,165.86,3
2024-10-01T16:54:00+02:00,165.84,165.84,165.84,165.84,55
2024-10-01T16:57:00+02:00,165.98,165.98,165.96,165.96,83
2024-10-01T16:57:30+02:00,165.9,165.9,165.9,165.9,81
2024-10-01T16:59:30+02:00,165.88,165.88,165.88,165.88,205
2024-10-01T17:00:30+02:00,165.74,165.74,165.72,165.72,63
2024-10-01T17:02:00+02:00,165.84,165.84,165.84,165.84,11
2024-10-01T17:02:30+02:00,165.82,165.82,165.82,165.82,24
2024-10-01T17:04:00+02:00,166.04,166.04,166.04,166.04,61
2024-10-01T17:08:00+02:00,165.92,165.92,165.92,165.92,81
2024-10-01T17:09:00+02:00,165.96,165.96,165.96,165.96,69
2024-10-01T17:09:30+02:00,166,166,166,166,1
2024-10-01T17:11:30+02:00,166,166.1,166,166.1,237
2024-10-01T17:12:00+02:00,166.06,166.06,166.06,166.06,45
2024-10-01T17:14:00+02:00,165.98,165.98,165.98,165.98,179
2024-10-01T17:15:00+02:00,165.96,166,165.96,166,283
2024-10-01T17:16:30+02:00,166,166,166,166,156
2024-10-01T17:18:00+02:00,165.96,165.96,165.96,165.96,13
2024-10-01T17:18:30+02:00,166,166,166,166,2
2024-10-01T17:19:30+02:00,165.9,165.9,165.9,165.9,85
2024-10-01T17:20:00+02:00,165.96,165.96,165.96,165.96,1
2024-10-01T17:22:00+02:00,166.12,166.16,166.12,166.14,236
2024-10-01T17:22:30+02:00,166.12,166.12,166.1,166.1,294
2024-10-01T17:23:00+02:00,166.08,166.08,166.06,166.06,32
2024-10-01T17:23:30+02:00,166.16,166.16,166.08,166.08,38
2024-10-01T17:24:00+02:00,165.96,165.96,165.96,165.96,53
2024-10-01T17:26:30+02:00,166.04,166.12,166.04,166.12,255
2024-10-01T17:27:00+02:00,166.2,166.2,166.2,166.2,82
2024-10-01T17:29:30+02:00,166.24,166.24,166.24,166.24,3
2024-10-02T09:04:00+02:00,166.6,166.68,166.6,166.68,632
2024-10-02T09:04:30+02:00,166.78,166.8,166.78,166.8,234
2024-10-02T09:05:30+02:00,166.86,166.86,166.86,166.86,190
2024-10-02T09:11:30+02:00,166.86,166.94,166.86,166.94,37
2024-10-02T09:12:30+02:00,166.76,166.76,166.76,166.76,11
2024-10-02T09:16:30+02:00,166.7,166.7,166.66,166.66,327
2024-10-02T09:19:30+02:00,166.9,166.92,166.9,166.92,150
2024-10-02T09:22:00+02:00,166.68,166.68,166.62,166.62,20
2024-10-02T09:25:00+02:00,166.64,166.64,166.64,166.64,50
2024-10-02T09:26:30+02:00,166.8,166.8,166.8,166.8,1
2024-10-02T09:27:00+02:00,166.72,166.86,166.7,166.84,22
2024-10-02T09:30:00+02:00,166.84,166.84,166.84,166.84,1
2024-10-02T09:30:30+02:00,166.86,166.86,166.86,166.86,1
2024-10-02T09:35:30+02:00,166.7,166.7,166.7,166.7,25
2024-10-02T09:41:00+02:00,166.72,166.72,166.7,166.7,45
2024-10-02T09:41:30+02:00,166.86,166.86,166.86,166.86,2
2024-10-02T09:44:00+02:00,166.86,166.86,166.86,166.86,33
2024-10-02T09:44:30+02:00,166.96,166.96,166.96,166.96,1
2024-10-02T09:45:00+02:00,166.96,167,166.96,167,47
2024-10-02T09:45:30+02:00,167,167,167,167,45
2024-10-02T09:47:30+02:00,166.98,167,166.98,167,21
2024-10-02T09:48:00+02:00,167.04,167.04,167.02,167.02,586
2024-10-02T09:52:30+02:00,166.82,166.82,166.8,166.8,70
2024-10-02T09:54:00+02:00,166.9,166.94,166.9,166.94,20
2024-10-02T09:55:30+02:00,166.8,166.8,166.8,166.8,50
2024-10-02T09:56:00+02:00,166.78,166.78,166.78,166.78,6
2024-10-02T09:56:30+02:00,166.78,166.78,166.76,166.76,200
2024-10-02T10:00:00+02:00,166.74,166.8,166.74,166.8,1272
2024-10-02T10:00:30+02:00,166.88,166.88,166.88,166.88,325
2024-10-02T10:01:30+02:00,166.82,166.82,166.82,166.82,20
2024-10-02T10:02:00+02:00,166.94,166.94,166.92,166.92,393
2024-10-02T10:02:30+02:00,166.94,166.94,166.94,166.94,791
2024-10-02T10:03:30+02:00,167.1,167.1,167.1,167.1,3
2024-10-02T10:05:00+02:00,167.12,167.12,167.12,167.12,27
2024-10-02T10:06:00+02:00,167.08,167.08,167.08,167.08,4
2024-10-02T10:09:30+02:00,167.14,167.14,167.14,167.14,80
2024-10-02T10:11:00+02:00,166.96,166.96,166.96,166.96,370
2024-10-02T10:12:30+02:00,166.86,166.86,166.86,166.86,2
2024-10-02T10:22:00+02:00,166.68,166.68,166.66,166.66,150
2024-10-02T10:33:30+02:00,166.68,166.68,166.68,166.68,30
2024-10-02T10:37:30+02:00,166.84,166.84,166.84,166.84,20
2024-10-02T10:47:30+02:00,166.92,166.92,166.92,166.92,1
2024-10-02T10:49:30+02:00,166.86,166.86,166.86,166.86,156
2024-10-02T10:50:00+02:00,166.9,166.9,166.9,166.9,57
2024-10-02T10:50:30+02:00,166.9,166.9,166.9,166.9,10
2024-10-02T10:52:00+02:00,166.8,166.8,166.8,166.8,30
2024-10-02T10:59:00+02:00,166.84,166.84,166.84,166.84,4
2024-10-02T11:00:30+02:00,166.9,166.9,166.9,166.9,230
2024-10-02T11:02:00+02:00,166.78,166.8,166.78,166.8,8
2024-10-02T11:04:30+02:00,166.8,166.8,166.8,166.8,20
2024-10-02T11:05:30+02:00,166.78,166.78,166.78,166.78,54
2024-10-02T11:10:30+02:00,166.76,166.76,166.76,166.76,2
2024-10-02T11:13:30+02:00,166.88,166.94,166.88,166.94,29
2024-10-02T11:14:00+02:00,166.8,166.8,166.8,166.8,22
2024-10-02T11:18:00+02:00,166.66,166.66,166.66,166.66,40
2024-10-02T11:35:30+02:00,166.94,166.96,166.94,166.94,158
2024-10-02T11:36:00+02:00,166.94,166.94,166.94,166.94,3
2024-10-02T11:41:30+02:00,167,167,167,167,21
2024-10-02T11:44:00+02:00,166.86,166.86,166.82,166.82,10
2024-10-02T11:49:30+02:00,166.8,166.8,166.8,166.8,3
2024-10-02T11:51:30+02:00,166.64,166.64,166.64,166.64,3
2024-10-02T11:55:30+02:00,166.54,166.54,166.52,166.52,400
2024-10-02T12:05:00+02:00,166.36,166.36,166.34,166.34,600
2024-10-02T12:07:30+02:00,166.44,166.44,166.44,166.44,79
2024-10-02T12:10:00+02:00,166.52,166.52,166.52,166.52,1
2024-10-02T12:18:00+02:00,166.4,166.4,166.4,166.4,50
2024-10-02T12:19:30+02:00,166.58,166.58,166.58,166.58,29
2024-10-02T12:27:00+02:00,166.82,166.82,166.82,166.82,170
2024-10-02T12:32:30+02:00,167,167,167,167,1000
2024-10-02T12:34:30+02:00,166.98,166.98,166.98,166.98,20
2024-10-02T12:36:30+02:00,167.1,167.14,167.1,167.14,700
2024-10-02T12:37:00+02:00,167.2,167.22,167.2,167.22,260
2024-10-02T12:41:00+02:00,167.1,167.1,167.02,167.06,191
2024-10-02T12:48:30+02:00,166.94,166.94,166.94,166.94,1
2024-10-02T12:50:00+02:00,166.82,166.82,166.76,166.76,144
2024-10-02T13:07:30+02:00,166.84,166.84,166.82,166.82,515
2024-10-02T13:08:00+02:00,166.82,166.82,166.82,166.82,100
2024-10-02T13:17:00+02:00,166.86,166.86,166.86,166.86,30
2024-10-02T13:19:30+02:00,166.74,166.74,166.74,166.74,100
2024-10-02T13:23:00+02:00,166.86,166.86,166.86,166.86,1
2024-10-02T13:24:00+02:00,166.76,166.76,166.66,166.7,1193
2024-10-02T13:27:00+02:00,166.8,166.8,166.8,166.8,53
2024-10-02T13:28:30+02:00,166.76,166.76,166.76,166.76,3
2024-10-02T13:30:30+02:00,166.78,166.78,166.78,166.78,76
2024-10-02T13:42:00+02:00,166.64,166.64,166.64,166.64,3
2024-10-02T13:43:30+02:00,166.8,166.8,166.8,166.8,30
2024-10-02T13:50:00+02:00,166.74,166.74,166.74,166.74,85
2024-10-02T13:51:30+02:00,166.7,166.7,166.64,166.64,120
2024-10-02T13:54:00+02:00,166.74,166.8,166.74,166.8,261
2024-10-02T13:54:30+02:00,166.8,166.8,166.8,166.8,213
2024-10-02T13:56:00+02:00,166.8,166.84,166.8,166.84,53
2024-10-02T13:57:00+02:00,166.74,166.74,166.74,166.74,207
2024-10-02T13:57:30+02:00,166.74,166.74,166.74,166.74,226
2024-10-02T13:58:00+02:00,166.64,166.64,166.64,166.64,70
2024-10-02T14:01:30+02:00,166.7,166.7,166.7,166.7,3
2024-10-02T14:04:30+02:00,166.76,166.76,166.76,166.76,150
2024-10-02T14:08:30+02:00,166.56,166.56,166.56,166.56,30
2024-10-02T14:21:00+02:00,166.8,166.8,166.78,166.78,72
2024-10-02T14:29:00+02:00,166.76,166.76,166.76,166.76,4
2024-10-02T14:30:00+02:00,166.88,166.88,166.88,166.88,75
2024-10-02T14:31:30+02:00,166.9,166.9,166.9,166.9,84
2024-10-02T14:32:30+02:00,166.88,166.88,166.88,166.88,3
2024-10-02T14:33:00+02:00,166.88,166.88,166.88,166.88,50
2024-10-02T14:38:30+02:00,167.06,167.06,167.06,167.06,100
2024-10-02T14:39:30+02:00,167.2,167.22,167.2,167.2,653
2024-10-02T14:40:30+02:00,167.32,167.32,167.32,167.32,4
2024-10-02T14:41:00+02:00,167.44,167.44,167.44,167.44,3
2024-10-02T14:44:30+02:00,167.34,167.34,167.34,167.34,100
2024-10-02T14:45:00+02:00,167.48,167.52,167.48,167.52,228
2024-10-02T14:47:00+02:00,167.6,167.6,167.5,167.5,56
2024-10-02T14:48:00+02:00,167.44,167.44,167.44,167.44,57
2024-10-02T15:00:00+02:00,167.36,167.36,167.36,167.36,150
2024-10-02T15:02:00+02:00,167.26,167.26,167.26,167.26,6
2024-10-02T15:07:00+02:00,167.34,167.38,167.34,167.38,216
2024-10-02T15:08:30+02:00,167.42,167.42,167.34,167.34,4
2024-10-02T15:10:30+02:00,167.2,167.2,167.2,167.2,2
2024-10-02T15:11:00+02:00,167.3,167.3,167.3,167.3,82
2024-10-02T15:11:30+02:00,167.22,167.22,167.22,167.22,3
2024-10-02T15:12:00+02:00,167.34,167.34,167.34,167.34,38
2024-10-02T15:14:00+02:00,167.38,167.38,167.38,167.38,100
2024-10-02T15:19:30+02:00,167.32,167.32,167.32,167.32,370
2024-10-02T15:25:00+02:00,167,167,166.82,166.96,531
2024-10-02T15:27:30+02:00,167.18,167.18,167.18,167.18,39
2024-10-02T15:30:00+02:00,167.22,167.3,167.22,167.3,79
2024-10-02T15:31:00+02:00,167.16,167.16,167.16,167.16,32
2024-10-02T15:32:00+02:00,167.58,167.58,167.58,167.58,40
2024-10-02T15:32:30+02:00,167.64,168,167.62,168,700
2024-10-02T15:35:00+02:00,167.7,167.7,167.7,167.7,100
2024-10-02T15:36:00+02:00,167.56,167.56,167.56,167.56,310
2024-10-02T15:38:00+02:00,167.22,167.22,167.22,167.22,1
2024-10-02T15:38:30+02:00,167.18,167.18,167.18,167.18,113
2024-10-02T15:40:00+02:00,167.38,167.44,167.38,167.44,84
2024-10-02T15:40:30+02:00,167.3,167.3,167.3,167.3,300
2024-10-02T15:41:00+02:00,167.32,167.36,167.32,167.36,306
2024-10-02T15:42:00+02:00,167.26,167.26,167.26,167.26,60
2024-10-02T15:42:30+02:00,166.94,166.94,166.94,166.94,200
2024-10-02T15:43:30+02:00,166.94,166.94,166.94,166.94,61
2024-10-02T15:44:00+02:00,166.92,166.92,166.9,166.9,351
2024-10-02T15:47:00+02:00,166.86,166.86,166.86,166.86,276
2024-10-02T15:47:30+02:00,166.62,166.62,166.56,166.56,553
2024-10-02T15:48:30+02:00,166.86,166.86,166.84,166.86,191
2024-10-02T15:49:00+02:00,166.8,166.8,166.8,166.8,166
2024-10-02T15:50:00+02:00,166.68,166.72,166.68,166.72,194
2024-10-02T15:50:30+02:00,166.74,166.74,166.74,166.74,158
2024-10-02T15:51:00+02:00,166.72,166.72,166.72,166.72,74
2024-10-02T15:53:00+02:00,166.8,166.82,166.8,166.82,78
2024-10-02T15:54:00+02:00,166.68,166.68,166.68,166.68,40
2024-10-02T15:55:30+02:00,166.94,166.94,166.94,166.94,41
2024-10-02T15:57:00+02:00,166.86,166.98,166.86,166.98,152
2024-10-02T16:01:30+02:00,166.88,166.88,166.88,166.88,350
2024-10-02T16:02:30+02:00,166.9,166.9,166.9,166.9,82
2024-10-02T16:05:00+02:00,166.92,166.92,166.86,166.86,168
2024-10-02T16:07:00+02:00,166.78,166.78,166.78,166.78,74
2024-10-02T16:10:00+02:00,166.78,166.78,166.78,166.78,74
2024-10-02T16:10:30+02:00,166.9,166.9,166.9,166.9,44
2024-10-02T16:11:00+02:00,167.02,167.02,167.02,167.02,63
2024-10-02T16:14:00+02:00,167.08,167.08,167.08,167.08,1
2024-10-02T16:15:30+02:00,167,167,167,167,84
2024-10-02T16:18:30+02:00,167.06,167.06,167.06,167.06,84
2024-10-02T16:20:00+02:00,167.32,167.32,167.32,167.32,60
2024-10-02T16:23:00+02:00,167.14,167.14,167.14,167.14,200
2024-10-02T16:26:00+02:00,167.12,167.12,167.12,167.12,49
2024-10-02T16:27:30+02:00,167.54,167.54,167.54,167.54,100
2024-10-02T16:28:30+02:00,167.6,167.6,167.6,167.6,58
2024-10-02T16:29:00+02:00,167.62,167.62,167.62,167.62,200
2024-10-02T16:29:30+02:00,167.68,167.7,167.68,167.7,264
2024-10-02T16:35:30+02:00,167.68,167.68,167.68,167.68,31
2024-10-02T16:36:00+02:00,167.74,167.76,167.74,167.76,390
2024-10-02T16:40:00+02:00,167.82,167.82,167.82,167.82,67
2024-10-02T16:41:00+02:00,167.68,167.68,167.68,167.68,84
2024-10-02T16:42:30+02:00,167.64,167.64,167.64,167.64,84
2024-10-02T16:44:00+02:00,167.52,167.52,167.52,167.52,5
2024-10-02T16:45:00+02:00,167.44,167.44,167.42,167.42,158
2024-10-02T16:48:00+02:00,167.52,167.52,167.52,167.52,50
2024-10-02T16:49:00+02:00,167.64,167.64,167.64,167.64,39
2024-10-02T16:49:30+02:00,167.88,167.88,167.88,167.88,51
2024-10-02T16:52:30+02:00,167.76,167.76,167.62,167.64,178
2024-10-02T17:02:00+02:00,167.84,167.84,167.84,167.84,10
2024-10-02T17:03:30+02:00,168,168,168,168,4
2024-10-02T17:05:00+02:00,168.14,168.14,168.14,168.14,1
2024-10-02T17:05:30+02:00,168.1,168.1,168.1,168.1,367
2024-10-02T17:06:30+02:00,167.98,167.98,167.98,167.98,8
2024-10-02T17:11:00+02:00,168.04,168.06,168.04,168.06,158
2024-10-02T17:11:30+02:00,168.04,168.04,168.04,168.04,40
2024-10-02T17:12:00+02:00,168.16,168.16,168.16,168.16,200
2024-10-02T17:12:30+02:00,168.24,168.24,168.24,168.24,68
2024-10-02T17:14:30+02:00,168.4,168.4,168.4,168.4,57
2024-10-02T17:15:00+02:00,168.46,168.46,168.46,168.46,131
2024-10-02T17:16:00+02:00,168.44,168.44,168.44,168.44,2
2024-10-02T17:17:00+02:00,168.6,168.6,168.6,168.6,182
2024-10-02T17:19:30+02:00,168.96,168.96,168.96,168.96,74
2024-10-02T17:20:00+02:00,168.88,168.88,168.88,168.88,84
2024-10-02T17:21:00+02:00,168.88,168.88,168.88,168.88,51
2024-10-02T17:21:30+02:00,168.84,168.84,168.82,168.82,154
2024-10-02T17:22:00+02:00,168.62,168.62,168.62,168.62,40
2024-10-02T17:22:30+02:00,168.54,168.54,168.54,168.54,84
2024-10-02T17:25:30+02:00,168.56,168.56,168.56,168.56,35
2024-10-02T17:27:30+02:00,168.4,168.4,168.4,168.4,1
2024-10-02T17:28:00+02:00,168.42,168.42,168.42,168.42,1
2024-10-02T17:29:30+02:00,168.56,168.56,168.56,168.56,55
2024-10-03T09:04:00+02:00,166.9,167,166.9,167,1057
2024-10-03T09:08:00+02:00,167.04,167.04,167.04,167.04,1
2024-10-03T09:13:00+02:00,166.88,166.9,166.88,166.9,455
2024-10-03T09:14:00+02:00,166.9,167,166.82,167,365
2024-10-03T09:15:00+02:00,166.86,166.86,166.8,166.8,5
2024-10-03T09:16:00+02:00,166.8,166.8,166.8,166.8,51
2024-10-03T09:28:30+02:00,167,167,167,167,126
2024-10-03T09:29:00+02:00,166.82,166.82,166.8,166.8,128
2024-10-03T09:30:30+02:00,166.76,166.78,166.68,166.68,1579
2024-10-03T09:31:00+02:00,166.6,166.6,166.6,166.6,5
2024-10-03T09:31:30+02:00,166.86,166.86,166.86,166.86,6
2024-10-03T09:32:00+02:00,166.64,166.64,166.64,166.64,100
2024-10-03T09:32:30+02:00,166.64,166.64,166.64,166.64,200
2024-10-03T09:33:00+02:00,166.62,166.62,166.62,166.62,200
2024-10-03T09:33:30+02:00,166.74,166.74,166.74,166.74,15
2024-10-03T09:34:00+02:00,166.5,166.5,166.5,166.5,100
2024-10-03T09:41:30+02:00,166.42,166.42,166.42,166.42,102
2024-10-03T09:44:00+02:00,166.38,166.38,166.38,166.38,50
2024-10-03T09:47:30+02:00,166.52,166.52,166.52,166.52,2
2024-10-03T09:49:00+02:00,166.54,166.56,166.5,166.5,193
2024-10-03T10:00:00+02:00,166.62,166.8,166.62,166.8,58
2024-10-03T10:00:30+02:00,166.82,166.82,166.82,166.82,3
2024-10-03T10:03:00+02:00,166.88,166.88,166.76,166.76,479
2024-10-03T10:04:30+02:00,166.72,166.72,166.62,166.62,462
2024-10-03T10:08:30+02:00,166.54,166.54,166.54,166.54,7
2024-10-03T10:13:00+02:00,166.5,166.5,166.5,166.5,210
2024-10-03T10:20:30+02:00,166.44,166.44,166.44,166.44,160
2024-10-03T10:21:30+02:00,166.52,166.52,166.52,166.52,60
2024-10-03T10:32:00+02:00,166.24,166.44,166.24,166.44,26
2024-10-03T10:45:00+02:00,166.48,166.48,166.48,166.48,44
2024-10-03T10:47:00+02:00,166.52,166.52,166.52,166.52,168
2024-10-03T10:48:00+02:00,166.52,166.52,166.5,166.5,300
2024-10-03T10:57:00+02:00,166.44,166.44,166.44,166.44,3
2024-10-03T11:15:30+02:00,166.54,166.54,166.54,166.54,25
2024-10-03T11:40:30+02:00,166.34,166.34,166.34,166.34,10
2024-10-03T11:42:00+02:00,166.44,166.44,166.44,166.44,161
2024-10-03T11:46:00+02:00,166.44,166.44,166.44,166.44,3
2024-10-03T11:48:00+02:00,166.54,166.54,166.54,166.54,34
2024-10-03T11:57:30+02:00,166.5,166.5,166.4,166.4,377
2024-10-03T12:00:00+02:00,166.44,166.46,166.44,166.46,51
2024-10-03T12:05:30+02:00,166.46,166.46,166.46,166.46,3
2024-10-03T12:06:30+02:00,166.48,166.48,166.48,166.48,1
2024-10-03T12:15:00+02:00,166.48,166.48,166.48,166.48,150
2024-10-03T13:00:00+02:00,166.4,166.4,166.4,166.4,110
2024-10-03T13:05:30+02:00,166.72,166.72,166.72,166.72,3
2024-10-03T13:07:30+02:00,166.74,166.74,166.74,166.74,371
2024-10-03T13:10:00+02:00,166.66,166.66,166.56,166.56,185
2024-10-03T13:14:30+02:00,166.66,166.66,166.66,166.66,3
2024-10-03T13:18:30+02:00,166.5,166.5,166.5,166.5,12
2024-10-03T13:22:30+02:00,166.54,166.54,166.54,166.54,100
2024-10-03T13:23:00+02:00,166.5,166.5,166.48,166.48,188
2024-10-03T13:26:30+02:00,166.52,166.52,166.48,166.48,619
2024-10-03T13:43:30+02:00,166.74,166.74,166.74,166.74,1
2024-10-03T13:44:30+02:00,166.78,166.78,166.74,166.74,100
2024-10-03T14:04:00+02:00,166.82,166.82,166.76,166.76,623
2024-10-03T14:06:00+02:00,166.9,166.9,166.9,166.9,4
2024-10-03T14:08:00+02:00,166.84,166.84,166.82,166.82,89
2024-10-03T14:18:00+02:00,166.92,166.92,166.92,166.92,189
2024-10-03T14:26:30+02:00,166.84,166.84,166.84,166.84,25
2024-10-03T14:28:00+02:00,167.06,167.08,167.06,167.08,68
2024-10-03T14:32:30+02:00,166.96,166.96,166.96,166.96,3
2024-10-03T14:34:00+02:00,167.12,167.12,167.08,167.08,312
2024-10-03T14:34:30+02:00,167,167,167,167,1
2024-10-03T14:35:00+02:00,166.9,166.9,166.9,166.9,9
2024-10-03T14:35:30+02:00,166.84,166.84,166.84,166.84,37
2024-10-03T14:38:00+02:00,166.74,166.74,166.74,166.74,3
2024-10-03T14:39:30+02:00,166.4,166.42,166.4,166.42,601
2024-10-03T14:40:00+02:00,166.44,166.44,166.44,166.44,1
2024-10-03T14:54:30+02:00,166.52,166.52,166.5,166.5,138
2024-10-03T14:55:30+02:00,166.68,166.68,166.46,166.46,33
2024-10-03T14:56:30+02:00,166.48,166.48,166.48,166.48,1
2024-10-03T14:58:30+02:00,166.38,166.38,166.3,166.3,283
2024-10-03T14:59:00+02:00,166.3,166.3,166.3,166.3,495
2024-10-03T14:59:30+02:00,166.3,166.3,166.1,166.1,784
2024-10-03T15:00:00+02:00,166.18,166.18,166.18,166.18,150
2024-10-03T15:01:30+02:00,166.24,166.24,166.24,166.24,3
2024-10-03T15:06:00+02:00,166.2,166.2,166.2,166.2,215
2024-10-03T15:07:00+02:00,166.12,166.12,166.12,166.12,18
2024-10-03T15:10:30+02:00,166.2,166.2,166.18,166.18,381
2024-10-03T15:11:00+02:00,166.16,166.16,166.14,166.14,62
2024-10-03T15:12:30+02:00,166.1,166.1,166.1,166.1,45
2024-10-03T15:16:00+02:00,166.1,166.1,166.1,166.1,15
2024-10-03T15:25:00+02:00,166.14,166.14,166.14,166.14,9
2024-10-03T15:25:30+02:00,166.02,166.02,166,166,147
2024-10-03T15:28:00+02:00,165.74,165.74,165.6,165.6,676
2024-10-03T15:29:00+02:00,165.68,165.78,165.68,165.78,57
2024-10-03T15:30:00+02:00,165.78,165.78,165.26,165.26,437
2024-10-03T15:30:30+02:00,165.14,165.14,164.36,164.36,925
2024-10-03T15:31:00+02:00,164.32,164.32,163.86,164.26,437
2024-10-03T15:31:30+02:00,164.44,164.44,164.44,164.44,81
2024-10-03T15:35:30+02:00,165.3,165.4,165.3,165.4,377
2024-10-03T15:36:00+02:00,165.3,165.3,165.3,165.3,10
2024-10-03T15:37:00+02:00,165.6,165.6,165.6,165.6,1
2024-10-03T15:38:30+02:00,165.34,165.38,165.34,165.38,820
2024-10-03T15:39:00+02:00,165.18,165.18,165.18,165.18,3
2024-10-03T15:40:00+02:00,165.34,165.76,165.32,165.36,5474
2024-10-03T15:41:00+02:00,165.44,165.46,165.42,165.46,233
2024-10-03T15:41:30+02:00,165.56,165.56,165.56,165.56,1
2024-10-03T15:42:30+02:00,165.72,165.72,165.72,165.72,84
2024-10-03T15:43:30+02:00,165.66,165.66,165.66,165.66,4
2024-10-03T15:44:00+02:00,165.76,165.88,165.76,165.88,653
2024-10-03T15:44:30+02:00,165.86,165.92,165.86,165.92,450
2024-10-03T15:45:00+02:00,165.88,165.88,165.88,165.88,153
2024-10-03T15:45:30+02:00,165.78,165.8,165.78,165.8,394
2024-10-03T15:46:00+02:00,165.84,165.86,165.78,165.8,907
2024-10-03T15:47:00+02:00,165.54,165.54,165.52,165.52,4
2024-10-03T15:48:30+02:00,165.68,165.68,165.68,165.68,226
2024-10-03T15:49:00+02:00,165.86,165.86,165.86,165.86,74
2024-10-03T15:51:00+02:00,165.62,165.62,165.62,165.62,100
2024-10-03T15:51:30+02:00,165.66,165.66,165.66,165.66,156
2024-10-03T15:53:00+02:00,165.74,165.74,165.68,165.68,85
2024-10-03T15:53:30+02:00,165.84,165.84,165.84,165.84,300
2024-10-03T15:54:00+02:00,165.86,165.86,165.86,165.86,84
2024-10-03T15:54:30+02:00,165.88,165.94,165.88,165.94,87
2024-10-03T15:56:30+02:00,166.02,166.02,166.02,166.02,91
2024-10-03T15:57:00+02:00,165.88,165.88,165.88,165.88,6
2024-10-03T15:58:30+02:00,165.76,165.76,165.76,165.76,72
2024-10-03T15:59:00+02:00,165.56,165.58,165.56,165.58,500
2024-10-03T15:59:30+02:00,165.6,165.6,165.6,165.6,103
2024-10-03T16:01:00+02:00,166.04,166.04,166.04,166.04,59
2024-10-03T16:01:30+02:00,166.08,166.1,166.06,166.1,280
2024-10-03T16:02:30+02:00,166.3,166.3,166.2,166.2,286
2024-10-03T16:03:00+02:00,166.02,166.04,166.02,166.04,452
2024-10-03T16:03:30+02:00,165.96,165.96,165.96,165.96,65
2024-10-03T16:04:30+02:00,166.2,166.2,166.2,166.2,1
2024-10-03T16:07:30+02:00,166.12,166.12,166.12,166.12,100
2024-10-03T16:08:00+02:00,166.16,166.16,166.16,166.16,69
2024-10-03T16:09:30+02:00,166.14,166.14,166.14,166.14,73
2024-10-03T16:12:00+02:00,166.22,166.22,166.22,166.22,300
2024-10-03T16:12:30+02:00,166.14,166.14,166.12,166.12,969
2024-10-03T16:13:30+02:00,165.54,165.54,165.54,165.54,3
2024-10-03T16:14:00+02:00,165.24,165.24,165.18,165.18,547
2024-10-03T16:16:00+02:00,165.1,165.1,165.06,165.06,241
2024-10-03T16:16:30+02:00,165.12,165.12,165.12,165.12,1
2024-10-03T16:22:00+02:00,164.72,164.72,164.72,164.72,80
2024-10-03T16:22:30+02:00,164.4,164.4,164.4,164.4,80
2024-10-03T16:23:00+02:00,164.38,164.38,164.38,164.38,147
2024-10-03T16:24:00+02:00,164.62,164.62,164.58,164.58,9
2024-10-03T16:24:30+02:00,164.54,164.54,164.54,164.54,2
2024-10-03T16:25:30+02:00,164.6,164.6,164.5,164.5,152
2024-10-03T16:26:30+02:00,164.58,164.58,164.58,164.58,9
2024-10-03T16:27:00+02:00,164.6,164.68,164.6,164.68,180
2024-10-03T16:29:00+02:00,164.58,164.58,164.58,164.58,80
2024-10-03T16:30:00+02:00,164.52,164.52,164.52,164.52,37
2024-10-03T16:30:30+02:00,164.42,164.42,164.42,164.42,102
2024-10-03T16:31:30+02:00,164.44,164.44,164.44,164.44,2
2024-10-03T16:36:30+02:00,165,165,165,165,66
2024-10-03T16:37:00+02:00,164.9,164.9,164.9,164.9,40
2024-10-03T16:38:30+02:00,164.76,164.76,164.76,164.76,62
2024-10-03T16:39:00+02:00,164.72,164.72,164.72,164.72,7
2024-10-03T16:41:00+02:00,164.72,164.72,164.72,164.72,12
2024-10-03T16:42:00+02:00,164.48,164.48,164.34,164.42,419
2024-10-03T16:44:30+02:00,164.54,164.54,164.52,164.52,17
2024-10-03T16:46:00+02:00,164.44,164.44,164.44,164.44,1100
2024-10-03T16:51:00+02:00,165.14,165.14,165.14,165.14,80
2024-10-03T16:51:30+02:00,165.14,165.14,165.14,165.14,52
2024-10-03T16:53:30+02:00,165.34,165.34,165.34,165.34,10
2024-10-03T16:54:00+02:00,165.34,165.36,165.34,165.36,153
2024-10-03T16:56:00+02:00,165.2,165.2,165.2,165.2,174
2024-10-03T16:56:30+02:00,165.2,165.2,165.2,165.2,146
2024-10-03T16:57:00+02:00,165,165,164.98,164.98,207
2024-10-03T16:57:30+02:00,165.1,165.1,165.1,165.1,200
2024-10-03T16:58:30+02:00,164.92,164.92,164.92,164.92,20
2024-10-03T16:59:00+02:00,164.78,164.78,164.78,164.78,155
2024-10-03T17:00:00+02:00,164.78,164.78,164.78,164.78,80
2024-10-03T17:06:30+02:00,165.22,165.22,165.22,165.22,6
2024-10-03T17:08:30+02:00,165.16,165.16,165.16,165.16,90
2024-10-03T17:11:30+02:00,165.34,165.34,165.34,165.34,198
2024-10-03T17:13:30+02:00,165.24,165.24,165.24,165.24,145
2024-10-03T17:14:00+02:00,165.24,165.24,165.2,165.2,185
2024-10-03T17:14:30+02:00,165.26,165.26,165.24,165.24,465
2024-10-03T17:15:30+02:00,165.28,165.28,165.28,165.28,55
2024-10-03T17:16:00+02:00,165.28,165.28,165.28,165.28,150
2024-10-03T17:18:00+02:00,165.3,165.3,165.3,165.3,117
2024-10-03T17:19:00+02:00,165.32,165.32,165.32,165.32,65
2024-10-03T17:19:30+02:00,165.26,165.26,165.26,165.26,80
2024-10-03T17:20:00+02:00,165.32,165.32,165.32,165.32,84
2024-10-03T17:23:00+02:00,165.5,165.5,165.5,165.5,10
2024-10-03T17:24:00+02:00,165.56,165.56,165.56,165.56,113
2024-10-03T17:24:30+02:00,165.54,165.54,165.54,165.54,12
2024-10-03T17:25:00+02:00,165.46,165.54,165.46,165.54,464
2024-10-03T17:26:30+02:00,165.4,165.4,165.4,165.4,9
2024-10-04T09:04:00+02:00,166.6,166.6,166.6,166.6,653
2024-10-04T09:07:30+02:00,166.94,166.94,166.94,166.94,10
2024-10-04T09:10:00+02:00,166.6,166.6,166.6,166.6,40
2024-10-04T09:10:30+02:00,166.6,166.6,166.56,166.56,30
2024-10-04T09:11:00+02:00,166.66,166.66,166.66,166.66,9
2024-10-04T09:12:30+02:00,166.66,166.66,166.66,166.66,153
2024-10-04T09:13:00+02:00,166.58,166.58,166.58,166.58,10
2024-10-04T09:14:00+02:00,166.54,166.54,166.54,166.54,15
2024-10-04T09:16:30+02:00,166.74,166.74,166.74,166.74,5
2024-10-04T09:21:00+02:00,166.72,166.72,166.72,166.72,50
2024-10-04T09:21:30+02:00,166.8,166.8,166.8,166.8,33
2024-10-04T09:24:30+02:00,166.84,166.84,166.84,166.84,20
2024-10-04T09:25:00+02:00,166.66,166.66,166.58,166.58,300
2024-10-04T09:28:00+02:00,166.84,166.84,166.84,166.84,60
2024-10-04T09:30:30+02:00,166.78,166.78,166.7,166.7,86
2024-10-04T09:35:30+02:00,166.76,166.84,166.76,166.84,252
2024-10-04T09:38:00+02:00,166.82,166.82,166.78,166.78,114
2024-10-04T09:40:30+02:00,166.74,166.74,166.72,166.72,112
2024-10-04T09:44:00+02:00,166.78,166.78,166.78,166.78,49
2024-10-04T09:45:30+02:00,166.88,166.94,166.88,166.94,57
2024-10-04T09:46:00+02:00,166.82,166.82,166.82,166.82,65
2024-10-04T09:50:00+02:00,166.92,166.92,166.92,166.92,30
2024-10-04T09:51:00+02:00,166.94,166.94,166.94,166.94,60
2024-10-04T09:57:30+02:00,166.98,166.98,166.98,166.98,7
2024-10-04T09:58:30+02:00,167,167,167,167,106
2024-10-04T09:59:00+02:00,167,167,167,167,94
2024-10-04T10:00:00+02:00,166.94,167.28,166.94,167.28,262
2024-10-04T10:00:30+02:00,167.34,167.38,167.28,167.38,204
2024-10-04T10:02:30+02:00,167.28,167.28,167.14,167.14,68
2024-10-04T10:03:00+02:00,166.96,166.96,166.96,166.96,10
2024-10-04T10:03:30+02:00,166.88,166.88,166.88,166.88,3
2024-10-04T10:04:30+02:00,167.04,167.04,167.04,167.04,2
2024-10-04T10:08:00+02:00,166.94,166.94,166.92,166.92,600
2024-10-04T10:10:00+02:00,166.86,166.86,166.86,166.86,150
2024-10-04T10:15:30+02:00,167.04,167.04,167.04,167.04,30
2024-10-04T10:16:30+02:00,167.04,167.04,167.04,167.04,256
2024-10-04T10:17:00+02:00,167.06,167.06,167.06,167.06,10
2024-10-04T10:18:00+02:00,167.12,167.12,167.12,167.12,3
2024-10-04T10:20:00+02:00,167.28,167.28,167.28,167.28,203
2024-10-04T10:23:00+02:00,167.44,167.5,167.44,167.5,70
2024-10-04T10:24:30+02:00,167.52,167.58,167.52,167.58,50
2024-10-04T10:29:30+02:00,167.36,167.36,167.36,167.36,100
2024-10-04T10:30:00+02:00,167.36,167.36,167.36,167.36,218
2024-10-04T10:38:00+02:00,167.4,167.4,167.4,167.4,12
2024-10-04T10:40:00+02:00,167.32,167.32,167.32,167.32,3
2024-10-04T10:42:00+02:00,167.22,167.22,167.22,167.22,30
2024-10-04T10:45:30+02:00,167.24,167.24,167.24,167.24,28
2024-10-04T10:47:30+02:00,167.14,167.14,167.14,167.14,11
2024-10-04T10:48:00+02:00,167.14,167.14,167.14,167.14,15
2024-10-04T10:48:30+02:00,167.06,167.06,167.06,167.06,245
2024-10-04T10:50:00+02:00,167.14,167.16,167.14,167.16,271
2024-10-04T11:00:30+02:00,167.26,167.28,167.26,167.28,109
2024-10-04T11:02:30+02:00,167.28,167.28,167.24,167.24,283
2024-10-04T11:03:00+02:00,167.24,167.24,167.24,167.24,838
2024-10-04T11:03:30+02:00,167.28,167.28,167.24,167.24,668
2024-10-04T11:05:00+02:00,167.28,167.28,167.28,167.28,168
2024-10-04T11:05:30+02:00,167.28,167.28,167.28,167.28,100
2024-10-04T11:06:30+02:00,167.28,167.28,167.28,167.28,100
2024-10-04T11:07:00+02:00,167.28,167.28,167.28,167.28,5
2024-10-04T11:07:30+02:00,167.28,167.28,167.26,167.26,1481
2024-10-04T11:09:00+02:00,167.38,167.38,167.38,167.38,1
2024-10-04T11:11:30+02:00,167.46,167.46,167.46,167.46,5
2024-10-04T11:14:00+02:00,167.3,167.3,167.3,167.3,39
2024-10-04T11:15:30+02:00,167.26,167.26,167.26,167.26,156
2024-10-04T11:17:00+02:00,167.3,167.42,167.3,167.42,294
2024-10-04T11:17:30+02:00,167.34,167.34,167.34,167.34,1
2024-10-04T11:25:00+02:00,167.4,167.4,167.4,167.4,400
2024-10-04T11:25:30+02:00,167.48,167.48,167.46,167.46,200
2024-10-04T11:27:30+02:00,167.46,167.46,167.46,167.46,3
2024-10-04T11:29:00+02:00,167.48,167.48,167.48,167.48,40
2024-10-04T11:32:30+02:00,167.42,167.42,167.42,167.42,46
2024-10-04T11:33:00+02:00,167.46,167.46,167.46,167.46,28
2024-10-04T11:38:30+02:00,167.5,167.5,167.5,167.5,20
2024-10-04T11:39:00+02:00,167.5,167.5,167.5,167.5,203
2024-10-04T11:41:30+02:00,167.52,167.52,167.52,167.52,100
2024-10-04T11:42:00+02:00,167.52,167.52,167.5,167.5,386
2024-10-04T11:42:30+02:00,167.48,167.48,167.48,167.48,237
2024-10-04T11:44:00+02:00,167.56,167.56,167.56,167.56,3
2024-10-04T11:47:30+02:00,167.52,167.52,167.52,167.52,10
2024-10-04T11:51:30+02:00,167.56,167.56,167.56,167.56,86
2024-10-04T11:55:00+02:00,167.6,167.6,167.6,167.6,3
2024-10-04T12:09:30+02:00,167.68,167.68,167.68,167.68,20
2024-10-04T12:10:00+02:00,167.58,167.58,167.58,167.58,7
2024-10-04T12:11:00+02:00,167.64,167.66,167.64,167.66,65
2024-10-04T12:14:00+02:00,167.54,167.54,167.54,167.54,14
2024-10-04T12:15:30+02:00,167.64,167.86,167.64,167.86,469
2024-10-04T12:23:00+02:00,167.8,167.8,167.78,167.78,253
2024-10-04T12:26:30+02:00,167.84,167.84,167.84,167.84,3
2024-10-04T12:27:30+02:00,167.9,167.9,167.9,167.9,1303
2024-10-04T12:29:00+02:00,167.9,168.08,167.9,168.08,286
2024-10-04T12:32:30+02:00,167.98,167.98,167.98,167.98,140
2024-10-04T12:37:00+02:00,168.04,168.2,168.04,168.2,124
2024-10-04T12:38:30+02:00,168.24,168.26,168.24,168.26,133
2024-10-04T12:42:30+02:00,168.14,168.14,168.14,168.14,39
2024-10-04T12:44:30+02:00,168.06,168.06,168.04,168.04,5
2024-10-04T12:45:00+02:00,167.98,167.98,167.96,167.96,27
2024-10-04T12:48:30+02:00,168,168,168,168,2
2024-10-04T12:55:00+02:00,167.94,167.94,167.94,167.94,3
2024-10-04T12:59:00+02:00,167.96,168,167.96,168,219
2024-10-04T13:00:00+02:00,168.08,168.08,168.08,168.08,1
2024-10-04T13:02:30+02:00,167.96,167.96,167.96,167.96,40
2024-10-04T13:07:30+02:00,167.9,167.9,167.9,167.9,45
2024-10-04T13:12:00+02:00,167.76,167.76,167.76,167.76,20
2024-10-04T13:17:30+02:00,167.7,167.7,167.7,167.7,8
2024-10-04T13:32:30+02:00,167.7,167.7,167.68,167.68,613
2024-10-04T13:35:00+02:00,167.56,167.56,167.56,167.56,25
2024-10-04T13:36:00+02:00,167.52,167.52,167.52,167.52,5
2024-10-04T13:37:00+02:00,167.58,167.58,167.58,167.58,3
2024-10-04T13:37:30+02:00,167.64,167.64,167.64,167.64,1
2024-10-04T13:42:00+02:00,167.58,167.58,167.58,167.58,138
2024-10-04T13:44:00+02:00,167.48,167.48,167.48,167.48,8
2024-10-04T13:44:30+02:00,167.58,167.58,167.58,167.58,90
2024-10-04T13:54:30+02:00,167.58,167.58,167.58,167.58,300
2024-10-04T13:55:00+02:00,167.48,167.48,167.48,167.48,15
2024-10-04T13:55:30+02:00,167.42,167.42,167.42,167.42,300
2024-10-04T14:05:30+02:00,167.48,167.48,167.4,167.4,717
2024-10-04T14:06:00+02:00,167.56,167.56,167.36,167.36,313
2024-10-04T14:08:00+02:00,167.28,167.28,167.28,167.28,500
2024-10-04T14:08:30+02:00,167.36,167.36,167.36,167.36,23
2024-10-04T14:21:00+02:00,167.44,167.44,167.44,167.44,1
2024-10-04T14:28:00+02:00,167.32,167.32,167.32,167.32,120
2024-10-04T14:28:30+02:00,167.26,167.26,167.26,167.26,7
2024-10-04T14:30:00+02:00,167.3,168.8,167.3,168.8,401
2024-10-04T14:31:30+02:00,168.64,168.64,168.64,168.64,200
2024-10-04T14:32:30+02:00,168.82,168.82,168.8,168.8,606
2024-10-04T14:33:30+02:00,168.86,168.86,168.86,168.86,21
2024-10-04T14:34:00+02:00,168.8,168.8,168.8,168.8,1
2024-10-04T14:35:00+02:00,168.8,168.82,168.8,168.82,450
2024-10-04T14:36:00+02:00,169.1,169.22,168.9,168.9,1486
2024-10-04T14:36:30+02:00,169,169,168.94,168.94,153
2024-10-04T14:38:30+02:00,169.1,169.16,169.1,169.16,707
2024-10-04T14:39:00+02:00,169.16,169.16,169.16,169.16,61
2024-10-04T14:41:00+02:00,169.1,169.1,169.08,169.08,304
2024-10-04T14:43:00+02:00,169.44,169.44,169.44,169.44,7
2024-10-04T14:43:30+02:00,169.48,169.48,169.48,169.48,15
2024-10-04T14:49:00+02:00,169.48,169.48,169.48,169.48,12
2024-10-04T14:51:30+02:00,169.74,169.74,169.72,169.72,228
2024-10-04T14:52:30+02:00,169.74,169.74,169.72,169.72,475
2024-10-04T14:53:30+02:00,169.76,169.76,169.76,169.76,250
2024-10-04T14:54:30+02:00,169.84,169.84,169.82,169.82,200
2024-10-04T14:55:00+02:00,170,170,169.96,169.96,264
2024-10-04T14:55:30+02:00,170.04,170.04,170.04,170.04,100
2024-10-04T14:56:30+02:00,170.24,170.24,170.18,170.18,564
2024-10-04T14:57:00+02:00,170.24,170.24,170.14,170.14,334
2024-10-04T14:59:00+02:00,170.06,170.06,170.06,170.06,3
2024-10-04T14:59:30+02:00,170.02,170.06,170.02,170.02,830
2024-10-04T15:01:00+02:00,170.14,170.14,170.14,170.14,40
2024-10-04T15:01:30+02:00,169.86,169.86,169.84,169.84,74
2024-10-04T15:04:00+02:00,170.08,170.08,170.08,170.08,150
2024-10-04T15:11:30+02:00,170.02,170.02,170.02,170.02,130
2024-10-04T15:17:00+02:00,169.68,169.68,169.62,169.62,7
2024-10-04T15:19:30+02:00,169.74,169.74,169.74,169.74,158
2024-10-04T15:20:00+02:00,169.68,169.68,169.64,169.64,155
2024-10-04T15:21:00+02:00,169.54,169.54,169.54,169.54,152
2024-10-04T15:23:30+02:00,169.5,169.5,169.5,169.5,3
2024-10-04T15:25:00+02:00,169.66,169.66,169.66,169.66,25
2024-10-04T15:27:30+02:00,169.38,170.08,169.38,169.94,281
2024-10-04T15:28:00+02:00,169.92,169.92,169.92,169.92,212
2024-10-04T15:30:00+02:00,169.94,169.94,169.48,169.48,44
2024-10-04T15:30:30+02:00,169.56,169.56,169.5,169.56,9
2024-10-04T15:31:00+02:00,169.7,169.72,169.58,169.72,315
2024-10-04T15:32:00+02:00,169.48,169.48,169.48,169.48,300
2024-10-04T15:32:30+02:00,169.56,169.62,169.32,169.62,168
2024-10-04T15:33:30+02:00,169.64,169.64,169.64,169.64,160
2024-10-04T15:34:30+02:00,169.92,169.92,169.92,169.92,30
2024-10-04T15:35:00+02:00,170,170.04,170,170.04,303
2024-10-04T15:35:30+02:00,170.42,170.42,170.42,170.42,1
2024-10-04T15:36:00+02:00,170.5,170.5,170.5,170.5,20
2024-10-04T15:36:30+02:00,170.64,170.64,170.46,170.46,265
2024-10-04T15:37:00+02:00,170.32,170.32,170.32,170.32,117
2024-10-04T15:38:30+02:00,170.7,170.74,170.7,170.74,708
2024-10-04T15:41:30+02:00,170.74,170.74,170.74,170.74,20
2024-10-04T15:43:00+02:00,170.44,170.58,170.44,170.58,74
2024-10-04T15:43:30+02:00,170.38,170.38,170.38,170.38,55
2024-10-04T15:45:00+02:00,170.56,170.56,170.56,170.56,37
2024-10-04T15:45:30+02:00,170.64,170.64,170.64,170.64,60
2024-10-04T15:49:30+02:00,170.92,170.92,170.92,170.92,300
2024-10-04T15:50:00+02:00,170.7,170.7,170.7,170.7,67
2024-10-04T15:51:30+02:00,170.62,170.62,170.62,170.62,3
2024-10-04T15:53:30+02:00,170.16,170.16,170.16,170.16,61
2024-10-04T15:57:00+02:00,169.58,169.58,169.58,169.58,55
2024-10-04T16:00:00+02:00,169.22,169.22,169.22,169.22,129
2024-10-04T16:01:30+02:00,169.36,169.36,169.36,169.36,30
2024-10-04T16:02:30+02:00,169.36,169.38,169.36,169.38,424
2024-10-04T16:04:00+02:00,169.04,169.04,169.04,169.04,68
2024-10-04T16:06:00+02:00,168.8,168.8,168.8,168.8,25
2024-10-04T16:06:30+02:00,168.74,168.74,168.74,168.74,150
2024-10-04T16:07:30+02:00,168.58,168.58,168.58,168.58,39
2024-10-04T16:12:00+02:00,168.18,168.18,168.18,168.18,60
2024-10-04T16:13:30+02:00,168.26,168.26,168.24,168.24,82
2024-10-04T16:14:00+02:00,168.26,168.26,168.26,168.26,62
2024-10-04T16:16:00+02:00,168.2,168.2,168.2,168.2,160
2024-10-04T16:16:30+02:00,168.24,168.24,168.22,168.24,183
2024-10-04T16:17:00+02:00,168.44,168.6,168.44,168.6,340
2024-10-04T16:17:30+02:00,168.58,168.58,168.54,168.54,117
2024-10-04T16:19:00+02:00,168.48,168.48,168.48,168.48,84
2024-10-04T16:20:00+02:00,168.4,168.4,168.4,168.4,200
2024-10-04T16:20:30+02:00,168.3,168.3,168.3,168.3,3
2024-10-04T16:21:00+02:00,168.38,168.38,168.38,168.38,37
2024-10-04T16:23:00+02:00,168.22,168.22,168.22,168.22,3
2024-10-04T16:26:00+02:00,168.2,168.2,168.2,168.2,3
2024-10-04T16:27:30+02:00,167.98,167.98,167.96,167.96,400
2024-10-04T16:28:30+02:00,168.12,168.12,168.12,168.12,25
2024-10-04T16:29:00+02:00,168,168,168,168,5
2024-10-04T16:31:00+02:00,168.08,168.08,168.04,168.04,264
2024-10-04T16:32:30+02:00,168.1,168.1,168.1,168.1,50
2024-10-04T16:33:30+02:00,167.98,167.98,167.98,167.98,3
2024-10-04T16:34:30+02:00,168.04,168.04,168.04,168.04,32
2024-10-04T16:41:00+02:00,168.54,168.54,168.54,168.54,42
2024-10-04T16:42:30+02:00,168.3,168.3,168.3,168.3,25
2024-10-04T16:43:00+02:00,168.3,168.3,168.3,168.3,3
2024-10-04T16:45:00+02:00,168.44,168.44,168.44,168.44,3
2024-10-04T16:45:30+02:00,168.42,168.42,168.42,168.42,270
2024-10-04T16:46:30+02:00,168.3,168.3,168.28,168.28,8
2024-10-04T16:48:30+02:00,168.48,168.48,168.48,168.48,3
2024-10-04T16:49:00+02:00,168.48,168.48,168.48,168.48,3
2024-10-04T16:50:00+02:00,168.52,168.52,168.44,168.44,50
2024-10-04T16:50:30+02:00,168.54,168.54,168.54,168.54,3
2024-10-04T16:51:30+02:00,168.56,168.56,168.56,168.56,6
2024-10-04T16:53:30+02:00,168.5,168.5,168.5,168.5,3
2024-10-04T16:54:00+02:00,168.48,168.48,168.48,168.48,3
2024-10-04T16:54:30+02:00,168.42,168.56,168.42,168.56,747
2024-10-04T16:55:30+02:00,168.56,168.56,168.56,168.56,1
2024-10-04T16:56:00+02:00,168.44,168.44,168.44,168.44,466
2024-10-04T16:56:30+02:00,168.34,168.34,168.34,168.34,13
2024-10-04T16:58:00+02:00,168.38,168.38,168.38,168.38,45
2024-10-04T17:01:00+02:00,168.86,168.86,168.86,168.86,75
2024-10-04T17:01:30+02:00,168.9,168.9,168.9,168.9,17
2024-10-04T17:05:00+02:00,168.74,168.74,168.74,168.74,74
2024-10-04T17:06:30+02:00,168.68,168.74,168.68,168.74,161
2024-10-04T17:08:00+02:00,168.7,168.7,168.7,168.7,56
2024-10-04T17:09:30+02:00,168.58,168.58,168.58,168.58,74
2024-10-04T17:10:00+02:00,168.64,168.64,168.64,168.64,75
2024-10-04T17:12:30+02:00,168.5,168.5,168.5,168.5,75
2024-10-04T17:13:00+02:00,168.54,168.54,168.5,168.5,166
2024-10-04T17:13:30+02:00,168.52,168.52,168.46,168.46,258
2024-10-04T17:14:00+02:00,168.34,168.38,168.34,168.38,704
2024-10-04T17:14:30+02:00,168.38,168.38,168.38,168.38,152
2024-10-04T17:16:30+02:00,168.1,168.1,168.1,168.1,63
2024-10-04T17:17:00+02:00,168.18,168.18,168.18,168.18,150
2024-10-04T17:17:30+02:00,168.16,168.16,168.16,168.16,67
2024-10-04T17:18:00+02:00,168.18,168.18,168.18,168.18,1
2024-10-04T17:19:30+02:00,168.08,168.14,168.08,168.14,308
2024-10-04T17:20:00+02:00,168,168,167.98,167.98,370
2024-10-04T17:20:30+02:00,167.92,167.94,167.92,167.94,218
2024-10-04T17:21:00+02:00,167.94,167.94,167.94,167.94,3
2024-10-04T17:22:00+02:00,167.96,167.96,167.94,167.94,142
2024-10-04T17:23:30+02:00,167.78,167.78,167.78,167.78,75
2024-10-04T17:25:00+02:00,167.86,167.86,167.86,167.86,1
2024-10-04T17:25:30+02:00,167.84,167.84,167.84,167.84,2
2024-10-04T17:27:00+02:00,167.72,167.72,167.72,167.72,49
2024-10-04T17:29:30+02:00,167.74,167.78,167.74,167.78,121
2024-10-07T09:04:00+02:00,169.4,169.82,169.4,169.82,758
2024-10-07T09:05:30+02:00,169.78,169.78,169.78,169.78,1
2024-10-07T09:06:00+02:00,169.68,169.68,169.68,169.68,183
2024-10-07T09:09:00+02:00,169.7,169.7,169.68,169.68,200
2024-10-07T09:11:00+02:00,169.88,169.88,169.74,169.74,60
2024-10-07T09:12:30+02:00,169.7,169.7,169.7,169.7,6
2024-10-07T09:16:00+02:00,169.6,169.68,169.6,169.68,234
2024-10-07T09:19:00+02:00,169.82,169.84,169.82,169.84,88
2024-10-07T09:20:30+02:00,169.8,169.8,169.8,169.8,18
2024-10-07T09:21:00+02:00,169.82,169.82,169.82,169.82,16
2024-10-07T09:25:00+02:00,169.74,169.74,169.64,169.64,270
2024-10-07T09:28:30+02:00,169.68,169.68,169.68,169.68,25
2024-10-07T09:30:00+02:00,169.76,169.76,169.76,169.76,1
2024-10-07T09:33:30+02:00,169.8,169.8,169.8,169.8,6
2024-10-07T09:38:00+02:00,169.6,169.6,169.6,169.6,3
2024-10-07T09:38:30+02:00,169.62,169.74,169.62,169.66,300
2024-10-07T09:39:30+02:00,169.6,169.6,169.56,169.56,5
2024-10-07T09:40:30+02:00,169.52,169.52,169.52,169.52,2
2024-10-07T09:41:30+02:00,169.6,169.6,169.6,169.6,180
2024-10-07T09:42:30+02:00,169.56,169.56,169.54,169.54,241
2024-10-07T09:47:00+02:00,169.52,169.52,169.52,169.52,15
2024-10-07T09:48:00+02:00,169.68,169.68,169.68,169.68,100
2024-10-07T09:58:00+02:00,169.46,169.46,169.46,169.46,179
2024-10-07T10:00:00+02:00,169.48,169.5,169.42,169.5,22
2024-10-07T10:00:30+02:00,169.5,169.5,169.5,169.5,20
2024-10-07T10:01:00+02:00,169.62,169.7,169.62,169.7,220
2024-10-07T10:02:30+02:00,169.68,169.68,169.66,169.66,8
2024-10-07T10:03:00+02:00,169.54,169.54,169.54,169.54,3
2024-10-07T10:05:30+02:00,169.42,169.42,169.42,169.42,5
2024-10-07T10:06:30+02:00,169.3,169.3,169.3,169.3,3
2024-10-07T10:07:00+02:00,169.02,169.02,168.98,168.98,27
2024-10-07T10:09:30+02:00,169.22,169.24,169.22,169.24,40
2024-10-07T10:13:00+02:00,169.24,169.24,169.24,169.24,25
2024-10-07T10:20:30+02:00,169.28,169.28,169.1,169.1,90
2024-10-07T10:24:00+02:00,169.16,169.16,169.16,169.16,12
2024-10-07T10:27:30+02:00,169.02,169.02,169.02,169.02,30
2024-10-07T10:33:00+02:00,169.16,169.16,169.16,169.16,8
2024-10-07T10:34:30+02:00,169.12,169.12,169.1,169.1,300
2024-10-07T10:41:00+02:00,169.2,169.2,169.2,169.2,20
2024-10-07T10:46:30+02:00,169.24,169.24,169.22,169.24,804
2024-10-07T10:47:00+02:00,169.28,169.28,169.28,169.28,264
2024-10-07T10:48:00+02:00,169.32,169.32,169.32,169.32,7
2024-10-07T10:49:30+02:00,169.3,169.3,169.3,169.3,367
2024-10-07T10:50:00+02:00,169.32,169.32,169.32,169.32,20
2024-10-07T10:54:00+02:00,169.26,169.26,169.26,169.26,152
2024-10-07T10:59:30+02:00,169.26,169.26,169.26,169.26,2
2024-10-07T11:00:00+02:00,169.28,169.3,169.28,169.3,177
2024-10-07T11:01:00+02:00,169.3,169.3,168.52,168.52,776
2024-10-07T11:01:30+02:00,168.26,168.3,168.12,168.12,113
2024-10-07T11:02:30+02:00,168.28,168.28,168.28,168.28,1
2024-10-07T11:03:00+02:00,168.3,168.3,167.68,167.68,530
2024-10-07T11:03:30+02:00,167.66,167.68,167.16,167.36,2504
2024-10-07T11:04:00+02:00,167.44,167.44,167.4,167.4,300
2024-10-07T11:05:30+02:00,167.56,167.56,167.56,167.56,30
2024-10-07T11:06:00+02:00,167.32,167.32,167.06,167.16,396
2024-10-07T11:07:00+02:00,167.22,167.34,167.22,167.34,450
2024-10-07T11:07:30+02:00,167.36,167.36,167.34,167.34,267
2024-10-07T11:08:00+02:00,167.2,167.34,166.96,167.34,2331
2024-10-07T11:09:00+02:00,167.36,167.36,167.34,167.34,250
2024-10-07T11:09:30+02:00,167.1,167.1,166.64,166.9,411
2024-10-07T11:10:00+02:00,166.88,166.88,166.88,166.88,200
2024-10-07T11:11:00+02:00,166.84,166.84,166.84,166.84,600
2024-10-07T11:12:00+02:00,166.88,166.88,166.88,166.88,100
2024-10-07T11:12:30+02:00,166.82,166.82,166.82,166.82,3
2024-10-07T11:14:30+02:00,167.18,167.18,167.18,167.18,3
2024-10-07T11:15:00+02:00,166.92,166.92,166.92,166.92,3
2024-10-07T11:15:30+02:00,167.06,167.06,167.06,167.06,10
2024-10-07T11:16:00+02:00,166.88,166.88,166.88,166.88,30
2024-10-07T11:19:00+02:00,167.12,167.18,166.86,166.86,3196
2024-10-07T11:19:30+02:00,166.96,167.04,166.96,167.04,20
2024-10-07T11:20:00+02:00,167.04,167.04,167.04,167.04,1543
2024-10-07T11:21:00+02:00,167.04,167.04,167.04,167.04,100
2024-10-07T11:21:30+02:00,167.04,167.04,167.04,167.04,3357
2024-10-07T11:23:30+02:00,167.1,167.1,167.1,167.1,15
2024-10-07T11:25:00+02:00,166.92,166.92,166.8,166.8,211
2024-10-07T11:25:30+02:00,166.74,166.74,166.74,166.74,161
2024-10-07T11:26:30+02:00,166.6,166.6,166.6,166.6,17
2024-10-07T11:28:00+02:00,166.66,166.66,166.58,166.58,359
2024-10-07T11:28:30+02:00,166.68,166.7,166.6,166.6,305
2024-10-07T11:29:00+02:00,166.56,166.56,166.56,166.56,3
2024-10-07T11:30:00+02:00,166.58,166.6,166.58,166.6,237
2024-10-07T11:32:00+02:00,166.62,166.62,166.62,166.62,150
2024-10-07T11:33:00+02:00,166.5,166.58,166.5,166.54,739
2024-10-07T11:33:30+02:00,166.5,166.5,166.5,166.5,155
2024-10-07T11:34:00+02:00,166.52,166.58,166.5,166.58,382
2024-10-07T11:35:00+02:00,166.54,166.54,166.54,166.54,243
2024-10-07T11:35:30+02:00,166.44,166.44,166.44,166.44,3
2024-10-07T11:38:00+02:00,166.34,166.34,166.34,166.34,80
2024-10-07T11:39:00+02:00,166.42,166.42,166.4,166.4,120
2024-10-07T11:40:30+02:00,166.62,166.64,166.62,166.64,41
2024-10-07T11:43:00+02:00,166.68,166.68,166.68,166.68,1069
2024-10-07T11:43:30+02:00,166.68,166.68,166.68,166.68,47
2024-10-07T11:45:30+02:00,166.74,166.76,166.74,166.76,369
2024-10-07T11:46:00+02:00,166.86,166.88,166.86,166.88,522
2024-10-07T11:46:30+02:00,167,167,167,167,14
2024-10-07T11:47:30+02:00,167.16,167.18,167.16,167.18,138
2024-10-07T11:48:00+02:00,167.2,167.2,167.2,167.2,50
2024-10-07T11:49:30+02:00,166.9,166.9,166.9,166.9,60
2024-10-07T11:52:30+02:00,167.1,167.12,167.1,167.12,150
2024-10-07T11:54:30+02:00,167.2,167.24,167.2,167.24,257
2024-10-07T11:57:30+02:00,167.36,167.36,167.36,167.36,60
2024-10-07T11:58:30+02:00,167.26,167.26,167.26,167.26,234
2024-10-07T12:00:00+02:00,167.3,167.3,167.24,167.24,42
2024-10-07T12:01:00+02:00,167.24,167.24,167.22,167.22,302
2024-10-07T12:02:00+02:00,167.22,167.22,167.22,167.22,44
2024-10-07T12:06:00+02:00,167.16,167.16,167.16,167.16,156
2024-10-07T12:09:30+02:00,167.1,167.12,167.1,167.12,4
2024-10-07T12:10:00+02:00,167.06,167.06,167.04,167.04,83
2024-10-07T12:12:00+02:00,166.94,166.94,166.94,166.94,69
2024-10-07T12:15:30+02:00,167.12,167.12,167.12,167.12,20
2024-10-07T12:21:30+02:00,167.18,167.18,167.18,167.18,303
2024-10-07T12:24:00+02:00,167.2,167.2,167.2,167.2,3
2024-10-07T12:25:00+02:00,167.18,167.18,167.18,167.18,108
2024-10-07T12:26:00+02:00,167.2,167.34,167.18,167.34,199
2024-10-07T12:29:30+02:00,167.28,167.28,167.28,167.28,150
2024-10-07T12:30:00+02:00,167.28,167.28,167.28,167.28,78
2024-10-07T12:31:00+02:00,167.28,167.28,167.28,167.28,180
2024-10-07T12:37:00+02:00,167.16,167.16,167.16,167.16,85
2024-10-07T12:37:30+02:00,167.16,167.16,167.16,167.16,180
2024-10-07T12:46:00+02:00,167.1,167.1,167.1,167.1,180
2024-10-07T12:50:30+02:00,167.06,167.06,167.06,167.06,59
2024-10-07T12:51:00+02:00,167.06,167.06,167.06,167.06,121
2024-10-07T12:54:00+02:00,167.14,167.14,167.14,167.14,2
2024-10-07T12:54:30+02:00,167.1,167.1,167.1,167.1,180
2024-10-07T13:00:00+02:00,167.34,167.36,167.2,167.2,472
2024-10-07T13:00:30+02:00,167.2,167.2,167.2,167.2,180
2024-10-07T13:01:00+02:00,167.18,167.18,167.18,167.18,1
2024-10-07T13:02:30+02:00,167.1,167.1,167.1,167.1,180
2024-10-07T13:03:30+02:00,167.04,167.04,166.8,166.8,391
2024-10-07T13:04:30+02:00,166.98,166.98,166.86,166.86,166
2024-10-07T13:05:00+02:00,166.86,166.86,166.86,166.86,180
2024-10-07T13:09:30+02:00,167.02,167.02,167.02,167.02,180
2024-10-07T13:11:30+02:00,167.04,167.04,167.04,167.04,180
2024-10-07T13:14:30+02:00,166.98,167,166.98,167,250
2024-10-07T13:17:00+02:00,167.04,167.04,167.04,167.04,559
2024-10-07T13:20:00+02:00,166.94,166.94,166.94,166.94,180
2024-10-07T13:24:00+02:00,166.98,166.98,166.98,166.98,180
2024-10-07T13:30:30+02:00,166.96,166.96,166.96,166.96,59
2024-10-07T13:34:30+02:00,166.76,166.76,166.72,166.72,800
2024-10-07T13:46:00+02:00,167.06,167.06,167.06,167.06,74
2024-10-07T13:56:00+02:00,167.24,167.24,167.24,167.24,200
2024-10-07T13:57:30+02:00,167.18,167.18,167.16,167.16,137
2024-10-07T14:01:30+02:00,167.04,167.04,167.04,167.04,30
2024-10-07T14:06:00+02:00,166.98,166.98,166.98,166.98,10
2024-10-07T14:07:30+02:00,166.98,167,166.98,167,118
2024-10-07T14:08:00+02:00,167.04,167.12,167.04,167.12,230
2024-10-07T14:11:00+02:00,167.32,167.32,167.32,167.32,1
2024-10-07T14:12:00+02:00,167.36,167.36,167.36,167.36,24
2024-10-07T14:15:00+02:00,167.48,167.48,167.48,167.48,29
2024-10-07T14:15:30+02:00,167.48,167.48,167.48,167.48,1
2024-10-07T14:16:30+02:00,167.38,167.38,167.38,167.38,3
2024-10-07T14:20:30+02:00,167.22,167.3,167.22,167.3,1174
2024-10-07T14:21:00+02:00,167.18,167.18,167.18,167.18,8
2024-10-07T14:24:00+02:00,167.42,167.42,167.42,167.42,74
2024-10-07T14:26:00+02:00,167.46,167.46,167.46,167.46,1
2024-10-07T14:26:30+02:00,167.44,167.44,167.44,167.44,1
2024-10-07T14:28:00+02:00,167.48,167.48,167.48,167.48,26
2024-10-07T14:36:00+02:00,167.44,167.48,167.44,167.48,224
2024-10-07T14:39:00+02:00,167.6,167.6,167.6,167.6,64
2024-10-07T14:39:30+02:00,167.6,167.6,167.6,167.6,936
2024-10-07T14:53:00+02:00,167.48,167.48,167.48,167.48,400
2024-10-07T14:54:00+02:00,167.48,167.48,167.48,167.48,284
2024-10-07T14:55:00+02:00,167.52,167.52,167.52,167.52,50
2024-10-07T15:01:00+02:00,167.42,167.42,167.42,167.42,25
2024-10-07T15:06:00+02:00,167.56,167.56,167.52,167.52,391
2024-10-07T15:06:30+02:00,167.56,167.56,167.56,167.56,164
2024-10-07T15:07:00+02:00,167.7,167.7,167.7,167.7,372
2024-10-07T15:07:30+02:00,167.8,168.08,167.8,168.08,1726
2024-10-07T15:08:00+02:00,168,168.06,167.98,167.98,981
2024-10-07T15:08:30+02:00,168,168,167.94,167.94,761
2024-10-07T15:11:00+02:00,167.84,167.84,167.7,167.7,134
2024-10-07T15:12:30+02:00,167.76,167.76,167.76,167.76,30
2024-10-07T15:13:00+02:00,167.92,167.94,167.82,167.82,270
2024-10-07T15:15:30+02:00,167.76,167.76,167.74,167.74,184
2024-10-07T15:18:30+02:00,167.7,167.7,167.7,167.7,1
2024-10-07T15:19:00+02:00,167.7,167.7,167.7,167.7,161
2024-10-07T15:20:30+02:00,167.66,167.66,167.66,167.66,1
2024-10-07T15:22:00+02:00,167.62,167.62,167.62,167.62,56
2024-10-07T15:23:30+02:00,167.52,167.52,167.5,167.5,46
2024-10-07T15:24:00+02:00,167.2,167.22,167.2,167.22,85
2024-10-07T15:26:00+02:00,167.38,167.38,167.38,167.38,66
2024-10-07T15:27:00+02:00,167.48,167.48,167.28,167.34,1622
2024-10-07T15:27:30+02:00,167,167,167,167,51
2024-10-07T15:28:00+02:00,166.92,167.08,166.48,166.48,1503
2024-10-07T15:29:30+02:00,166.56,166.56,166.56,166.56,100
2024-10-07T15:30:00+02:00,166.96,167.24,166.96,167.22,450
2024-10-07T15:30:30+02:00,167.04,167.04,166.94,166.94,81
2024-10-07T15:31:00+02:00,166.68,166.68,166.46,166.46,172
2024-10-07T15:31:30+02:00,166.4,166.56,166.38,166.5,235
2024-10-07T15:32:00+02:00,166.58,166.78,166.58,166.78,412
2024-10-07T15:32:30+02:00,166.68,166.68,166.64,166.64,221
2024-10-07T15:33:00+02:00,167.04,167.04,166.76,166.76,387
2024-10-07T15:33:30+02:00,166.74,166.74,166.38,166.38,152
2024-10-07T15:34:00+02:00,166.3,166.3,166.22,166.22,45
2024-10-07T15:34:30+02:00,166.1,166.16,166.1,166.16,235
2024-10-07T15:35:00+02:00,166,166,165.92,165.92,355
2024-10-07T15:38:00+02:00,165.82,165.86,165.76,165.76,2549
2024-10-07T15:38:30+02:00,165.66,165.66,165.66,165.66,1
2024-10-07T15:39:00+02:00,165.62,165.62,165.62,165.62,80
2024-10-07T15:39:30+02:00,165.54,165.54,165.46,165.54,1232
2024-10-07T15:40:00+02:00,165.54,165.54,165.38,165.38,457
2024-10-07T15:40:30+02:00,165.52,165.52,165.52,165.52,80
2024-10-07T15:41:30+02:00,165.2,165.2,165.2,165.2,20
2024-10-07T15:42:30+02:00,165,165,164.98,164.98,236
2024-10-07T15:43:00+02:00,165,165,165,165,115
2024-10-07T15:45:00+02:00,164.98,164.98,164.8,164.8,147
2024-10-07T15:45:30+02:00,164.9,164.9,164.9,164.9,80
2024-10-07T15:46:00+02:00,164.88,164.88,164.88,164.88,444
2024-10-07T15:47:00+02:00,164.96,164.96,164.96,164.96,402
2024-10-07T15:47:30+02:00,164.82,164.82,164.82,164.82,82
2024-10-07T15:48:00+02:00,164.84,164.84,164.84,164.84,5
2024-10-07T15:51:00+02:00,164.98,165.02,164.86,164.86,10526
2024-10-07T15:51:30+02:00,164.9,164.9,164.9,164.9,50
2024-10-07T15:52:00+02:00,164.9,164.9,164.9,164.9,537
2024-10-07T15:53:00+02:00,164.84,164.84,164.7,164.7,428
2024-10-07T15:53:30+02:00,164.82,164.82,164.66,164.66,56
2024-10-07T15:56:00+02:00,164.66,164.66,164.66,164.66,6
2024-10-07T15:58:30+02:00,164.58,164.58,164.52,164.52,60
2024-10-07T16:00:00+02:00,164.6,164.6,164.6,164.6,30
2024-10-07T16:02:00+02:00,164.92,164.92,164.92,164.92,16
2024-10-07T16:03:00+02:00,165.2,165.2,165.1,165.1,79
2024-10-07T16:05:00+02:00,164.98,164.98,164.96,164.96,217
2024-10-07T16:06:00+02:00,164.82,164.84,164.82,164.84,180
2024-10-07T16:09:00+02:00,164.72,164.88,164.72,164.88,17
2024-10-07T16:09:30+02:00,164.94,164.94,164.94,164.94,282
2024-10-07T16:10:30+02:00,164.86,164.86,164.86,164.86,76
2024-10-07T16:12:00+02:00,164.98,164.98,164.98,164.98,193
2024-10-07T16:13:30+02:00,165.14,165.14,165.14,165.14,20
2024-10-07T16:14:30+02:00,165.3,165.3,165.3,165.3,400
2024-10-07T16:15:00+02:00,165.18,165.18,165.18,165.18,152
2024-10-07T16:16:00+02:00,165.16,165.16,165.14,165.14,155
2024-10-07T16:16:30+02:00,165.14,165.14,165.14,165.14,120
2024-10-07T16:18:30+02:00,165.24,165.24,165.24,165.24,100
2024-10-07T16:19:30+02:00,165.4,165.4,165.4,165.4,2
2024-10-07T16:20:00+02:00,165.42,165.42,165.34,165.34,91
2024-10-07T16:21:00+02:00,165.4,165.4,165.4,165.4,66
2024-10-07T16:21:30+02:00,165.26,165.26,165.26,165.26,3
2024-10-07T16:23:00+02:00,165.28,165.28,165.28,165.28,1
2024-10-07T16:24:00+02:00,165.2,165.2,165.2,165.2,80
2024-10-07T16:28:30+02:00,165.38,165.38,165.36,165.36,910
2024-10-07T16:29:00+02:00,165.4,165.4,165.4,165.4,458
2024-10-07T16:30:00+02:00,165.48,165.48,165.48,165.48,2
2024-10-07T16:34:30+02:00,165.5,165.5,165.5,165.5,63
2024-10-07T16:36:30+02:00,165.52,165.52,165.52,165.52,6
2024-10-07T16:44:30+02:00,165.36,165.36,165.36,165.36,100
2024-10-07T16:54:00+02:00,165.78,165.78,165.78,165.78,80
2024-10-07T16:57:00+02:00,165.66,165.66,165.66,165.66,13
2024-10-07T16:59:30+02:00,165.6,165.6,165.6,165.6,250
2024-10-07T17:00:00+02:00,165.52,165.52,165.52,165.52,200
2024-10-07T17:03:30+02:00,165.46,165.46,165.46,165.46,67
2024-10-07T17:04:00+02:00,165.32,165.32,165.32,165.32,6
2024-10-07T17:04:30+02:00,165.38,165.38,165.38,165.38,128
2024-10-07T17:05:00+02:00,165.26,165.26,165.24,165.24,134
2024-10-07T17:06:00+02:00,165.34,165.34,165.34,165.34,100
2024-10-07T17:15:30+02:00,165.44,165.44,165.44,165.44,60
2024-10-07T17:17:00+02:00,165.5,165.5,165.5,165.5,5
2024-10-07T17:18:00+02:00,165.52,165.52,165.52,165.52,2
2024-10-07T17:18:30+02:00,165.64,165.64,165.64,165.64,30
2024-10-07T17:21:00+02:00,165.6,165.6,165.6,165.6,3
2024-10-07T17:23:00+02:00,165.58,165.62,165.5,165.58,5720
2024-10-07T17:23:30+02:00,165.6,165.6,165.58,165.58,164
2024-10-07T17:24:00+02:00,165.52,165.52,165.52,165.52,153
2024-10-07T17:25:00+02:00,165.44,165.5,165.44,165.5,156
2024-10-07T17:25:30+02:00,165.5,165.5,165.5,165.5,151
2024-10-07T17:26:00+02:00,165.56,165.56,165.56,165.56,156
2024-10-07T17:26:30+02:00,165.56,165.56,165.56,165.56,150
2024-10-08T09:04:00+02:00,164.4,164.4,164.1,164.1,2743
2024-10-08T09:07:30+02:00,164.4,164.4,164.4,164.4,308
2024-10-08T09:08:30+02:00,164.3,164.3,164.3,164.3,100
2024-10-08T09:09:30+02:00,164.5,164.96,164.5,164.96,2175
2024-10-08T09:12:00+02:00,164.6,164.6,164.6,164.6,126
2024-10-08T09:13:00+02:00,164.6,164.6,164.6,164.6,315
2024-10-08T09:13:30+02:00,164.62,164.62,164.62,164.62,1
2024-10-08T09:14:00+02:00,164.6,164.6,164.6,164.6,597
2024-10-08T09:21:00+02:00,164.54,164.54,164.54,164.54,1
2024-10-08T09:23:00+02:00,164.48,164.48,164.42,164.42,150
2024-10-08T09:28:30+02:00,164.5,164.5,164.5,164.5,1
2024-10-08T09:30:30+02:00,164.62,164.62,164.62,164.62,10
2024-10-08T09:42:00+02:00,164.76,164.98,164.76,164.98,209
2024-10-08T09:46:30+02:00,164.76,164.76,164.68,164.68,60
2024-10-08T10:02:30+02:00,164.52,164.52,164.52,164.52,3
2024-10-08T10:04:00+02:00,164.66,164.66,164.66,164.66,15
2024-10-08T10:08:00+02:00,164.52,164.52,164.52,164.52,9
2024-10-08T10:09:00+02:00,164.74,164.8,164.66,164.66,3046
2024-10-08T10:10:00+02:00,164.68,164.7,164.64,164.7,159
2024-10-08T10:11:30+02:00,164.56,164.56,164.56,164.56,28
2024-10-08T10:13:00+02:00,164.76,164.76,164.72,164.72,260
2024-10-08T10:18:00+02:00,164.78,164.78,164.78,164.78,3
2024-10-08T10:21:30+02:00,164.76,164.76,164.76,164.76,12
2024-10-08T10:23:30+02:00,164.7,164.7,164.7,164.7,9
2024-10-08T10:28:00+02:00,164.74,164.74,164.74,164.74,3
2024-10-08T10:33:00+02:00,164.66,164.8,164.66,164.8,540
2024-10-08T10:33:30+02:00,164.8,164.8,164.8,164.8,297
2024-10-08T10:37:00+02:00,164.8,164.8,164.8,164.8,43
2024-10-08T10:38:30+02:00,164.92,164.92,164.92,164.92,12
2024-10-08T10:39:30+02:00,164.78,164.78,164.78,164.78,20
2024-10-08T10:43:00+02:00,164.9,164.9,164.9,164.9,73
2024-10-08T10:44:00+02:00,164.82,164.82,164.58,164.58,250
2024-10-08T10:47:00+02:00,164.74,164.74,164.66,164.66,19
2024-10-08T10:47:30+02:00,164.62,164.62,164.62,164.62,16
2024-10-08T10:50:30+02:00,164.66,164.66,164.66,164.66,100
2024-10-08T10:52:30+02:00,164.8,164.8,164.8,164.8,1
2024-10-08T11:03:00+02:00,165,165,165,165,33
2024-10-08T11:05:30+02:00,165.12,165.12,165.12,165.12,1
2024-10-08T11:06:00+02:00,165.26,165.26,165.26,165.26,18
2024-10-08T11:10:00+02:00,165.18,165.18,165.16,165.16,713
2024-10-08T11:10:30+02:00,165.18,165.18,165.18,165.18,50
2024-10-08T11:15:30+02:00,165.2,165.26,165.2,165.26,3
2024-10-08T11:16:30+02:00,165.18,165.18,165.18,165.18,170
2024-10-08T11:18:30+02:00,165.3,165.34,165.3,165.34,260
2024-10-08T11:19:30+02:00,165.36,165.36,165.36,165.36,100
2024-10-08T11:25:30+02:00,165.46,165.46,165.46,165.46,3
2024-10-08T11:27:00+02:00,165.4,165.4,165.4,165.4,2
2024-10-08T11:28:00+02:00,165.36,165.36,165.36,165.36,10
2024-10-08T11:35:30+02:00,165.3,165.36,165.22,165.22,155
2024-10-08T11:37:00+02:00,165.36,165.36,165.36,165.36,1
2024-10-08T11:45:00+02:00,165.48,165.5,165.48,165.5,41
2024-10-08T11:51:00+02:00,165.46,165.46,165.46,165.46,100
2024-10-08T12:04:00+02:00,165.46,165.46,165.46,165.46,66
2024-10-08T12:05:30+02:00,165.48,165.48,165.48,165.48,6
2024-10-08T12:07:00+02:00,165.5,165.5,165.5,165.5,501
2024-10-08T12:08:00+02:00,165.42,165.42,165.4,165.4,100
2024-10-08T12:20:00+02:00,165.5,165.5,165.5,165.5,305
2024-10-08T12:26:00+02:00,165.38,165.38,165.38,165.38,3
2024-10-08T12:30:30+02:00,165.44,165.44,165.44,165.44,70
2024-10-08T12:31:00+02:00,165.5,165.56,165.5,165.56,51
2024-10-08T12:37:30+02:00,165.74,165.74,165.74,165.74,18
2024-10-08T12:39:00+02:00,165.82,165.88,165.82,165.88,400
2024-10-08T12:42:00+02:00,165.7,165.7,165.7,165.7,160
2024-10-08T12:46:00+02:00,165.7,165.7,165.7,165.7,70
2024-10-08T13:00:00+02:00,165.7,165.7,165.56,165.56,81
2024-10-08T13:00:30+02:00,165.5,165.5,165.46,165.46,85
2024-10-08T13:01:00+02:00,165.48,165.48,165.48,165.48,60
2024-10-08T13:08:00+02:00,165.7,165.7,165.7,165.7,6
2024-10-08T13:08:30+02:00,165.72,165.72,165.72,165.72,154
2024-10-08T13:09:00+02:00,165.72,165.72,165.72,165.72,3
2024-10-08T13:10:30+02:00,165.78,165.78,165.78,165.78,30
2024-10-08T13:13:30+02:00,165.76,165.76,165.76,165.76,150
2024-10-08T13:31:00+02:00,165.78,165.78,165.78,165.78,152
2024-10-08T13:33:30+02:00,165.78,165.78,165.78,165.78,150
2024-10-08T13:36:00+02:00,165.76,165.76,165.7,165.7,625
2024-10-08T13:37:00+02:00,165.84,165.84,165.84,165.84,89
2024-10-08T13:41:30+02:00,165.76,165.76,165.76,165.76,1
2024-10-08T13:45:00+02:00,165.7,165.7,165.7,165.7,6
2024-10-08T13:57:30+02:00,165.62,165.62,165.62,165.62,1
2024-10-08T14:07:00+02:00,165.58,165.58,165.58,165.58,50
2024-10-08T14:08:00+02:00,165.64,165.64,165.64,165.64,3
2024-10-08T14:18:30+02:00,165.66,165.66,165.66,165.66,98
2024-10-08T14:24:30+02:00,165.56,165.56,165.56,165.56,1
2024-10-08T14:26:00+02:00,165.48,165.48,165.42,165.42,1626
2024-10-08T14:33:00+02:00,165.58,165.58,165.58,165.58,3
2024-10-08T14:38:00+02:00,165.48,165.48,165.48,165.48,294
2024-10-08T14:38:30+02:00,165.54,165.54,165.54,165.54,101
2024-10-08T14:47:30+02:00,165.5,165.5,165.5,165.5,9
2024-10-08T14:49:00+02:00,165.56,165.56,165.48,165.48,55
2024-10-08T14:49:30+02:00,165.5,165.5,165.5,165.5,62
2024-10-08T14:51:00+02:00,165.44,165.44,165.44,165.44,44
2024-10-08T15:08:00+02:00,165.42,165.42,165.42,165.42,107
2024-10-08T15:08:30+02:00,165.32,165.32,165.32,165.32,12
2024-10-08T15:13:30+02:00,165.58,165.58,165.58,165.58,191
2024-10-08T15:15:00+02:00,165.48,165.48,165.48,165.48,3
2024-10-08T15:25:00+02:00,165.42,165.42,165.2,165.2,408
2024-10-08T15:27:30+02:00,165.86,165.88,165.86,165.88,209
2024-10-08T15:30:00+02:00,165.88,165.94,165.88,165.94,302
2024-10-08T15:30:30+02:00,165.92,165.92,165.42,165.42,562
2024-10-08T15:31:00+02:00,165.2,165.2,164.88,164.88,744
2024-10-08T15:31:30+02:00,165,165,165,165,300
2024-10-08T15:32:00+02:00,165.18,165.18,165.16,165.16,394
2024-10-08T15:32:30+02:00,165.12,165.14,165,165.14,446
2024-10-08T15:33:00+02:00,165.54,165.54,165.54,165.54,151
2024-10-08T15:33:30+02:00,165.52,165.52,165.52,165.52,108
2024-10-08T15:35:00+02:00,165.42,165.42,165.42,165.42,150
2024-10-08T15:36:30+02:00,165.92,165.92,165.92,165.92,464
2024-10-08T15:37:00+02:00,165.98,166.18,165.98,166.18,1036
2024-10-08T15:37:30+02:00,166.14,166.18,166.14,166.18,3
2024-10-08T15:39:00+02:00,166.12,166.18,166.02,166.02,227
2024-10-08T15:40:00+02:00,166.04,166.1,166.04,166.1,147
2024-10-08T15:40:30+02:00,166.1,166.1,166.1,166.1,3
2024-10-08T15:41:00+02:00,166.08,166.1,166.08,166.1,15
2024-10-08T15:44:30+02:00,166,166,166,166,146
2024-10-08T15:45:30+02:00,165.84,165.84,165.84,165.84,290
2024-10-08T15:46:00+02:00,165.68,165.72,165.64,165.66,415
2024-10-08T15:46:30+02:00,165.66,165.66,165.66,165.66,11
2024-10-08T15:47:00+02:00,165.86,165.86,165.86,165.86,5
2024-10-08T15:48:00+02:00,165.84,165.84,165.8,165.82,256
2024-10-08T15:48:30+02:00,165.7,165.7,165.7,165.7,3
2024-10-08T15:49:00+02:00,165.54,165.62,165.54,165.6,558
2024-10-08T15:50:30+02:00,165.64,165.72,165.64,165.72,21
2024-10-08T15:51:00+02:00,165.82,165.82,165.8,165.82,226
2024-10-08T15:51:30+02:00,165.72,165.72,165.72,165.72,10
2024-10-08T16:04:00+02:00,166.26,166.26,166.26,166.26,3
2024-10-08T16:06:00+02:00,166.14,166.18,166.14,166.18,140
2024-10-08T16:07:00+02:00,165.98,165.98,165.98,165.98,27
2024-10-08T16:11:00+02:00,165.96,165.96,165.96,165.96,230
2024-10-08T16:11:30+02:00,165.96,165.96,165.94,165.94,606
2024-10-08T16:12:30+02:00,165.9,165.96,165.9,165.96,82
2024-10-08T16:13:30+02:00,166.1,166.1,166.1,166.1,8
2024-10-08T16:17:30+02:00,166,166,166,166,300
2024-10-08T16:18:00+02:00,166.14,166.14,166.14,166.14,99
2024-10-08T16:19:00+02:00,166.1,166.1,166.08,166.08,375
2024-10-08T16:19:30+02:00,165.96,165.96,165.96,165.96,134
2024-10-08T16:21:30+02:00,165.86,165.86,165.86,165.86,3
2024-10-08T16:25:00+02:00,165.9,165.94,165.9,165.94,401
2024-10-08T16:26:00+02:00,166.02,166.02,166.02,166.02,10
2024-10-08T16:26:30+02:00,166.04,166.04,166.04,166.04,6
2024-10-08T16:30:00+02:00,165.94,165.94,165.94,165.94,67
2024-10-08T16:34:00+02:00,165.76,165.84,165.76,165.84,541
2024-10-08T16:35:00+02:00,165.98,166.02,165.98,166,525
2024-10-08T16:35:30+02:00,165.96,165.96,165.96,165.96,101
2024-10-08T16:36:30+02:00,166.1,166.1,166.1,166.1,8
2024-10-08T16:37:30+02:00,165.94,165.94,165.94,165.94,20
2024-10-08T16:39:00+02:00,165.96,165.98,165.96,165.98,254
2024-10-08T16:42:00+02:00,166.1,166.1,166.1,166.1,125
2024-10-08T16:43:00+02:00,166.58,166.58,166.58,166.58,20
2024-10-08T16:45:00+02:00,166.5,166.5,166.5,166.5,81
2024-10-08T16:45:30+02:00,166.62,166.64,166.58,166.58,1147
2024-10-08T16:46:00+02:00,166.66,166.7,166.66,166.7,955
2024-10-08T16:46:30+02:00,166.7,166.7,166.7,166.7,60
2024-10-08T16:47:00+02:00,166.8,166.86,166.76,166.86,8999
2024-10-08T16:47:30+02:00,166.88,166.88,166.88,166.88,686
2024-10-08T16:48:30+02:00,166.92,166.94,166.9,166.92,1113
2024-10-08T16:52:00+02:00,166.68,166.68,166.68,166.68,78
2024-10-08T16:54:30+02:00,166.6,166.66,166.54,166.54,2984
2024-10-08T16:55:30+02:00,166.68,166.72,166.68,166.72,527
2024-10-08T16:57:30+02:00,166.54,166.54,166.54,166.54,8
2024-10-08T16:59:30+02:00,166.62,166.66,166.6,166.66,703
2024-10-08T17:00:00+02:00,166.64,166.64,166.64,166.64,214
2024-10-08T17:00:30+02:00,166.64,166.64,166.64,166.64,12
2024-10-08T17:02:30+02:00,166.7,166.7,166.7,166.7,100
2024-10-08T17:06:00+02:00,166.82,166.82,166.82,166.82,7
2024-10-08T17:07:30+02:00,166.78,166.78,166.78,166.78,30
2024-10-08T17:11:30+02:00,166.44,166.44,166.44,166.44,13
2024-10-08T17:14:30+02:00,166.38,166.38,166.38,166.38,300
2024-10-08T17:15:00+02:00,166.34,166.34,166.3,166.3,301
2024-10-08T17:24:00+02:00,166.64,166.64,166.62,166.62,119
2024-10-08T17:24:30+02:00,166.52,166.52,166.52,166.52,2
2024-10-08T17:25:00+02:00,166.5,166.5,166.5,166.5,10
2024-10-08T17:27:00+02:00,166.62,166.62,166.62,166.62,78
2024-10-08T17:29:30+02:00,166.62,166.64,166.62,166.64,34
2024-10-09T09:04:00+02:00,166.3,166.3,166.16,166.16,1174
2024-10-09T09:04:30+02:00,166.3,166.3,166.3,166.3,463
2024-10-09T09:06:00+02:00,166.28,166.28,166.26,166.26,83
2024-10-09T09:09:30+02:00,166.44,166.5,166.44,166.5,222
2024-10-09T09:14:00+02:00,166.58,166.58,166.58,166.58,40
2024-10-09T09:15:00+02:00,166.34,166.34,166.34,166.34,20
2024-10-09T09:16:30+02:00,166.32,166.48,166.32,166.48,62
2024-10-09T09:19:00+02:00,166.32,166.32,166.32,166.32,180
2024-10-09T09:19:30+02:00,166.34,166.34,166.34,166.34,197
2024-10-09T09:21:30+02:00,166.32,166.32,166.32,166.32,360
2024-10-09T09:22:00+02:00,166.2,166.2,166.2,166.2,53
2024-10-09T09:30:30+02:00,166.54,166.54,166.54,166.54,102
2024-10-09T09:52:30+02:00,166.18,166.18,166.18,166.18,25
2024-10-09T09:55:00+02:00,166.26,166.32,166.26,166.32,949
2024-10-09T09:58:00+02:00,166.46,166.46,166.46,166.46,43
2024-10-09T09:58:30+02:00,166.54,166.54,166.54,166.54,8
2024-10-09T10:00:00+02:00,166.56,166.56,166.56,166.56,3
2024-10-09T10:00:30+02:00,166.74,166.74,166.64,166.7,367
2024-10-09T10:04:30+02:00,166.74,166.74,166.74,166.74,1
2024-10-09T10:07:00+02:00,166.76,166.82,166.76,166.82,34
2024-10-09T10:08:30+02:00,166.92,166.94,166.86,166.86,109
2024-10-09T10:12:00+02:00,166.86,166.86,166.86,166.86,7
2024-10-09T10:12:30+02:00,166.74,166.74,166.74,166.74,23
2024-10-09T10:13:00+02:00,166.86,166.86,166.86,166.86,7
2024-10-09T10:16:00+02:00,166.7,166.7,166.68,166.68,303
2024-10-09T10:17:00+02:00,166.78,166.78,166.78,166.78,55
2024-10-09T10:18:00+02:00,166.72,166.72,166.7,166.7,399
2024-10-09T10:21:00+02:00,166.74,166.74,166.74,166.74,13
2024-10-09T10:22:00+02:00,166.74,166.74,166.74,166.74,10
2024-10-09T10:23:00+02:00,166.8,166.8,166.8,166.8,50
2024-10-09T10:25:30+02:00,166.72,166.72,166.72,166.72,39
2024-10-09T10:26:00+02:00,166.78,166.8,166.78,166.8,113
2024-10-09T10:27:00+02:00,166.82,166.82,166.82,166.82,1
2024-10-09T10:36:00+02:00,166.98,167.04,166.98,167.04,120
2024-10-09T10:37:30+02:00,167.06,167.06,167.06,167.06,2
2024-10-09T10:38:30+02:00,167.08,167.08,167.08,167.08,90
2024-10-09T10:39:30+02:00,166.98,166.98,166.94,166.94,135
2024-10-09T10:41:00+02:00,167.08,167.08,167.08,167.08,3
2024-10-09T10:41:30+02:00,167.1,167.1,167.1,167.1,364
2024-10-09T10:45:30+02:00,167.12,167.12,167.12,167.12,349
2024-10-09T10:51:30+02:00,167.08,167.08,167.08,167.08,256
2024-10-09T11:01:00+02:00,167.06,167.06,167.06,167.06,3
2024-10-09T11:01:30+02:00,167.02,167.02,167.02,167.02,125
2024-10-09T11:04:00+02:00,167.08,167.1,167.08,167.1,338
2024-10-09T11:07:30+02:00,167.1,167.1,167.1,167.1,71
2024-10-09T11:08:00+02:00,167.08,167.08,167.08,167.08,10
2024-10-09T11:16:00+02:00,167.02,167.02,167,167,3
2024-10-09T11:22:00+02:00,167,167,166.98,166.98,50
2024-10-09T11:33:00+02:00,167.04,167.04,167,167,1500
2024-10-09T11:39:00+02:00,167,167.04,167,167.04,50
2024-10-09T12:00:00+02:00,166.9,166.9,166.9,166.9,7
2024-10-09T12:02:30+02:00,167.04,167.04,167.04,167.04,68
2024-10-09T12:03:30+02:00,167.04,167.04,167.04,167.04,4
2024-10-09T12:09:30+02:00,166.94,166.94,166.94,166.94,96
2024-10-09T12:13:30+02:00,166.94,166.94,166.94,166.94,100
2024-10-09T12:15:30+02:00,166.96,166.96,166.96,166.96,15
2024-10-09T12:24:30+02:00,166.92,166.92,166.92,166.92,30
2024-10-09T12:30:30+02:00,167,167,167,167,14
2024-10-09T12:35:00+02:00,167.02,167.02,166.98,167,106
2024-10-09T12:54:00+02:00,167,167,166.96,166.96,50
2024-10-09T12:56:00+02:00,167.08,167.08,167.02,167.02,46
2024-10-09T13:04:30+02:00,166.94,166.94,166.94,166.94,77
2024-10-09T13:07:00+02:00,166.86,166.86,166.86,166.86,1
2024-10-09T13:09:00+02:00,166.92,167.08,166.92,167.08,146
2024-10-09T13:09:30+02:00,167.26,167.26,167.26,167.26,1
2024-10-09T13:13:00+02:00,167.38,167.38,167.38,167.38,81
2024-10-09T13:13:30+02:00,167.48,167.5,167.48,167.5,228
2024-10-09T13:17:00+02:00,167.7,167.7,167.7,167.7,30
2024-10-09T13:26:00+02:00,167.52,167.52,167.5,167.5,151
2024-10-09T13:28:00+02:00,167.44,167.44,167.44,167.44,1
2024-10-09T13:31:30+02:00,167.2,167.2,167.1,167.1,3000
2024-10-09T13:35:00+02:00,167.22,167.22,167.22,167.22,2
2024-10-09T13:48:00+02:00,167.16,167.16,167.16,167.16,1
2024-10-09T13:48:30+02:00,167.26,167.26,167.26,167.26,50
2024-10-09T13:49:30+02:00,167.18,167.18,167.18,167.18,2
2024-10-09T13:54:30+02:00,167.18,167.18,167.18,167.18,27
2024-10-09T13:58:00+02:00,167.24,167.24,167.24,167.24,9
2024-10-09T13:59:00+02:00,167.2,167.2,167.2,167.2,3
2024-10-09T14:02:00+02:00,167.24,167.26,167.24,167.26,175
2024-10-09T14:07:00+02:00,167.3,167.3,167.3,167.3,49
2024-10-09T14:10:30+02:00,167.26,167.26,167.26,167.26,1
2024-10-09T14:21:00+02:00,167.24,167.24,167.24,167.24,12
2024-10-09T14:35:30+02:00,167.28,167.28,167.28,167.28,30
2024-10-09T14:36:30+02:00,167.2,167.2,167.2,167.2,2
2024-10-09T14:40:00+02:00,167.34,167.34,167.34,167.34,30
2024-10-09T14:41:00+02:00,167.24,167.24,167.24,167.24,12
2024-10-09T14:45:30+02:00,167.14,167.14,167.12,167.12,558
2024-10-09T14:46:30+02:00,167.04,167.04,167.04,167.04,2
2024-10-09T14:52:00+02:00,167.14,167.14,167.14,167.14,300
2024-10-09T14:54:00+02:00,167.16,167.16,167.16,167.16,20
2024-10-09T14:56:00+02:00,167.2,167.2,167.2,167.2,109
2024-10-09T15:03:00+02:00,167.14,167.14,167.14,167.14,4
2024-10-09T15:04:30+02:00,167.22,167.22,167.22,167.22,39
2024-10-09T15:06:30+02:00,167.28,167.28,167.28,167.28,16
2024-10-09T15:18:00+02:00,167.5,167.6,167.5,167.6,110
2024-10-09T15:21:00+02:00,167.56,167.56,167.56,167.56,1
2024-10-09T15:22:30+02:00,167.66,167.66,167.66,167.66,40
2024-10-09T15:27:30+02:00,167.28,167.28,167.28,167.28,3
2024-10-09T15:30:00+02:00,166.94,167.02,166.8,167.02,524
2024-10-09T15:30:30+02:00,166.92,166.92,166.84,166.84,176
2024-10-09T15:32:00+02:00,166.64,166.64,166.58,166.58,129
2024-10-09T15:32:30+02:00,166.5,166.5,166.5,166.5,6
2024-10-09T15:33:00+02:00,166.4,166.4,166.28,166.28,154
2024-10-09T15:33:30+02:00,166.3,166.3,166.3,166.3,3
2024-10-09T15:35:30+02:00,166.42,166.48,166.42,166.42,292
2024-10-09T15:36:00+02:00,166.48,166.52,166.48,166.52,84
2024-10-09T15:36:30+02:00,166.5,166.5,166.5,166.5,25
2024-10-09T15:40:30+02:00,167.14,167.2,167.14,167.18,464
2024-10-09T15:41:00+02:00,167.28,167.28,167.28,167.28,461
2024-10-09T15:41:30+02:00,167.2,167.2,167.16,167.16,7
2024-10-09T15:42:00+02:00,167.16,167.16,167.1,167.1,2
2024-10-09T15:42:30+02:00,167.12,167.12,167.08,167.08,261
2024-10-09T15:43:30+02:00,166.9,166.9,166.9,166.9,1
2024-10-09T15:44:00+02:00,166.88,166.88,166.88,166.88,1
2024-10-09T15:44:30+02:00,166.82,166.88,166.78,166.88,727
2024-10-09T15:45:00+02:00,166.8,166.8,166.8,166.8,1
2024-10-09T15:46:30+02:00,167.06,167.08,167.06,167.08,102
2024-10-09T15:47:00+02:00,167.24,167.24,167.24,167.24,150
2024-10-09T15:48:00+02:00,167.18,167.18,167.18,167.18,240
2024-10-09T15:48:30+02:00,167.3,167.3,167.3,167.3,192
2024-10-09T15:49:30+02:00,167.04,167.04,167.04,167.04,3
2024-10-09T15:51:30+02:00,166.9,166.9,166.9,166.9,35
2024-10-09T15:52:30+02:00,166.78,166.78,166.78,166.78,3
2024-10-09T15:55:30+02:00,166.82,166.82,166.78,166.78,157
2024-10-09T15:56:00+02:00,166.88,166.88,166.88,166.88,1
2024-10-09T15:57:30+02:00,166.74,166.74,166.58,166.58,6
2024-10-09T16:04:00+02:00,167,167,167,167,173
2024-10-09T16:05:30+02:00,166.98,166.98,166.98,166.98,157
2024-10-09T16:06:00+02:00,167.06,167.06,167.06,167.06,140
2024-10-09T16:07:00+02:00,167.46,167.46,167.46,167.46,150
2024-10-09T16:08:00+02:00,167.5,167.5,167.5,167.5,31
2024-10-09T16:09:00+02:00,167.22,167.22,167.22,167.22,5
2024-10-09T16:22:00+02:00,167.4,167.4,167.38,167.38,227
2024-10-09T16:22:30+02:00,167.42,167.42,167.42,167.42,16
2024-10-09T16:23:30+02:00,167.56,167.56,167.56,167.56,103
2024-10-09T16:24:00+02:00,167.66,167.66,167.66,167.66,5
2024-10-09T16:27:30+02:00,167.8,167.8,167.8,167.8,1500
2024-10-09T16:28:00+02:00,167.72,167.8,167.72,167.8,413
2024-10-09T16:30:30+02:00,167.78,167.78,167.78,167.78,40
2024-10-09T16:41:00+02:00,167.64,167.64,167.64,167.64,45
2024-10-09T16:43:00+02:00,167.68,167.68,167.68,167.68,3
2024-10-09T16:43:30+02:00,167.54,167.54,167.54,167.54,6
2024-10-09T16:45:00+02:00,167.64,167.64,167.64,167.64,1
2024-10-09T16:46:00+02:00,167.66,167.66,167.66,167.66,60
2024-10-09T16:53:00+02:00,167.92,167.92,167.92,167.92,6
2024-10-09T16:55:00+02:00,168,168,168,168,100
2024-10-09T17:00:00+02:00,168.06,168.06,168.04,168.04,300
2024-10-09T17:00:30+02:00,168.28,168.3,168.28,168.3,152
2024-10-09T17:01:00+02:00,168.3,168.3,168.3,168.3,2
2024-10-09T17:03:30+02:00,168.24,168.24,168.24,168.24,1
2024-10-09T17:07:00+02:00,168.26,168.26,168.26,168.26,18
2024-10-09T17:08:00+02:00,168.16,168.16,168.16,168.16,31
2024-10-09T17:11:00+02:00,168.04,168.04,168.04,168.04,50
2024-10-09T17:11:30+02:00,168.06,168.08,168.06,168.08,80
2024-10-09T17:13:00+02:00,168.16,168.16,168.16,168.16,3
2024-10-09T17:13:30+02:00,168.04,168.04,168.04,168.04,7
2024-10-09T17:14:00+02:00,168.2,168.2,168.2,168.2,3
2024-10-09T17:19:30+02:00,168.3,168.32,168.3,168.32,209
2024-10-09T17:20:00+02:00,168.36,168.36,168.36,168.36,1
2024-10-09T17:21:00+02:00,168.24,168.26,168.24,168.24,20
2024-10-09T17:21:30+02:00,168.26,168.26,168.26,168.26,163
2024-10-09T17:24:00+02:00,168.26,168.26,168.26,168.26,40
2024-10-09T17:27:00+02:00,168.2,168.2,168.18,168.18,15
2024-10-09T17:27:30+02:00,168.16,168.16,168.16,168.16,1
2024-10-09T17:28:30+02:00,168.1,168.1,168.1,168.1,1
2024-10-09T17:29:30+02:00,168.02,168.02,168.02,168.02,20
2024-10-10T09:04:00+02:00,169,169,169,169,329
2024-10-10T09:04:30+02:00,169,169,169,169,34
2024-10-10T09:08:00+02:00,169.2,169.28,169.2,169.28,535
2024-10-10T09:09:30+02:00,169.24,169.24,169.24,169.24,15
2024-10-10T09:10:00+02:00,169.32,169.34,169.32,169.34,3
2024-10-10T09:12:00+02:00,169.12,169.12,169.12,169.12,72
2024-10-10T09:16:30+02:00,169.2,169.26,169.2,169.26,12
2024-10-10T09:21:00+02:00,169.02,169.02,169.02,169.02,3
2024-10-10T09:25:00+02:00,169.06,169.06,169.02,169.02,380
2024-10-10T09:27:30+02:00,169.02,169.02,168.9,168.9,147
2024-10-10T09:29:30+02:00,168.98,168.98,168.98,168.98,10
2024-10-10T09:30:00+02:00,169,169,169,169,20
2024-10-10T09:30:30+02:00,169.1,169.1,168.98,168.98,550
2024-10-10T09:31:00+02:00,169.12,169.12,169.12,169.12,202
2024-10-10T09:31:30+02:00,168.94,168.94,168.94,168.94,10
2024-10-10T09:39:30+02:00,168.98,168.98,168.96,168.96,315
2024-10-10T09:48:00+02:00,168.92,168.92,168.92,168.92,202
2024-10-10T09:49:00+02:00,168.9,168.9,168.9,168.9,5
2024-10-10T09:51:00+02:00,168.96,168.96,168.96,168.96,25
2024-10-10T09:52:00+02:00,168.96,168.96,168.96,168.96,30
2024-10-10T09:52:30+02:00,168.96,169.12,168.96,169.12,167
2024-10-10T09:53:00+02:00,169.02,169.02,169.02,169.02,21
2024-10-10T09:54:00+02:00,169.1,169.1,169.1,169.1,50
2024-10-10T09:55:30+02:00,169.1,169.14,169.1,169.14,50
2024-10-10T09:57:00+02:00,169.14,169.14,169.14,169.14,500
2024-10-10T09:57:30+02:00,169.06,169.06,169.04,169.04,160
2024-10-10T10:00:00+02:00,169.14,169.14,169.14,169.14,222
2024-10-10T10:00:30+02:00,169.22,169.26,169.22,169.26,469
2024-10-10T10:01:30+02:00,169.32,169.32,169.32,169.32,389
2024-10-10T10:02:30+02:00,169.3,169.32,169.3,169.32,110
2024-10-10T10:03:30+02:00,169.44,169.44,169.44,169.44,2
2024-10-10T10:04:00+02:00,169.36,169.36,169.36,169.36,270
2024-10-10T10:16:30+02:00,169.5,169.5,169.5,169.5,41
2024-10-10T10:20:00+02:00,169.44,169.44,169.44,169.44,281
2024-10-10T10:23:30+02:00,169.48,169.48,169.48,169.48,4
2024-10-10T10:26:00+02:00,169.36,169.36,169.36,169.36,53
2024-10-10T10:29:30+02:00,169.48,169.48,169.48,169.48,8
2024-10-10T10:31:30+02:00,169.52,169.52,169.52,169.52,20
2024-10-10T10:33:00+02:00,169.5,169.5,169.48,169.48,105
2024-10-10T10:35:00+02:00,169.44,169.44,169.44,169.44,2
2024-10-10T10:41:00+02:00,169.42,169.42,169.36,169.36,459
2024-10-10T10:41:30+02:00,169.4,169.4,169.38,169.38,305
2024-10-10T10:42:30+02:00,169.38,169.38,169.38,169.38,447
2024-10-10T10:47:30+02:00,169.38,169.38,169.38,169.38,30
2024-10-10T10:48:00+02:00,169.48,169.48,169.48,169.48,2
2024-10-10T10:49:00+02:00,169.38,169.38,169.38,169.38,340
2024-10-10T10:50:00+02:00,169.36,169.36,169.34,169.34,150
2024-10-10T10:53:00+02:00,169.38,169.38,169.36,169.36,45
2024-10-10T10:56:00+02:00,169.36,169.36,169.32,169.32,863
2024-10-10T10:57:00+02:00,169.36,169.36,169.36,169.36,502
2024-10-10T11:01:30+02:00,169.4,169.4,169.4,169.4,1
2024-10-10T11:05:00+02:00,169.34,169.34,169.34,169.34,30
2024-10-10T11:06:00+02:00,169.38,169.38,169.38,169.38,21
2024-10-10T11:11:30+02:00,169.44,169.44,169.44,169.44,76
2024-10-10T11:14:00+02:00,169.4,169.4,169.4,169.4,1
2024-10-10T11:18:30+02:00,169.4,169.4,169.4,169.4,10
2024-10-10T11:25:00+02:00,169.34,169.34,169.34,169.34,1
2024-10-10T11:30:00+02:00,169.32,169.42,169.32,169.42,116
2024-10-10T11:32:30+02:00,169.46,169.46,169.46,169.46,3
2024-10-10T11:33:00+02:00,169.5,169.52,169.5,169.52,41
2024-10-10T11:37:30+02:00,169.58,169.58,169.58,169.58,10
2024-10-10T11:43:30+02:00,169.56,169.56,169.56,169.56,5
2024-10-10T11:44:00+02:00,169.54,169.54,169.46,169.46,37
2024-10-10T11:45:00+02:00,169.44,169.44,169.44,169.44,1
2024-10-10T11:48:00+02:00,169.44,169.44,169.44,169.44,40
2024-10-10T11:50:00+02:00,169.52,169.52,169.52,169.52,1
2024-10-10T11:55:00+02:00,169.42,169.42,169.42,169.42,50
2024-10-10T11:58:30+02:00,169.52,169.52,169.52,169.52,10
2024-10-10T12:03:30+02:00,169.38,169.38,169.38,169.38,250
2024-10-10T12:08:30+02:00,169.34,169.34,169.34,169.34,90
2024-10-10T12:10:00+02:00,169.36,169.36,169.36,169.36,72
2024-10-10T12:16:30+02:00,169.34,169.34,169.34,169.34,90
2024-10-10T12:20:00+02:00,169.34,169.34,169.32,169.32,200
2024-10-10T12:26:00+02:00,169.38,169.38,169.38,169.38,8
2024-10-10T12:27:00+02:00,169.4,169.4,169.4,169.4,371
2024-10-10T12:32:00+02:00,169.34,169.34,169.34,169.34,16
2024-10-10T12:44:00+02:00,169.42,169.42,169.42,169.42,50
2024-10-10T12:46:30+02:00,169.42,169.42,169.42,169.42,400
2024-10-10T12:52:00+02:00,169.36,169.36,169.36,169.36,3
2024-10-10T12:55:00+02:00,169.42,169.44,169.42,169.44,696
2024-10-10T12:56:00+02:00,169.38,169.38,169.38,169.38,50
2024-10-10T13:01:30+02:00,169.38,169.38,169.38,169.38,10
2024-10-10T13:02:00+02:00,169.52,169.52,169.52,169.52,50
2024-10-10T13:02:30+02:00,169.54,169.54,169.54,169.54,7
2024-10-10T13:03:30+02:00,169.6,169.82,169.6,169.82,65
2024-10-10T13:05:30+02:00,169.86,170.02,169.86,170.02,2762
2024-10-10T13:07:00+02:00,169.96,169.96,169.96,169.96,45
2024-10-10T13:08:00+02:00,169.92,169.92,169.92,169.92,371
2024-10-10T13:09:30+02:00,170,170,169.96,169.96,26
2024-10-10T13:10:00+02:00,169.92,169.92,169.86,169.92,750
2024-10-10T13:11:00+02:00,169.86,169.86,169.86,169.86,306
2024-10-10T13:12:30+02:00,170,170.02,170,170.02,200
2024-10-10T13:17:00+02:00,169.86,169.86,169.86,169.86,1000
2024-10-10T13:17:30+02:00,170,170,170,170,5
2024-10-10T13:22:00+02:00,170.04,170.06,170.04,170.04,537
2024-10-10T13:23:00+02:00,170.1,170.1,170.06,170.06,454
2024-10-10T13:23:30+02:00,170.02,170.04,169.98,170.04,1002
2024-10-10T13:24:00+02:00,170.16,170.3,170.14,170.14,963
2024-10-10T13:24:30+02:00,170.1,170.1,170.06,170.06,1228
2024-10-10T13:25:00+02:00,170.2,170.28,170.12,170.18,879
2024-10-10T13:25:30+02:00,170.18,170.32,170.16,170.24,1654
2024-10-10T13:27:30+02:00,170.36,170.36,170.36,170.36,1
2024-10-10T13:28:30+02:00,170.22,170.22,170.22,170.22,25
2024-10-10T13:31:00+02:00,170.26,170.26,170.26,170.26,93
2024-10-10T13:36:30+02:00,170.18,170.18,170.16,170.16,63
2024-10-10T13:37:30+02:00,170.06,170.06,170.04,170.04,73
2024-10-10T13:38:00+02:00,170.16,170.26,170.16,170.26,290
2024-10-10T13:39:00+02:00,170.28,170.28,170.28,170.28,3
2024-10-10T13:47:30+02:00,170.32,170.32,170.32,170.32,20
2024-10-10T13:53:00+02:00,170.16,170.16,170.14,170.14,100
2024-10-10T13:54:30+02:00,170.22,170.22,170.22,170.22,17
2024-10-10T13:55:00+02:00,170.28,170.28,170.28,170.28,167
2024-10-10T13:56:00+02:00,170.44,171,170.38,170.68,3758
2024-10-10T13:56:30+02:00,170.72,170.78,170.72,170.78,81
2024-10-10T14:00:00+02:00,170.54,171.18,170.54,171.18,1025
2024-10-10T14:02:30+02:00,170.88,170.88,170.88,170.88,3
2024-10-10T14:03:00+02:00,171.02,171.06,171.02,171.04,36
2024-10-10T14:05:00+02:00,171.02,171.02,170.84,170.84,323
2024-10-10T14:06:00+02:00,171,171,171,171,16
2024-10-10T14:07:00+02:00,171.02,171.02,171,171,535
2024-10-10T14:08:30+02:00,171,171,171,171,25
2024-10-10T14:10:30+02:00,171,171.2,171,171.2,598
2024-10-10T14:13:30+02:00,171.2,171.2,171.2,171.2,300
2024-10-10T14:20:30+02:00,170.82,170.82,170.8,170.8,9
2024-10-10T14:24:00+02:00,170.98,170.98,170.98,170.98,66
2024-10-10T14:27:00+02:00,170.98,170.98,170.98,170.98,6
2024-10-10T14:30:00+02:00,171.1,171.1,169.94,169.94,3995
2024-10-10T14:30:30+02:00,170.9,170.9,170.88,170.88,144
2024-10-10T14:31:00+02:00,170.74,170.74,170.7,170.7,372
2024-10-10T14:32:00+02:00,170.8,170.92,170.74,170.92,763
2024-10-10T14:32:30+02:00,170.8,170.8,170.76,170.76,300
2024-10-10T14:34:30+02:00,171.12,171.12,171.12,171.12,54
2024-10-10T14:35:00+02:00,171.06,171.06,170.96,170.96,207
2024-10-10T14:36:00+02:00,170.88,171.04,170.88,171.04,105
2024-10-10T14:36:30+02:00,171.1,171.12,171.1,171.12,195
2024-10-10T14:37:00+02:00,170.88,170.88,170.88,170.88,152
2024-10-10T14:38:30+02:00,171.1,171.1,171.1,171.1,100
2024-10-10T14:39:00+02:00,171.04,171.04,171.04,171.04,300
2024-10-10T14:40:30+02:00,170.6,170.6,170.58,170.58,186
2024-10-10T14:41:00+02:00,170.5,170.5,170.5,170.5,50
2024-10-10T14:41:30+02:00,170.5,170.5,170.5,170.5,500
2024-10-10T14:42:00+02:00,170.54,170.54,170.52,170.52,500
2024-10-10T14:42:30+02:00,170.56,170.7,170.54,170.7,564
2024-10-10T14:43:30+02:00,170.9,170.9,170.82,170.82,123
2024-10-10T14:44:30+02:00,170.8,171,170.8,171,569
2024-10-10T14:45:00+02:00,171.28,171.3,171.28,171.3,132
2024-10-10T14:46:00+02:00,171.22,171.22,171.2,171.2,172
2024-10-10T14:47:00+02:00,171.22,171.22,171.22,171.22,50
2024-10-10T14:48:00+02:00,171.28,171.28,171.28,171.28,9
2024-10-10T14:49:00+02:00,171.44,171.44,171.42,171.42,75
2024-10-10T14:49:30+02:00,171.54,171.54,171.52,171.52,222
2024-10-10T14:50:00+02:00,171.54,171.6,171.48,171.48,1225
2024-10-10T14:50:30+02:00,171.56,171.62,171.56,171.62,49
2024-10-10T14:51:30+02:00,171.7,171.72,171.7,171.72,73
2024-10-10T14:53:00+02:00,171.58,171.58,171.58,171.58,73
2024-10-10T14:54:00+02:00,171.7,171.7,171.7,171.7,50
2024-10-10T14:55:30+02:00,171.56,171.56,171.36,171.36,484
2024-10-10T14:57:00+02:00,171.52,171.52,171.52,171.52,32
2024-10-10T14:57:30+02:00,171.52,171.52,171.52,171.52,10
2024-10-10T14:59:00+02:00,171.62,171.66,171.62,171.66,89
2024-10-10T15:01:30+02:00,171.46,171.46,171.46,171.46,9
2024-10-10T15:03:30+02:00,171.5,171.5,171.5,171.5,115
2024-10-10T15:04:30+02:00,171.38,171.38,171.36,171.36,77
2024-10-10T15:05:30+02:00,171.34,171.34,171.34,171.34,8
2024-10-10T15:06:00+02:00,171.5,171.5,171.5,171.5,55
2024-10-10T15:07:30+02:00,171.22,171.4,171.18,171.4,1398
2024-10-10T15:09:00+02:00,171.44,171.44,171.44,171.44,3
2024-10-10T15:10:30+02:00,171.4,171.44,171.4,171.44,171
2024-10-10T15:13:30+02:00,171.3,171.3,171.3,171.3,284
2024-10-10T15:14:00+02:00,171.34,171.4,171.34,171.4,508
2024-10-10T15:16:00+02:00,171.28,171.28,171.28,171.28,223
2024-10-10T15:18:30+02:00,171.18,171.18,171.18,171.18,1
2024-10-10T15:21:00+02:00,171.2,171.2,171.2,171.2,754
2024-10-10T15:21:30+02:00,171.1,171.1,171.1,171.1,3
2024-10-10T15:22:00+02:00,171.14,171.14,171.14,171.14,39
2024-10-10T15:23:00+02:00,171.08,171.08,171.08,171.08,140
2024-10-10T15:23:30+02:00,171.24,171.24,171.24,171.24,201
2024-10-10T15:24:30+02:00,171.48,171.48,171.48,171.48,43
2024-10-10T15:27:30+02:00,171.3,171.3,171.3,171.3,72
2024-10-10T15:28:00+02:00,171.24,171.32,171.24,171.32,733
2024-10-10T15:28:30+02:00,171.32,171.34,171.2,171.2,350
2024-10-10T15:29:30+02:00,171.18,171.18,171.18,171.18,2
2024-10-10T15:30:30+02:00,171.42,171.5,171.32,171.32,476
2024-10-10T15:31:00+02:00,171.28,171.38,171.28,171.38,124
2024-10-10T15:32:00+02:00,170.62,171.14,170.62,171.14,314
2024-10-10T15:32:30+02:00,171.28,171.48,171.22,171.48,282
2024-10-10T15:33:00+02:00,171.6,171.6,171.6,171.6,404
2024-10-10T15:33:30+02:00,171.64,171.64,171.64,171.64,79
2024-10-10T15:34:00+02:00,171.66,171.66,171.66,171.66,38
2024-10-10T15:34:30+02:00,171.5,171.5,171,171,375
2024-10-10T15:35:00+02:00,170.62,170.86,170.62,170.86,425
2024-10-10T15:35:30+02:00,170.98,171.1,170.98,171.08,504
2024-10-10T15:36:30+02:00,170.92,171.02,170.92,171.02,672
2024-10-10T15:37:00+02:00,171.32,171.32,171.32,171.32,456
2024-10-10T15:38:00+02:00,171.32,171.32,171.32,171.32,16
2024-10-10T15:41:30+02:00,170.82,170.82,170.8,170.8,7
2024-10-10T15:42:00+02:00,170.92,170.92,170.92,170.92,458
2024-10-10T15:42:30+02:00,170.98,170.98,170.98,170.98,162
2024-10-10T15:44:00+02:00,171,171,171,171,100
2024-10-10T15:44:30+02:00,171.2,171.2,171.2,171.2,114
2024-10-10T15:45:00+02:00,171.42,171.42,171.3,171.3,545
2024-10-10T15:45:30+02:00,171.36,171.36,171.36,171.36,4
2024-10-10T15:46:00+02:00,171.48,171.52,171.48,171.52,105
2024-10-10T15:47:00+02:00,171.5,171.5,171.5,171.5,60
2024-10-10T15:47:30+02:00,171.16,171.16,171.16,171.16,124
2024-10-10T15:48:30+02:00,170.84,170.84,170.84,170.84,150
2024-10-10T15:49:00+02:00,170.5,170.6,170.5,170.6,110
2024-10-10T15:50:30+02:00,170.52,170.76,170.52,170.76,1329
2024-10-10T15:52:00+02:00,170.92,170.92,170.92,170.92,76
2024-10-10T15:52:30+02:00,171.04,171.04,171.04,171.04,59
2024-10-10T15:53:00+02:00,171.18,171.18,171.16,171.16,153
2024-10-10T15:54:00+02:00,171.04,171.04,171.04,171.04,1
2024-10-10T15:55:00+02:00,171.18,171.18,171.18,171.18,78
2024-10-10T15:55:30+02:00,171.56,171.56,171.56,171.56,52
2024-10-10T15:56:00+02:00,171.6,171.6,171.6,171.6,3
2024-10-10T15:56:30+02:00,171.8,171.8,171.8,171.8,36
2024-10-10T15:57:00+02:00,171.84,171.84,171.84,171.84,12
2024-10-10T15:57:30+02:00,171.76,171.76,171.76,171.76,2
2024-10-10T15:58:00+02:00,171.76,171.76,171.76,171.76,40
2024-10-10T15:59:00+02:00,171.8,171.82,171.8,171.82,99
2024-10-10T16:00:00+02:00,171.74,171.74,171.74,171.74,208
2024-10-10T16:00:30+02:00,171.88,171.88,171.88,171.88,1
2024-10-10T16:01:00+02:00,171.86,172,171.86,172,1772
2024-10-10T16:01:30+02:00,171.94,171.94,171.94,171.94,2
2024-10-10T16:02:00+02:00,171.8,171.82,171.8,171.82,536
2024-10-10T16:05:00+02:00,171.8,171.8,171.8,171.8,75
2024-10-10T16:06:30+02:00,171.6,171.6,171.6,171.6,3
2024-10-10T16:07:00+02:00,171.52,171.52,171.42,171.42,35
2024-10-10T16:10:00+02:00,171.48,171.48,171.48,171.48,3
2024-10-10T16:12:30+02:00,171.5,171.5,171.5,171.5,8
2024-10-10T16:14:30+02:00,171.22,171.22,171.22,171.22,3
2024-10-10T16:15:00+02:00,171.18,171.18,171.06,171.14,56
2024-10-10T16:16:30+02:00,171.06,171.06,171.06,171.06,3
2024-10-10T16:17:00+02:00,171,171,170.9,170.9,6
2024-10-10T16:17:30+02:00,171,171,171,171,102
2024-10-10T16:18:30+02:00,171.1,171.1,171.1,171.1,1
2024-10-10T16:19:30+02:00,171,171,171,171,3
2024-10-10T16:20:00+02:00,170.96,170.96,170.86,170.86,276
2024-10-10T16:22:00+02:00,170.82,170.82,170.82,170.82,58
2024-10-10T16:22:30+02:00,170.8,170.8,170.76,170.76,503
2024-10-10T16:23:30+02:00,170.72,170.72,170.72,170.72,55
2024-10-10T16:24:00+02:00,170.7,170.7,170.7,170.7,354
2024-10-10T16:24:30+02:00,170.74,170.74,170.74,170.74,7
2024-10-10T16:26:00+02:00,170.76,170.76,170.76,170.76,54
2024-10-10T16:30:00+02:00,171.04,171.04,171.04,171.04,6
2024-10-10T16:30:30+02:00,171.04,171.04,171.04,171.04,159
2024-10-10T16:33:00+02:00,170.84,170.84,170.84,170.84,15
2024-10-10T16:37:30+02:00,170.62,170.62,170.62,170.62,575
2024-10-10T16:38:00+02:00,170.62,170.62,170.62,170.62,155
2024-10-10T16:39:00+02:00,170.7,170.7,170.7,170.7,60
2024-10-10T16:40:30+02:00,170.76,170.76,170.76,170.76,323
2024-10-10T16:42:00+02:00,170.84,170.84,170.84,170.84,2
2024-10-10T16:43:00+02:00,170.88,170.88,170.88,170.88,1
2024-10-10T16:43:30+02:00,171.08,171.08,171.08,171.08,63
2024-10-10T16:44:00+02:00,171.16,171.16,171.16,171.16,5
2024-10-10T16:45:00+02:00,171.02,171.02,171.02,171.02,100
2024-10-10T16:47:30+02:00,171.08,171.08,171.08,171.08,6
2024-10-10T16:48:00+02:00,171.12,171.12,171.08,171.08,31
2024-10-10T16:48:30+02:00,171.02,171.02,171.02,171.02,3
2024-10-10T16:50:00+02:00,170.88,170.88,170.88,170.88,1500
2024-10-10T16:51:00+02:00,170.7,170.7,170.7,170.7,3
2024-10-10T16:52:00+02:00,170.64,170.64,170.56,170.56,156
2024-10-10T16:52:30+02:00,170.6,170.6,170.6,170.6,3
2024-10-10T16:53:00+02:00,170.5,170.5,170.5,170.5,15
2024-10-10T16:53:30+02:00,170.52,170.52,170.52,170.52,2
2024-10-10T16:54:00+02:00,170.56,170.56,170.56,170.56,197
2024-10-10T16:55:30+02:00,170.46,170.46,170.46,170.46,68
2024-10-10T17:00:00+02:00,170.44,170.44,170.44,170.44,8
2024-10-10T17:02:00+02:00,170.3,170.3,170.3,170.3,100
2024-10-10T17:03:00+02:00,170.34,170.34,170.34,170.34,3
2024-10-10T17:03:30+02:00,170.36,170.36,170.36,170.36,6
2024-10-10T17:05:30+02:00,170.5,170.54,170.5,170.54,47
2024-10-10T17:06:00+02:00,170.44,170.44,170.44,170.44,10
2024-10-10T17:08:30+02:00,170.58,170.58,170.58,170.58,2
2024-10-10T17:10:00+02:00,170.38,170.38,170.32,170.32,79
2024-10-10T17:11:30+02:00,170.46,170.46,170.46,170.46,84
2024-10-10T17:13:00+02:00,170.38,170.38,170.38,170.38,6
2024-10-10T17:14:00+02:00,170.46,170.46,170.46,170.46,55
2024-10-10T17:16:00+02:00,170.48,170.52,170.48,170.52,102
2024-10-10T17:16:30+02:00,170.46,170.46,170.46,170.46,2
2024-10-10T17:17:30+02:00,170.4,170.4,170.38,170.38,1500
2024-10-10T17:18:00+02:00,170.42,170.42,170.42,170.42,108
2024-10-10T17:18:30+02:00,170.38,170.38,170.38,170.38,6
2024-10-10T17:21:00+02:00,170.42,170.42,170.42,170.42,155
2024-10-10T17:21:30+02:00,170.56,170.56,170.56,170.56,25
2024-10-10T17:24:30+02:00,170.44,170.44,170.4,170.4,817
2024-10-10T17:25:00+02:00,170.34,170.34,170.34,170.34,202
2024-10-10T17:25:30+02:00,170.42,170.42,170.4,170.4,481
2024-10-11T09:04:00+02:00,170.62,170.62,170.62,170.62,607
2024-10-11T09:05:00+02:00,170.96,170.96,170.96,170.96,3
2024-10-11T09:15:30+02:00,170.72,170.72,170.72,170.72,12
2024-10-11T09:16:00+02:00,170.72,170.72,170.72,170.72,173
2024-10-11T09:20:30+02:00,170.7,170.7,170.7,170.7,2
2024-10-11T09:21:00+02:00,170.68,170.68,170.68,170.68,100
2024-10-11T09:23:30+02:00,170.68,170.68,170.68,170.68,401
2024-10-11T09:24:00+02:00,170.58,170.58,170.34,170.38,240
2024-10-11T09:24:30+02:00,170.24,170.24,170.24,170.24,6
2024-10-11T09:25:00+02:00,170.3,170.3,170.3,170.3,2
2024-10-11T09:25:30+02:00,170.32,170.32,170.32,170.32,2
2024-10-11T09:27:00+02:00,170.32,170.32,170.32,170.32,10
2024-10-11T09:28:30+02:00,170.28,170.28,170.28,170.28,1
2024-10-11T09:30:30+02:00,170.26,170.26,170.26,170.26,220
2024-10-11T09:32:00+02:00,170.48,170.48,170.48,170.48,6
2024-10-11T09:52:00+02:00,170.48,170.5,170.48,170.5,25
2024-10-11T09:54:30+02:00,170.4,170.4,170.4,170.4,2
2024-10-11T10:00:00+02:00,170.42,170.5,170.42,170.48,483
2024-10-11T10:04:00+02:00,170.38,170.38,170.38,170.38,300
2024-10-11T10:05:30+02:00,170.32,170.32,170.32,170.32,2
2024-10-11T10:09:30+02:00,170.24,170.24,170.24,170.24,30
2024-10-11T10:10:00+02:00,170.22,170.22,170.22,170.22,115
2024-10-11T10:10:30+02:00,170.22,170.22,170.22,170.22,300
2024-10-11T10:11:00+02:00,170.22,170.3,170.22,170.22,198
2024-10-11T10:13:30+02:00,170.38,170.38,170.38,170.38,29
2024-10-11T10:15:30+02:00,170.22,170.22,170.22,170.22,250
2024-10-11T10:16:00+02:00,170.24,170.24,170.22,170.22,200
2024-10-11T10:17:00+02:00,170.22,170.22,170.22,170.22,41
2024-10-11T10:17:30+02:00,170.08,170.08,170.06,170.06,68
2024-10-11T10:18:00+02:00,170.1,170.1,170.1,170.1,5
2024-10-11T10:19:30+02:00,170.18,170.18,170.18,170.18,80
2024-10-11T10:21:00+02:00,170.12,170.12,170.12,170.12,150
2024-10-11T10:26:30+02:00,170.1,170.1,170.1,170.1,7
2024-10-11T10:27:30+02:00,170.04,170.04,170.04,170.04,18
2024-10-11T10:30:00+02:00,170.2,170.2,170.2,170.2,20
2024-10-11T10:36:00+02:00,170.06,170.06,170.06,170.06,3
2024-10-11T10:42:00+02:00,170.08,170.18,170.08,170.18,21
2024-10-11T10:44:00+02:00,170.14,170.14,170.14,170.14,360
2024-10-11T10:48:00+02:00,170.1,170.1,170.1,170.1,10
2024-10-11T10:51:00+02:00,170.14,170.14,170.14,170.14,17
2024-10-11T10:53:00+02:00,170.2,170.2,170.2,170.2,14
2024-10-11T10:55:30+02:00,170.24,170.24,170.24,170.24,6
2024-10-11T11:03:30+02:00,170.24,170.24,170.24,170.24,58
2024-10-11T11:08:00+02:00,170.3,170.3,170.3,170.3,2
2024-10-11T11:10:30+02:00,170.4,170.46,170.4,170.46,140
2024-10-11T11:11:30+02:00,170.38,170.38,170.38,170.38,25
2024-10-11T11:18:30+02:00,170.34,170.34,170.34,170.34,3
2024-10-11T11:22:00+02:00,170.22,170.22,170.22,170.22,10
2024-10-11T11:25:00+02:00,170.34,170.34,170.34,170.34,6
2024-10-11T11:35:00+02:00,170.34,170.34,170.34,170.34,62
2024-10-11T11:39:30+02:00,170.42,170.42,170.4,170.4,280
2024-10-11T11:42:00+02:00,170.48,170.48,170.48,170.48,1
2024-10-11T11:42:30+02:00,170.48,170.48,170.48,170.48,369
2024-10-11T11:45:30+02:00,170.5,170.5,170.5,170.5,29
2024-10-11T11:50:30+02:00,170.5,170.5,170.5,170.5,4
2024-10-11T11:54:30+02:00,170.48,170.48,170.48,170.48,200
2024-10-11T11:55:30+02:00,170.54,170.54,170.54,170.54,70
2024-10-11T12:03:00+02:00,170.7,170.7,170.7,170.7,193
2024-10-11T12:29:30+02:00,170.76,170.76,170.74,170.74,106
2024-10-11T12:38:30+02:00,170.74,170.74,170.74,170.74,75
2024-10-11T12:43:30+02:00,170.92,170.94,170.92,170.94,170
2024-10-11T12:57:00+02:00,170.76,170.76,170.74,170.74,188
2024-10-11T13:01:00+02:00,170.76,170.76,170.76,170.76,29
2024-10-11T13:04:00+02:00,170.8,170.8,170.8,170.8,10
2024-10-11T13:07:30+02:00,170.8,170.8,170.78,170.78,40
2024-10-11T13:09:30+02:00,170.74,170.74,170.74,170.74,50
2024-10-11T13:17:00+02:00,170.86,170.86,170.86,170.86,17
2024-10-11T13:17:30+02:00,170.88,170.88,170.88,170.88,3
2024-10-11T13:29:00+02:00,170.88,170.88,170.88,170.88,20
2024-10-11T13:34:30+02:00,170.88,170.88,170.88,170.88,34
2024-10-11T13:36:30+02:00,170.86,170.86,170.86,170.86,27
2024-10-11T13:37:00+02:00,170.94,170.94,170.94,170.94,18
2024-10-11T13:42:30+02:00,170.96,170.96,170.96,170.96,6
2024-10-11T13:43:00+02:00,170.92,170.92,170.92,170.92,5
2024-10-11T13:52:00+02:00,170.98,170.98,170.98,170.98,61
2024-10-11T13:52:30+02:00,171,171.1,171,171.1,655
2024-10-11T13:56:00+02:00,171.22,171.22,171.22,171.22,60
2024-10-11T13:58:30+02:00,171.2,171.2,171.2,171.2,15
2024-10-11T14:00:30+02:00,171.06,171.06,171.06,171.06,40
2024-10-11T14:09:30+02:00,171.12,171.12,171.12,171.12,1
2024-10-11T14:10:00+02:00,171.24,171.26,171.24,171.26,58
2024-10-11T14:14:00+02:00,171.22,171.3,171.22,171.3,33
2024-10-11T14:18:00+02:00,171.12,171.12,171.12,171.12,28
2024-10-11T14:29:00+02:00,171.06,171.06,171.06,171.06,30
2024-10-11T14:30:00+02:00,170.98,170.98,170.98,170.98,73
2024-10-11T14:33:30+02:00,171.2,171.2,171.2,171.2,75
2024-10-11T14:37:30+02:00,171.24,171.24,171.24,171.24,8
2024-10-11T14:40:00+02:00,171.14,171.14,171.14,171.14,10
2024-10-11T14:43:00+02:00,171.2,171.2,171.2,171.2,30
2024-10-11T14:52:30+02:00,171.2,171.2,171.2,171.2,90
2024-10-11T14:57:30+02:00,171.08,171.08,171.08,171.08,1
2024-10-11T14:58:30+02:00,171.1,171.1,170.86,170.86,598
2024-10-11T15:00:00+02:00,170.94,170.98,170.94,170.98,44
2024-10-11T15:01:30+02:00,171.1,171.1,171.1,171.1,12
2024-10-11T15:02:30+02:00,171.24,171.24,171.24,171.24,26
2024-10-11T15:03:30+02:00,171.16,171.16,171.16,171.16,60
2024-10-11T15:08:30+02:00,171.14,171.14,171.14,171.14,50
2024-10-11T15:11:30+02:00,171.04,171.04,171.04,171.04,40
2024-10-11T15:13:30+02:00,171,171,171,171,102
2024-10-11T15:25:00+02:00,170.88,170.88,170.84,170.84,342
2024-10-11T15:26:00+02:00,170.92,170.98,170.92,170.98,50
2024-10-11T15:27:00+02:00,170.72,170.72,170.72,170.72,72
2024-10-11T15:30:00+02:00,170.56,170.64,170.44,170.58,600
2024-10-11T15:30:30+02:00,170.66,170.76,170.66,170.76,140
2024-10-11T15:31:00+02:00,170.66,170.9,170.66,170.9,247
2024-10-11T15:32:00+02:00,171.16,171.28,171.16,171.28,420
2024-10-11T15:32:30+02:00,171.38,171.38,171.38,171.38,25
2024-10-11T15:34:30+02:00,171.56,171.56,171.56,171.56,72
2024-10-11T15:35:00+02:00,171.4,171.4,171.4,171.4,457
2024-10-11T15:35:30+02:00,171.22,171.22,171.2,171.2,35
2024-10-11T15:36:00+02:00,171.22,171.22,171.22,171.22,109
2024-10-11T15:36:30+02:00,171.12,171.12,171.12,171.12,20
2024-10-11T15:37:00+02:00,171.22,171.22,171.22,171.22,43
2024-10-11T15:38:30+02:00,171.42,171.42,171.42,171.42,72
2024-10-11T15:41:00+02:00,171.36,171.36,171.34,171.34,700
2024-10-11T15:42:00+02:00,171.62,171.64,171.62,171.62,75
2024-10-11T15:43:30+02:00,171.72,171.72,171.72,171.72,300
2024-10-11T15:44:30+02:00,172,172.06,172,172.06,271
2024-10-11T15:46:30+02:00,171.78,171.78,171.78,171.78,166
2024-10-11T15:49:30+02:00,171.9,171.9,171.9,171.9,99
2024-10-11T15:51:30+02:00,171.78,171.78,171.78,171.78,72
2024-10-11T15:53:30+02:00,171.78,171.78,171.78,171.78,113
2024-10-11T15:57:30+02:00,172,172,172,172,10
2024-10-11T15:59:00+02:00,171.9,171.9,171.9,171.9,100
2024-10-11T16:01:30+02:00,172.08,172.12,172.08,172.12,104
2024-10-11T16:02:00+02:00,172.18,172.18,172.18,172.18,20
2024-10-11T16:02:30+02:00,171.88,171.88,171.88,171.88,100
2024-10-11T16:07:00+02:00,172.3,172.3,172.3,172.3,320
2024-10-11T16:09:00+02:00,172.5,172.5,172.5,172.5,165
2024-10-11T16:09:30+02:00,172.62,172.62,172.62,172.62,152
2024-10-11T16:12:00+02:00,172.6,172.6,172.6,172.6,30
2024-10-11T16:14:30+02:00,172.6,172.6,172.6,172.6,39
2024-10-11T16:15:30+02:00,172.8,172.8,172.8,172.8,300
2024-10-11T16:16:00+02:00,172.84,172.84,172.8,172.8,156
2024-10-11T16:19:00+02:00,172.72,172.72,172.72,172.72,24
2024-10-11T16:20:30+02:00,172.74,172.74,172.74,172.74,72
2024-10-11T16:22:00+02:00,172.88,172.88,172.84,172.84,475
2024-10-11T16:23:30+02:00,172.8,172.8,172.76,172.76,759
2024-10-11T16:25:30+02:00,172.96,172.96,172.96,172.96,59
2024-10-11T16:26:00+02:00,172.98,173,172.98,173,246
2024-10-11T16:26:30+02:00,172.92,172.92,172.92,172.92,456
2024-10-11T16:27:30+02:00,173.04,173.12,173.04,173.12,1757
2024-10-11T16:28:30+02:00,173.18,173.18,173.18,173.18,100
2024-10-11T16:30:30+02:00,173.22,173.22,173.22,173.22,20
2024-10-11T16:31:30+02:00,173.3,173.34,173.3,173.34,27
2024-10-11T16:36:30+02:00,173.48,173.48,173.48,173.48,2
2024-10-11T16:39:30+02:00,173.34,173.34,173.3,173.3,331
2024-10-11T16:40:30+02:00,173.32,173.32,173.32,173.32,159
2024-10-11T16:41:30+02:00,173.14,173.14,173.14,173.14,65
2024-10-11T16:42:00+02:00,173.2,173.2,173.16,173.16,342
2024-10-11T16:42:30+02:00,173.14,173.14,173.08,173.08,539
2024-10-11T16:43:00+02:00,173.04,173.04,173.04,173.04,336
2024-10-11T16:46:30+02:00,172.94,172.94,172.94,172.94,51
2024-10-11T16:54:00+02:00,172.9,172.9,172.9,172.9,71
2024-10-11T16:54:30+02:00,172.8,172.8,172.8,172.8,25
2024-10-11T16:55:00+02:00,173.02,173.02,173.02,173.02,400
2024-10-11T16:55:30+02:00,173.06,173.06,173.06,173.06,25
2024-10-11T16:56:00+02:00,173.14,173.14,173.14,173.14,1
2024-10-11T16:56:30+02:00,173,173.04,173,173.04,190
2024-10-11T16:58:00+02:00,173.22,173.22,173.14,173.16,437
2024-10-11T16:59:30+02:00,173.2,173.22,173.18,173.18,312
2024-10-11T17:00:00+02:00,173.2,173.22,173.2,173.22,214
2024-10-11T17:00:30+02:00,173.14,173.14,173.14,173.14,154
2024-10-11T17:02:00+02:00,173.28,173.28,173.28,173.28,41
2024-10-11T17:03:00+02:00,173.3,173.3,173.3,173.3,152
2024-10-11T17:05:00+02:00,173.14,173.14,173.14,173.14,2
2024-10-11T17:05:30+02:00,173.1,173.1,173.1,173.1,34
2024-10-11T17:08:00+02:00,173.16,173.18,173.16,173.18,272
2024-10-11T17:10:30+02:00,173,173,172.96,172.96,8
2024-10-11T17:11:00+02:00,172.88,172.88,172.88,172.88,5
2024-10-11T17:12:00+02:00,172.7,172.7,172.7,172.7,1
2024-10-11T17:13:30+02:00,172.64,172.64,172.64,172.64,72
2024-10-11T17:14:00+02:00,172.54,172.54,172.54,172.54,9
2024-10-11T17:15:00+02:00,172.54,172.54,172.54,172.54,33
2024-10-11T17:15:30+02:00,172.44,172.44,172.38,172.44,320
2024-10-11T17:16:00+02:00,172.46,172.46,172.46,172.46,28
2024-10-11T17:18:00+02:00,172.38,172.38,172.38,172.38,10
2024-10-11T17:19:00+02:00,172.18,172.18,172.18,172.18,127
2024-10-11T17:21:00+02:00,172.28,172.28,172.28,172.28,3
2024-10-11T17:23:00+02:00,172.16,172.16,172.16,172.16,20
2024-10-11T17:23:30+02:00,172.12,172.18,172.12,172.18,29
2024-10-11T17:29:30+02:00,172.18,172.2,172.18,172.2,49
2024-10-14T09:04:00+02:00,172.5,172.5,172.44,172.5,2433
2024-10-14T09:04:30+02:00,172.5,172.5,172.5,172.5,53
2024-10-14T09:05:00+02:00,172.56,172.58,172.56,172.58,56
2024-10-14T09:05:30+02:00,172.6,172.6,172.6,172.6,9
2024-10-14T09:08:00+02:00,172.6,172.78,172.6,172.78,217
2024-10-14T09:09:00+02:00,172.96,172.98,172.96,172.98,58
2024-10-14T09:11:00+02:00,172.98,173,172.92,172.92,110
2024-10-14T09:15:00+02:00,172.8,172.8,172.8,172.8,115
2024-10-14T09:17:30+02:00,172.7,172.7,172.66,172.66,56
2024-10-14T09:19:30+02:00,172.62,172.62,172.6,172.6,93
2024-10-14T09:20:30+02:00,172.86,172.86,172.86,172.86,40
2024-10-14T09:21:00+02:00,172.62,172.62,172.6,172.6,150
2024-10-14T09:23:30+02:00,172.76,172.76,172.76,172.76,62
2024-10-14T09:32:30+02:00,172.72,172.72,172.72,172.72,54
2024-10-14T09:33:00+02:00,172.72,172.72,172.66,172.66,40
2024-10-14T09:33:30+02:00,172.72,172.72,172.72,172.72,184
2024-10-14T09:35:00+02:00,172.68,172.72,172.66,172.72,206
2024-10-14T09:36:00+02:00,172.62,172.62,172.62,172.62,8
2024-10-14T09:37:30+02:00,172.76,172.76,172.76,172.76,2
2024-10-14T09:43:00+02:00,172.76,172.76,172.76,172.76,84
2024-10-14T09:46:30+02:00,172.8,172.8,172.8,172.8,202
2024-10-14T09:51:30+02:00,172.8,172.8,172.8,172.8,118
2024-10-14T09:58:30+02:00,172.8,172.8,172.8,172.8,100
2024-10-14T10:00:30+02:00,172.82,172.9,172.82,172.9,167
2024-10-14T10:01:30+02:00,172.88,172.88,172.88,172.88,103
2024-10-14T10:03:00+02:00,172.8,172.8,172.7,172.7,66
2024-10-14T10:07:00+02:00,172.64,172.64,172.64,172.64,34
2024-10-14T10:07:30+02:00,172.62,172.62,172.62,172.62,126
2024-10-14T10:09:30+02:00,172.68,172.68,172.68,172.68,1
2024-10-14T10:10:30+02:00,172.76,172.76,172.76,172.76,45
2024-10-14T10:12:30+02:00,172.8,172.8,172.8,172.8,26
2024-10-14T10:14:30+02:00,172.88,172.9,172.88,172.9,20
2024-10-14T10:15:00+02:00,172.9,172.9,172.9,172.9,21
2024-10-14T10:16:00+02:00,172.9,172.9,172.88,172.88,483
2024-10-14T10:17:30+02:00,172.88,172.88,172.88,172.88,1
2024-10-14T10:18:00+02:00,172.9,172.9,172.9,172.9,100
2024-10-14T10:18:30+02:00,172.9,173,172.9,173,260
2024-10-14T10:19:00+02:00,173,173,173,173,158
2024-10-14T10:19:30+02:00,173.04,173.04,173.04,173.04,60
2024-10-14T10:20:00+02:00,173.06,173.18,173.06,173.18,672
2024-10-14T10:22:00+02:00,173.02,173.02,173.02,173.02,12
2024-10-14T10:22:30+02:00,173.1,173.1,173.1,173.1,28
2024-10-14T10:26:30+02:00,173.1,173.14,173.08,173.14,117
2024-10-14T10:27:00+02:00,173.08,173.08,173.08,173.08,1
2024-10-14T10:28:00+02:00,173.2,173.2,173.2,173.2,10
2024-10-14T10:29:30+02:00,173.18,173.18,173.18,173.18,50
2024-10-14T10:30:00+02:00,173.08,173.08,173.08,173.08,30
2024-10-14T10:35:30+02:00,172.98,172.98,172.98,172.98,140
2024-10-14T10:36:00+02:00,172.96,172.96,172.96,172.96,2
2024-10-14T10:40:00+02:00,172.96,172.96,172.96,172.96,10
2024-10-14T10:47:30+02:00,173.06,173.08,173.06,173.08,300
2024-10-14T10:52:30+02:00,172.98,172.98,172.98,172.98,1
2024-10-14T10:57:00+02:00,172.94,172.94,172.94,172.94,20
2024-10-14T11:01:00+02:00,172.88,172.88,172.84,172.84,43
2024-10-14T11:05:30+02:00,172.9,172.9,172.9,172.9,11
2024-10-14T11:18:30+02:00,172.8,172.8,172.8,172.8,50
2024-10-14T11:19:30+02:00,172.9,172.92,172.9,172.92,440
2024-10-14T11:20:00+02:00,172.9,172.9,172.9,172.9,128
2024-10-14T11:20:30+02:00,172.96,172.96,172.96,172.96,11
2024-10-14T11:24:30+02:00,172.86,172.86,172.86,172.86,20
2024-10-14T11:25:00+02:00,172.86,172.86,172.86,172.86,66
2024-10-14T11:25:30+02:00,172.84,172.84,172.84,172.84,500
2024-10-14T11:28:30+02:00,172.94,172.96,172.94,172.96,130
2024-10-14T11:34:30+02:00,173.08,173.08,173.06,173.08,119
2024-10-14T11:35:30+02:00,173.04,173.04,173.04,173.04,1
2024-10-14T11:36:00+02:00,173.04,173.2,173.02,173.2,124
2024-10-14T11:47:30+02:00,173.18,173.18,173.18,173.18,46
2024-10-14T11:48:30+02:00,173.16,173.16,173.16,173.16,111
2024-10-14T11:49:00+02:00,173.1,173.1,173.1,173.1,43
2024-10-14T11:54:00+02:00,173.18,173.18,173.16,173.18,303
2024-10-14T11:55:30+02:00,173.28,173.32,173.28,173.32,17
2024-10-14T11:58:00+02:00,173.22,173.22,173.22,173.22,11
2024-10-14T12:00:00+02:00,173.34,173.34,173.34,173.34,25
2024-10-14T12:06:00+02:00,173.42,173.42,173.42,173.42,368
2024-10-14T12:10:00+02:00,173.44,173.46,173.44,173.46,40
2024-10-14T12:13:30+02:00,173.48,173.48,173.48,173.48,65
2024-10-14T12:15:00+02:00,173.48,173.48,173.48,173.48,20
2024-10-14T12:16:00+02:00,173.46,173.48,173.46,173.48,930
2024-10-14T12:16:30+02:00,173.48,173.48,173.46,173.46,192
2024-10-14T12:28:30+02:00,173.58,173.58,173.58,173.58,7
2024-10-14T12:29:00+02:00,173.5,173.5,173.46,173.46,139
2024-10-14T12:32:00+02:00,173.52,173.52,173.52,173.52,3
2024-10-14T12:32:30+02:00,173.46,173.46,173.36,173.36,59
2024-10-14T12:33:00+02:00,173.38,173.38,173.38,173.38,120
2024-10-14T12:38:00+02:00,173.24,173.24,173.24,173.24,218
2024-10-14T12:39:00+02:00,173.22,173.22,173.22,173.22,371
2024-10-14T12:43:30+02:00,173.26,173.26,173.26,173.26,45
2024-10-14T12:45:30+02:00,173.28,173.34,173.28,173.34,106
2024-10-14T12:57:30+02:00,173.42,173.42,173.42,173.42,7
2024-10-14T12:58:30+02:00,173.4,173.4,173.4,173.4,1
2024-10-14T13:00:00+02:00,173.5,173.5,173.5,173.5,106
2024-10-14T13:01:00+02:00,173.38,173.38,173.38,173.38,5
2024-10-14T13:02:00+02:00,173.38,173.38,173.38,173.38,1
2024-10-14T13:04:00+02:00,173.38,173.38,173.34,173.34,11
2024-10-14T13:09:30+02:00,173.34,173.34,173.34,173.34,50
2024-10-14T13:10:00+02:00,173.34,173.34,173.34,173.34,13
2024-10-14T13:14:00+02:00,173.36,173.36,173.36,173.36,338
2024-10-14T13:17:00+02:00,173.34,173.34,173.34,173.34,18
2024-10-14T13:22:30+02:00,173.36,173.36,173.36,173.36,260
2024-10-14T13:25:00+02:00,173.4,173.4,173.4,173.4,4
2024-10-14T13:38:30+02:00,173.68,173.68,173.68,173.68,60
2024-10-14T13:44:30+02:00,173.7,173.7,173.7,173.7,1
2024-10-14T13:47:30+02:00,173.84,173.84,173.84,173.84,60
2024-10-14T13:48:00+02:00,173.72,173.72,173.72,173.72,75
2024-10-14T13:48:30+02:00,173.78,173.78,173.78,173.78,1
2024-10-14T13:49:00+02:00,173.7,173.7,173.68,173.68,100
2024-10-14T13:50:00+02:00,173.76,173.76,173.76,173.76,1
2024-10-14T13:51:30+02:00,173.72,173.72,173.72,173.72,1
2024-10-14T13:52:30+02:00,173.72,173.72,173.72,173.72,40
2024-10-14T13:58:30+02:00,173.64,173.64,173.64,173.64,10
2024-10-14T14:00:30+02:00,173.58,173.58,173.56,173.56,84
2024-10-14T14:04:00+02:00,173.54,173.6,173.54,173.6,86
2024-10-14T14:06:00+02:00,173.56,173.56,173.56,173.56,26
2024-10-14T14:07:00+02:00,173.6,173.6,173.6,173.6,100
2024-10-14T14:09:00+02:00,173.54,173.54,173.54,173.54,4
2024-10-14T14:11:30+02:00,173.62,173.62,173.62,173.62,58
2024-10-14T14:17:30+02:00,173.5,173.5,173.5,173.5,20
2024-10-14T14:26:30+02:00,173.6,173.6,173.6,173.6,1
2024-10-14T14:31:00+02:00,173.62,173.62,173.62,173.62,1
2024-10-14T14:34:00+02:00,173.7,173.72,173.7,173.72,99
2024-10-14T14:35:00+02:00,173.62,173.62,173.62,173.62,1
2024-10-14T14:36:00+02:00,173.62,173.62,173.62,173.62,18
2024-10-14T14:41:00+02:00,173.8,173.8,173.8,173.8,1
2024-10-14T14:41:30+02:00,173.8,173.8,173.8,173.8,54
2024-10-14T14:53:00+02:00,174,174,174,174,594
2024-10-14T14:54:00+02:00,174,174,174,174,99
2024-10-14T14:55:00+02:00,173.98,173.98,173.9,173.9,237
2024-10-14T14:57:30+02:00,174.2,174.2,174.2,174.2,1
2024-10-14T15:12:30+02:00,174.2,174.2,174.2,174.2,160
2024-10-14T15:14:00+02:00,174.24,174.24,174.24,174.24,48
2024-10-14T15:15:00+02:00,174.4,174.4,174.4,174.4,40
2024-10-14T15:24:00+02:00,174.12,174.12,174.12,174.12,30
2024-10-14T15:25:30+02:00,173.88,173.88,173.88,173.88,208
2024-10-14T15:29:30+02:00,173.9,173.9,173.9,173.9,5
2024-10-14T15:30:00+02:00,173.84,173.86,173.72,173.86,624
2024-10-14T15:30:30+02:00,173.8,173.8,173.7,173.7,120
2024-10-14T15:31:30+02:00,173.22,173.22,173,173,170
2024-10-14T15:32:30+02:00,173.08,173.26,173.08,173.26,68
2024-10-14T15:36:00+02:00,173.12,173.22,173.12,173.22,371
2024-10-14T15:36:30+02:00,173.3,173.3,173.3,173.3,300
2024-10-14T15:38:30+02:00,173.16,173.16,173.16,173.16,19
2024-10-14T15:45:00+02:00,173.5,173.5,173.5,173.5,75
2024-10-14T15:46:00+02:00,173.46,173.52,173.44,173.52,77
2024-10-14T15:46:30+02:00,173.64,173.64,173.64,173.64,152
2024-10-14T15:48:30+02:00,173.44,173.44,173.44,173.44,15
2024-10-14T15:51:30+02:00,173.3,173.3,173.3,173.3,18
2024-10-14T15:54:00+02:00,173.08,173.08,173.08,173.08,52
2024-10-14T15:58:00+02:00,173.3,173.3,173.3,173.3,141
2024-10-14T15:59:00+02:00,173.28,173.28,173.28,173.28,6
2024-10-14T16:02:30+02:00,173.66,173.66,173.66,173.66,1
2024-10-14T16:03:00+02:00,173.74,173.74,173.74,173.74,83
2024-10-14T16:04:00+02:00,173.72,173.72,173.72,173.72,90
2024-10-14T16:07:30+02:00,173.66,173.66,173.64,173.64,103
2024-10-14T16:08:30+02:00,173.4,173.4,173.4,173.4,400
2024-10-14T16:11:00+02:00,173.34,173.34,173.34,173.34,300
2024-10-14T16:11:30+02:00,173.32,173.32,173.32,173.32,150
2024-10-14T16:12:00+02:00,173.4,173.4,173.4,173.4,4
2024-10-14T16:13:30+02:00,173.3,173.3,173.3,173.3,40
2024-10-14T16:17:00+02:00,173.1,173.1,173.1,173.1,40
2024-10-14T16:19:30+02:00,173,173,173,173,11
2024-10-14T16:21:00+02:00,173.08,173.08,173.08,173.08,20
2024-10-14T16:23:00+02:00,173.02,173.02,173.02,173.02,75
2024-10-14T16:26:30+02:00,173.08,173.08,173.08,173.08,6
2024-10-14T16:27:00+02:00,173.12,173.12,173.12,173.12,17
2024-10-14T16:28:30+02:00,173.36,173.38,173.36,173.38,100
2024-10-14T16:29:30+02:00,173.34,173.34,173.34,173.34,2
2024-10-14T16:30:30+02:00,173.3,173.3,173.26,173.26,105
2024-10-14T16:38:30+02:00,173.18,173.18,173.18,173.18,88
2024-10-14T16:39:00+02:00,173.12,173.12,173.12,173.12,1
2024-10-14T16:40:00+02:00,173.02,173.02,173.02,173.02,11
2024-10-14T16:41:00+02:00,173.16,173.16,173.16,173.16,100
2024-10-14T16:43:30+02:00,173.12,173.12,173.12,173.12,8
2024-10-14T16:45:30+02:00,172.88,172.88,172.88,172.88,167
2024-10-14T16:46:30+02:00,173.06,173.06,173.06,173.06,100
2024-10-14T16:47:00+02:00,173,173,173,173,14
2024-10-14T16:47:30+02:00,173.1,173.1,173.06,173.06,343
2024-10-14T16:51:30+02:00,172.92,172.92,172.92,172.92,51
2024-10-14T16:54:30+02:00,172.9,172.9,172.9,172.9,2
2024-10-14T16:55:00+02:00,172.84,172.84,172.84,172.84,20
2024-10-14T16:57:30+02:00,172.68,172.68,172.6,172.6,69
2024-10-14T16:59:00+02:00,172.56,172.56,172.4,172.4,32
2024-10-14T17:00:30+02:00,172.4,172.4,172.4,172.4,35
2024-10-14T17:01:30+02:00,172.3,172.32,172.3,172.32,63
2024-10-14T17:02:30+02:00,172.42,172.42,172.42,172.42,1
2024-10-14T17:06:00+02:00,172.44,172.44,172.44,172.44,25
2024-10-14T17:09:00+02:00,172.68,172.68,172.68,172.68,51
2024-10-14T17:10:00+02:00,172.68,172.68,172.62,172.62,671
2024-10-14T17:15:30+02:00,172.94,172.94,172.88,172.9,402
2024-10-14T17:16:00+02:00,172.92,172.92,172.92,172.92,91
2024-10-14T17:16:30+02:00,172.82,172.82,172.82,172.82,1
2024-10-14T17:18:00+02:00,172.66,172.66,172.66,172.66,15
2024-10-14T17:20:30+02:00,172.68,172.68,172.68,172.68,153
2024-10-14T17:23:30+02:00,172.78,172.78,172.78,172.78,52
2024-10-14T17:24:00+02:00,172.74,172.74,172.74,172.74,42
2024-10-14T17:25:00+02:00,172.56,172.56,172.56,172.56,1
2024-10-14T17:25:30+02:00,172.58,172.58,172.58,172.58,2
2024-10-14T17:28:30+02:00,172.4,172.4,172.4,172.4,2
2024-10-15T09:04:00+02:00,172.66,172.66,172.52,172.52,1127
2024-10-15T09:07:00+02:00,172.48,172.48,172.48,172.48,250
2024-10-15T09:08:00+02:00,172.46,172.48,172.46,172.48,335
2024-10-15T09:08:30+02:00,172.48,172.48,172.48,172.48,8
2024-10-15T09:19:30+02:00,172.46,172.46,172.4,172.4,52
2024-10-15T09:24:00+02:00,172.4,172.4,172.4,172.4,12
2024-10-15T09:28:00+02:00,172.5,172.5,172.5,172.5,130
2024-10-15T09:42:00+02:00,172.4,172.44,172.4,172.44,129
2024-10-15T09:44:30+02:00,172.44,172.44,172.44,172.44,50
2024-10-15T09:47:00+02:00,172.32,172.32,172.3,172.3,20
2024-10-15T09:48:00+02:00,172.46,172.46,172.46,172.46,10
2024-10-15T09:50:30+02:00,172.32,172.32,172.24,172.24,641
2024-10-15T09:53:00+02:00,172.22,172.22,172.22,172.22,17
2024-10-15T09:57:00+02:00,172.24,172.24,172.24,172.24,3
2024-10-15T10:00:00+02:00,172.42,172.46,172.42,172.46,50
2024-10-15T10:04:00+02:00,172.32,172.32,172.32,172.32,4
2024-10-15T10:06:30+02:00,172.3,172.3,172.26,172.26,125
2024-10-15T10:07:30+02:00,172.22,172.22,172.22,172.22,300
2024-10-15T10:08:30+02:00,172.18,172.18,172.18,172.18,37
2024-10-15T10:09:30+02:00,172.12,172.12,172.12,172.12,70
2024-10-15T10:14:00+02:00,172.1,172.1,172.1,172.1,92
2024-10-15T10:15:00+02:00,172.04,172.04,172.04,172.04,10
2024-10-15T10:15:30+02:00,172.02,172.02,172.02,172.02,20
2024-10-15T10:17:30+02:00,172.04,172.06,172.04,172.06,230
2024-10-15T10:19:00+02:00,172.02,172.02,172.02,172.02,34
2024-10-15T10:20:30+02:00,172.04,172.04,172.04,172.04,12
2024-10-15T10:26:00+02:00,172,172,172,172,8
2024-10-15T10:27:30+02:00,172.1,172.1,172.1,172.1,6
2024-10-15T10:30:00+02:00,172.08,172.08,172.08,172.08,30
2024-10-15T10:36:30+02:00,171.78,171.92,171.78,171.92,334
2024-10-15T10:42:30+02:00,171.78,171.78,171.78,171.78,6
2024-10-15T10:45:00+02:00,171.78,171.78,171.76,171.76,250
2024-10-15T10:48:00+02:00,171.76,171.78,171.76,171.78,20
2024-10-15T10:49:30+02:00,171.82,171.82,171.82,171.82,1
2024-10-15T10:50:00+02:00,171.84,171.84,171.84,171.84,57
2024-10-15T10:52:00+02:00,171.8,171.8,171.78,171.78,80
2024-10-15T11:07:00+02:00,171.86,171.86,171.86,171.86,1
2024-10-15T11:09:00+02:00,171.88,171.88,171.88,171.88,204
2024-10-15T11:10:00+02:00,172.02,172.02,172.02,172.02,20
2024-10-15T11:16:00+02:00,172.02,172.02,172.02,172.02,3
2024-10-15T11:17:30+02:00,172.06,172.06,172.06,172.06,50
2024-10-15T11:24:00+02:00,172,172,171.98,171.98,91
2024-10-15T11:25:30+02:00,171.84,171.84,171.84,171.84,10
2024-10-15T11:29:30+02:00,171.92,171.92,171.9,171.9,144
2024-10-15T11:30:00+02:00,171.98,171.98,171.98,171.98,100
2024-10-15T11:31:00+02:00,171.88,171.88,171.88,171.88,43
2024-10-15T11:47:00+02:00,171.78,171.78,171.78,171.78,2
2024-10-15T11:49:30+02:00,171.72,171.72,171.72,171.72,20
2024-10-15T12:06:30+02:00,171.78,171.78,171.74,171.74,200
2024-10-15T12:18:00+02:00,171.9,171.9,171.9,171.9,7
2024-10-15T12:19:00+02:00,171.9,171.9,171.9,171.9,125
2024-10-15T12:31:30+02:00,171.92,171.92,171.92,171.92,74
2024-10-15T12:32:00+02:00,171.92,171.92,171.92,171.92,10
2024-10-15T12:33:30+02:00,172,172.08,172,172.08,358
2024-10-15T12:35:00+02:00,172.02,172.02,172,172,184
2024-10-15T12:36:00+02:00,172.16,172.16,172.16,172.16,459
2024-10-15T12:37:00+02:00,172.14,172.2,172.14,172.2,191
2024-10-15T12:47:00+02:00,172.28,172.28,172.28,172.28,2
2024-10-15T12:47:30+02:00,172.42,172.42,172.42,172.42,3
2024-10-15T12:54:00+02:00,172.4,172.4,172.38,172.38,50
2024-10-15T12:58:30+02:00,172.46,172.46,172.46,172.46,125
2024-10-15T13:07:30+02:00,172.26,172.26,172.26,172.26,35
2024-10-15T13:08:30+02:00,172.4,172.4,172.4,172.4,120
2024-10-15T13:17:30+02:00,172.28,172.28,172.28,172.28,12
2024-10-15T13:21:00+02:00,172.18,172.18,172.18,172.18,50
2024-10-15T13:22:00+02:00,172.2,172.2,172.2,172.2,30
2024-10-15T13:23:30+02:00,172.3,172.3,172.3,172.3,12
2024-10-15T13:25:00+02:00,172.3,172.3,172.3,172.3,68
2024-10-15T13:30:30+02:00,172.28,172.28,172.28,172.28,40
2024-10-15T13:32:00+02:00,172.4,172.4,172.4,172.4,10
2024-10-15T13:39:00+02:00,172.24,172.24,172.24,172.24,7
2024-10-15T13:40:00+02:00,172.2,172.2,172.2,172.2,47
2024-10-15T13:45:00+02:00,172.16,172.16,172.16,172.16,14
2024-10-15T13:46:30+02:00,172.2,172.2,172.2,172.2,120
2024-10-15T13:48:30+02:00,172.2,172.2,172.2,172.2,6
2024-10-15T13:52:00+02:00,172.2,172.2,172.2,172.2,183
2024-10-15T13:53:00+02:00,172.22,172.22,172.22,172.22,1
2024-10-15T13:56:00+02:00,172.36,172.36,172.36,172.36,1
2024-10-15T13:57:00+02:00,172.32,172.46,172.32,172.46,183
2024-10-15T14:00:00+02:00,172.46,172.46,172.46,172.46,6
2024-10-15T14:07:00+02:00,172.52,172.52,172.52,172.52,10
2024-10-15T14:09:30+02:00,172.52,172.52,172.52,172.52,227
2024-10-15T14:16:30+02:00,172.44,172.44,172.44,172.44,40
2024-10-15T14:18:00+02:00,172.6,172.62,172.6,172.62,16
2024-10-15T14:20:00+02:00,172.66,172.66,172.66,172.66,20
2024-10-15T14:26:00+02:00,172.64,172.66,172.64,172.66,256
2024-10-15T14:27:30+02:00,172.62,172.62,172.62,172.62,69
2024-10-15T14:28:30+02:00,172.64,172.64,172.64,172.64,1
2024-10-15T14:31:00+02:00,172.6,172.6,172.6,172.6,34
2024-10-15T14:33:30+02:00,172.66,172.68,172.66,172.68,2
2024-10-15T14:34:00+02:00,172.8,172.8,172.8,172.8,2
2024-10-15T14:38:30+02:00,172.6,172.6,172.6,172.6,61
2024-10-15T14:43:00+02:00,172.54,172.54,172.54,172.54,6
2024-10-15T14:43:30+02:00,172.56,172.56,172.56,172.56,1
2024-10-15T14:53:00+02:00,172.58,172.58,172.58,172.58,40
2024-10-15T14:53:30+02:00,172.68,172.68,172.68,172.68,5
2024-10-15T14:57:00+02:00,172.6,172.6,172.6,172.6,28
2024-10-15T14:59:30+02:00,172.68,172.68,172.68,172.68,10
2024-10-15T15:03:30+02:00,172.6,172.6,172.6,172.6,23
2024-10-15T15:06:30+02:00,172.64,172.64,172.64,172.64,18
2024-10-15T15:08:30+02:00,172.58,172.58,172.58,172.58,5
2024-10-15T15:11:30+02:00,172.74,172.74,172.74,172.74,20
2024-10-15T15:12:00+02:00,172.78,172.8,172.78,172.8,9
2024-10-15T15:14:30+02:00,172.74,172.74,172.74,172.74,3
2024-10-15T15:15:30+02:00,172.88,172.88,172.88,172.88,25
2024-10-15T15:24:00+02:00,172.8,172.8,172.8,172.8,20
2024-10-15T15:25:30+02:00,172.46,172.46,172.42,172.42,499
2024-10-15T15:28:00+02:00,172.44,172.44,171.96,172,2550
2024-10-15T15:29:00+02:00,171.9,171.92,171.88,171.92,454
2024-10-15T15:30:00+02:00,171.94,171.94,171.42,171.42,57
2024-10-15T15:30:30+02:00,171.26,171.32,171.26,171.32,6
2024-10-15T15:31:00+02:00,171.46,171.46,171.46,171.46,26
2024-10-15T15:33:00+02:00,171.66,171.66,171.66,171.66,11
2024-10-15T15:34:00+02:00,171.54,171.66,171.54,171.66,248
2024-10-15T15:34:30+02:00,171.62,171.62,171.62,171.62,20
2024-10-15T15:35:00+02:00,171.64,171.66,171.64,171.66,220
2024-10-15T15:35:30+02:00,171.7,171.7,171.7,171.7,55
2024-10-15T15:36:00+02:00,171.8,171.84,171.8,171.84,1141
2024-10-15T15:36:30+02:00,171.76,172.26,171.76,171.9,5531
2024-10-15T15:38:30+02:00,171.92,171.92,171.92,171.92,5
2024-10-15T15:39:00+02:00,171.86,171.86,171.86,171.86,297
2024-10-15T15:40:30+02:00,171.8,171.82,171.8,171.82,147
2024-10-15T15:41:00+02:00,171.82,171.86,171.82,171.84,218
2024-10-15T15:42:00+02:00,172.08,172.08,172.08,172.08,99
2024-10-15T15:42:30+02:00,172.04,172.04,172.04,172.04,99
2024-10-15T15:43:00+02:00,171.92,171.92,171.92,171.92,2
2024-10-15T15:43:30+02:00,172.02,172.02,172.02,172.02,150
2024-10-15T15:44:00+02:00,172.14,172.14,172.06,172.06,106
2024-10-15T15:44:30+02:00,172.08,172.12,172.08,172.12,109
2024-10-15T15:45:00+02:00,172.02,172.02,172.02,172.02,5
2024-10-15T15:46:00+02:00,172.18,172.18,172.18,172.18,15
2024-10-15T15:47:30+02:00,172.18,172.28,172.18,172.28,313
2024-10-15T15:48:30+02:00,172.38,172.42,172.38,172.42,163
2024-10-15T15:49:00+02:00,172.44,172.44,172.44,172.44,62
2024-10-15T15:49:30+02:00,172.36,172.36,172.36,172.36,2
2024-10-15T15:50:00+02:00,172.28,172.28,172.28,172.28,40
2024-10-15T15:51:00+02:00,172.34,172.34,172.34,172.34,120
2024-10-15T15:52:30+02:00,172.4,172.4,172.4,172.4,16
2024-10-15T15:54:00+02:00,172.3,172.3,172.3,172.3,10
2024-10-15T15:54:30+02:00,172.44,172.44,172.44,172.44,1
2024-10-15T15:55:00+02:00,172.44,172.44,172.44,172.44,144
2024-10-15T15:56:00+02:00,172.58,172.58,172.58,172.58,134
2024-10-15T15:57:00+02:00,172.54,172.54,172.54,172.54,6
2024-10-15T15:57:30+02:00,172.54,172.54,172.54,172.54,1
2024-10-15T15:59:00+02:00,172.52,172.52,172.52,172.52,1
2024-10-15T16:01:00+02:00,172.28,172.28,172.28,172.28,2
2024-10-15T16:05:30+02:00,172.3,172.3,172.3,172.3,1
2024-10-15T16:07:00+02:00,172.26,172.26,172.26,172.26,14
2024-10-15T16:07:30+02:00,172.26,172.26,172.26,172.26,1
2024-10-15T16:12:00+02:00,172.24,172.24,172.24,172.24,1
2024-10-15T16:13:00+02:00,172.08,172.08,172.08,172.08,5
2024-10-15T16:14:00+02:00,172,172,172,172,10
2024-10-15T16:14:30+02:00,172.02,172.02,172.02,172.02,10
2024-10-15T16:16:00+02:00,171.76,171.76,171.76,171.76,86
2024-10-15T16:17:00+02:00,171.7,171.7,171.7,171.7,12
2024-10-15T16:19:30+02:00,171.64,171.64,171.64,171.64,50
2024-10-15T16:20:30+02:00,171.72,171.72,171.72,171.72,163
2024-10-15T16:21:30+02:00,171.84,171.84,171.84,171.84,5
2024-10-15T16:23:30+02:00,171.62,171.62,171.62,171.62,87
2024-10-15T16:25:00+02:00,171.6,171.6,171.56,171.56,65
2024-10-15T16:26:00+02:00,171.4,171.4,171.4,171.4,61
2024-10-15T16:26:30+02:00,171.54,171.54,171.54,171.54,81
2024-10-15T16:28:30+02:00,171.1,171.1,171.1,171.1,20
2024-10-15T16:30:00+02:00,171,171,170.94,170.94,200
2024-10-15T16:33:00+02:00,170.68,170.68,170.6,170.6,20
2024-10-15T16:33:30+02:00,170.44,170.44,170.44,170.44,38
2024-10-15T16:34:00+02:00,170.26,170.26,170.24,170.24,221
2024-10-15T16:34:30+02:00,170.24,170.24,170.24,170.24,4
2024-10-15T16:36:00+02:00,170,170,170,170,220
2024-10-15T16:36:30+02:00,170.1,170.1,170.1,170.1,29
2024-10-15T16:37:00+02:00,170,170,169.9,169.9,345
2024-10-15T16:37:30+02:00,169.9,169.9,169.9,169.9,300
2024-10-15T16:38:30+02:00,169.82,169.82,169.8,169.8,382
2024-10-15T16:40:00+02:00,169.54,169.54,169.54,169.54,298
2024-10-15T16:40:30+02:00,169.42,169.5,169.42,169.5,650
2024-10-15T16:41:00+02:00,169.74,169.74,169.74,169.74,219
2024-10-15T16:42:00+02:00,169.8,169.8,169.8,169.8,82
2024-10-15T16:42:30+02:00,170.14,170.14,170.14,170.14,75
2024-10-15T16:44:30+02:00,170.16,170.16,170.16,170.16,159
2024-10-15T16:45:30+02:00,170.04,170.06,170.04,170.06,178
2024-10-15T16:47:00+02:00,170.1,170.1,170.1,170.1,48
2024-10-15T16:47:30+02:00,170.02,170.02,169.96,169.98,909
2024-10-15T16:48:00+02:00,169.94,169.94,169.94,169.94,150
2024-10-15T16:50:30+02:00,169.82,169.82,169.82,169.82,191
2024-10-15T16:51:00+02:00,169.84,169.84,169.84,169.84,3
2024-10-15T16:51:30+02:00,169.78,169.78,169.78,169.78,81
2024-10-15T16:52:00+02:00,169.7,169.7,169.7,169.7,3
2024-10-15T16:52:30+02:00,169.7,169.7,169.7,169.7,71
2024-10-15T16:53:30+02:00,169.84,169.84,169.84,169.84,15
2024-10-15T16:54:00+02:00,170,170,170,170,15
2024-10-15T16:55:30+02:00,170.1,170.1,170.06,170.06,302
2024-10-15T16:56:00+02:00,170.12,170.14,170.06,170.14,305
2024-10-15T16:57:00+02:00,169.9,169.9,169.9,169.9,3
2024-10-15T16:57:30+02:00,169.84,169.84,169.84,169.84,293
2024-10-15T17:00:00+02:00,169.86,169.86,169.86,169.86,107
2024-10-15T17:01:30+02:00,169.76,169.76,169.76,169.76,74
2024-10-15T17:03:30+02:00,169.82,169.82,169.82,169.82,39
2024-10-15T17:04:00+02:00,169.82,169.82,169.76,169.76,23
2024-10-15T17:05:00+02:00,169.76,169.76,169.76,169.76,125
2024-10-15T17:07:00+02:00,169.92,169.92,169.92,169.92,6
2024-10-15T17:11:00+02:00,169.94,169.94,169.94,169.94,7
2024-10-15T17:11:30+02:00,170.1,170.1,170.1,170.1,82
2024-10-15T17:12:00+02:00,170.06,170.06,170.06,170.06,1
2024-10-15T17:19:00+02:00,170.4,170.4,170.4,170.4,8
2024-10-15T17:20:00+02:00,170.42,170.42,170.36,170.36,57
2024-10-15T17:21:00+02:00,170.34,170.34,170.34,170.34,94
2024-10-15T17:22:00+02:00,170.3,170.34,170.3,170.3,227
2024-10-15T17:22:30+02:00,170.28,170.28,170.28,170.28,296
2024-10-15T17:25:00+02:00,170.48,170.48,170.48,170.48,150
2024-10-16T09:04:00+02:00,172.52,172.52,172.52,172.52,1353
2024-10-16T09:04:30+02:00,172.62,172.62,172.52,172.54,139
2024-10-16T09:05:30+02:00,172.72,172.72,172.72,172.72,71
2024-10-16T09:07:00+02:00,172.54,172.54,172.54,172.54,2
2024-10-16T09:07:30+02:00,172.72,172.72,172.72,172.72,5
2024-10-16T09:10:00+02:00,172.62,172.62,172.62,172.62,110
2024-10-16T09:13:00+02:00,172.6,172.6,172.6,172.6,80
2024-10-16T09:13:30+02:00,172.6,172.6,172.6,172.6,20
2024-10-16T09:20:00+02:00,172.56,172.56,172.46,172.46,110
2024-10-16T09:23:00+02:00,172.34,172.34,172.34,172.34,25
2024-10-16T09:25:30+02:00,172.44,172.44,172.44,172.44,167
2024-10-16T09:26:00+02:00,172.44,172.44,172.44,172.44,3
2024-10-16T09:27:30+02:00,172.44,172.44,172.44,172.44,94
2024-10-16T09:28:30+02:00,172.44,172.44,172.44,172.44,260
2024-10-16T09:30:00+02:00,172.44,172.44,172.44,172.44,260
2024-10-16T09:31:00+02:00,172.44,172.44,172.44,172.44,512
2024-10-16T09:45:30+02:00,172.44,172.44,172.44,172.44,39
2024-10-16T09:59:00+02:00,172.52,172.52,172.5,172.5,50
2024-10-16T10:00:00+02:00,172.66,172.66,172.66,172.66,5
2024-10-16T10:00:30+02:00,172.62,172.68,172.62,172.68,52
2024-10-16T10:05:00+02:00,172.46,172.46,172.46,172.46,398
2024-10-16T10:06:00+02:00,172.5,172.5,172.5,172.5,4
2024-10-16T10:07:30+02:00,172.46,172.46,172.46,172.46,46
2024-10-16T10:08:00+02:00,172.46,172.46,172.46,172.46,92
2024-10-16T10:08:30+02:00,172.46,172.46,172.46,172.46,351
2024-10-16T10:11:30+02:00,172.48,172.48,172.48,172.48,2
2024-10-16T10:17:00+02:00,172.5,172.5,172.48,172.48,336
2024-10-16T10:20:00+02:00,172.68,172.74,172.68,172.74,161
2024-10-16T10:21:30+02:00,172.7,172.7,172.7,172.7,183
2024-10-16T10:24:00+02:00,172.5,172.5,172.5,172.5,40
2024-10-16T10:24:30+02:00,172.54,172.54,172.54,172.54,10
2024-10-16T10:25:30+02:00,172.6,172.6,172.52,172.52,152
2024-10-16T10:29:00+02:00,172.62,172.62,172.58,172.58,100
2024-10-16T10:35:00+02:00,172.74,172.74,172.74,172.74,70
2024-10-16T10:37:30+02:00,172.7,172.7,172.7,172.7,40
2024-10-16T10:39:00+02:00,172.8,172.8,172.8,172.8,12
2024-10-16T10:39:30+02:00,172.88,172.88,172.88,172.88,30
2024-10-16T10:40:00+02:00,172.8,172.8,172.8,172.8,138
2024-10-16T10:50:30+02:00,172.76,172.76,172.72,172.72,255
2024-10-16T10:54:00+02:00,172.62,172.62,172.6,172.6,38
2024-10-16T10:56:30+02:00,172.54,172.54,172.54,172.54,100
2024-10-16T11:00:30+02:00,172.66,172.66,172.66,172.66,54
2024-10-16T11:02:30+02:00,172.66,172.66,172.66,172.66,126
2024-10-16T11:03:00+02:00,172.66,172.66,172.66,172.66,34
2024-10-16T11:05:30+02:00,172.64,172.64,172.64,172.64,20
2024-10-16T11:08:30+02:00,172.54,172.54,172.52,172.52,100
2024-10-16T11:09:30+02:00,172.54,172.54,172.54,172.54,8
2024-10-16T11:12:30+02:00,172.64,172.66,172.64,172.66,200
2024-10-16T11:19:30+02:00,172.56,172.56,172.56,172.56,20
2024-10-16T11:21:30+02:00,172.6,172.6,172.6,172.6,110
2024-10-16T11:25:00+02:00,172.62,172.62,172.62,172.62,100
2024-10-16T11:25:30+02:00,172.62,172.62,172.62,172.62,83
2024-10-16T11:27:30+02:00,172.56,172.56,172.56,172.56,3
2024-10-16T11:30:00+02:00,172.68,172.7,172.68,172.7,95
2024-10-16T11:34:00+02:00,172.52,172.52,172.52,172.52,25
2024-10-16T11:45:30+02:00,172.58,172.58,172.58,172.58,30
2024-10-16T11:46:00+02:00,172.6,172.6,172.6,172.6,52
2024-10-16T11:50:30+02:00,172.68,172.68,172.68,172.68,20
2024-10-16T12:00:00+02:00,172.68,172.68,172.68,172.68,90
2024-10-16T12:01:00+02:00,172.62,172.62,172.62,172.62,29
2024-10-16T12:05:00+02:00,172.64,172.64,172.64,172.64,183
2024-10-16T12:12:00+02:00,172.64,172.64,172.64,172.64,110
2024-10-16T12:16:00+02:00,172.7,172.78,172.7,172.78,485
2024-10-16T12:16:30+02:00,172.68,172.68,172.68,172.68,183
2024-10-16T12:18:30+02:00,172.62,172.62,172.42,172.42,393
2024-10-16T12:19:30+02:00,172.56,172.56,172.56,172.56,184
2024-10-16T12:20:00+02:00,172.58,172.58,172.58,172.58,183
2024-10-16T12:30:00+02:00,172.64,172.64,172.62,172.62,17
2024-10-16T12:34:30+02:00,172.6,172.6,172.5,172.5,5000
2024-10-16T12:40:00+02:00,172.7,172.7,172.7,172.7,50
2024-10-16T12:51:30+02:00,172.68,172.68,172.68,172.68,183
2024-10-16T12:53:30+02:00,172.56,172.56,172.56,172.56,25
2024-10-16T12:58:30+02:00,172.76,172.76,172.76,172.76,2
2024-10-16T13:01:00+02:00,172.76,172.78,172.76,172.78,189
2024-10-16T13:02:00+02:00,172.8,172.8,172.8,172.8,87
2024-10-16T13:04:00+02:00,172.8,172.8,172.8,172.8,214
2024-10-16T13:05:30+02:00,172.76,172.76,172.76,172.76,46
2024-10-16T13:07:30+02:00,172.84,172.84,172.84,172.84,40
2024-10-16T13:08:00+02:00,172.82,172.82,172.82,172.82,120
2024-10-16T13:10:00+02:00,172.88,172.88,172.82,172.82,110
2024-10-16T13:17:00+02:00,172.98,173,172.92,173,617
2024-10-16T13:17:30+02:00,173,173,173,173,100
2024-10-16T13:21:30+02:00,172.94,172.94,172.94,172.94,654
2024-10-16T13:22:30+02:00,172.94,172.94,172.94,172.94,154
2024-10-16T13:25:00+02:00,172.92,172.92,172.92,172.92,50
2024-10-16T13:28:00+02:00,172.94,172.94,172.94,172.94,100
2024-10-16T13:30:00+02:00,172.92,172.98,172.88,172.98,647
2024-10-16T13:41:00+02:00,172.84,172.84,172.76,172.78,4231
2024-10-16T13:41:30+02:00,172.86,172.86,172.86,172.86,60
2024-10-16T13:45:00+02:00,172.86,172.92,172.84,172.92,198
2024-10-16T13:45:30+02:00,172.98,173,172.98,173,430
2024-10-16T13:50:00+02:00,172.92,172.92,172.92,172.92,8
2024-10-16T13:51:30+02:00,172.96,172.96,172.96,172.96,150
2024-10-16T13:52:00+02:00,172.84,172.84,172.84,172.84,20
2024-10-16T14:12:00+02:00,172.86,172.86,172.86,172.86,5
2024-10-16T14:17:30+02:00,172.66,172.68,172.66,172.68,86
2024-10-16T14:21:30+02:00,172.52,172.52,172.52,172.52,16
2024-10-16T14:27:00+02:00,172.6,172.6,172.6,172.6,125
2024-10-16T14:41:30+02:00,172.52,172.52,172.52,172.52,3
2024-10-16T14:43:00+02:00,172.6,172.6,172.6,172.6,55
2024-10-16T14:49:30+02:00,172.6,172.6,172.6,172.6,100
2024-10-16T14:50:00+02:00,172.6,172.6,172.6,172.6,204
2024-10-16T14:57:00+02:00,172.56,172.56,172.52,172.52,207
2024-10-16T15:11:00+02:00,172.4,172.4,172.4,172.4,10
2024-10-16T15:17:30+02:00,172.3,172.3,172.3,172.3,77
2024-10-16T15:23:00+02:00,172.06,172.06,172.06,172.06,140
2024-10-16T15:25:00+02:00,172.08,172.08,171.98,171.98,40
2024-10-16T15:30:00+02:00,172.02,172.02,172.02,172.02,41
2024-10-16T15:30:30+02:00,171.42,171.44,171.42,171.44,124
2024-10-16T15:32:00+02:00,171.32,171.32,171.26,171.26,751
2024-10-16T15:33:00+02:00,171,171,171,171,25
2024-10-16T15:34:30+02:00,171.04,171.04,171.04,171.04,20
2024-10-16T15:35:30+02:00,171.12,171.12,171.12,171.12,456
2024-10-16T15:36:00+02:00,171.44,171.44,171.44,171.44,40
2024-10-16T15:36:30+02:00,171.4,171.44,171.4,171.44,455
2024-10-16T15:37:00+02:00,171.56,171.56,171.56,171.56,25
2024-10-16T15:38:00+02:00,171.76,171.76,171.76,171.76,300
2024-10-16T15:39:30+02:00,171.92,171.92,171.92,171.92,71
2024-10-16T15:40:00+02:00,171.96,171.96,171.96,171.96,526
2024-10-16T15:40:30+02:00,171.98,172.18,171.98,172.12,448
2024-10-16T15:41:00+02:00,172.02,172.02,172.02,172.02,17
2024-10-16T15:41:30+02:00,172.08,172.08,172.08,172.08,152
2024-10-16T15:42:30+02:00,172.06,172.06,172.06,172.06,371
2024-10-16T15:43:00+02:00,172.28,172.32,172.28,172.32,334
2024-10-16T15:44:30+02:00,171.82,171.84,171.82,171.84,312
2024-10-16T15:45:00+02:00,171.94,171.94,171.94,171.94,111
2024-10-16T15:47:00+02:00,171.9,171.9,171.88,171.88,454
2024-10-16T15:48:00+02:00,171.94,172,171.94,172,250
2024-10-16T15:49:00+02:00,172.08,172.08,171.88,171.88,364
2024-10-16T15:50:00+02:00,172.02,172.02,172.02,172.02,153
2024-10-16T15:52:30+02:00,171.88,171.88,171.86,171.86,497
2024-10-16T15:53:00+02:00,171.82,171.82,171.82,171.82,151
2024-10-16T15:53:30+02:00,171.56,171.56,171.56,171.56,155
2024-10-16T15:57:00+02:00,171.64,171.64,171.62,171.62,162
2024-10-16T15:57:30+02:00,171.5,171.5,171.5,171.5,2
2024-10-16T16:02:00+02:00,171.58,171.58,171.58,171.58,125
2024-10-16T16:05:00+02:00,172.1,172.1,172.08,172.08,51
2024-10-16T16:07:00+02:00,172.4,172.4,172.4,172.4,27
2024-10-16T16:07:30+02:00,172.44,172.44,172.44,172.44,71
2024-10-16T16:09:00+02:00,172.26,172.26,172.26,172.26,391
2024-10-16T16:09:30+02:00,172.44,172.44,172.44,172.44,154
2024-10-16T16:12:00+02:00,172.36,172.38,172.36,172.38,360
2024-10-16T16:14:00+02:00,172.34,172.34,172.34,172.34,92
2024-10-16T16:15:30+02:00,172.2,172.2,172.2,172.2,61
2024-10-16T16:17:00+02:00,172.08,172.08,172.08,172.08,3
2024-10-16T16:19:30+02:00,171.9,171.9,171.9,171.9,150
2024-10-16T16:20:00+02:00,171.98,171.98,171.98,171.98,39
2024-10-16T16:26:00+02:00,172.42,172.42,172.42,172.42,1
2024-10-16T16:28:00+02:00,172.64,172.64,172.64,172.64,75
2024-10-16T16:28:30+02:00,172.52,172.52,172.52,172.52,102
2024-10-16T16:30:00+02:00,172.48,172.48,172.48,172.48,1
2024-10-16T16:31:00+02:00,172.48,172.48,172.48,172.48,68
2024-10-16T16:39:00+02:00,171.9,171.9,171.9,171.9,5
2024-10-16T16:40:30+02:00,171.76,171.76,171.76,171.76,102
2024-10-16T16:41:00+02:00,171.62,171.62,171.62,171.62,102
2024-10-16T16:47:30+02:00,171.2,171.2,171.2,171.2,3
2024-10-16T16:48:00+02:00,171.16,171.16,171.16,171.16,3
2024-10-16T16:48:30+02:00,171.12,171.12,171.12,171.12,153
2024-10-16T16:51:30+02:00,171.54,171.54,171.5,171.5,6
2024-10-16T16:52:30+02:00,171.46,171.46,171.46,171.46,3
2024-10-16T16:53:00+02:00,171.34,171.36,171.34,171.36,6
2024-10-16T16:57:30+02:00,171.24,171.26,171.24,171.26,675
2024-10-16T16:58:00+02:00,171.24,171.24,171.24,171.24,256
2024-10-16T16:59:00+02:00,171.1,171.12,171.1,171.12,53
2024-10-16T17:00:00+02:00,171.06,171.06,171.02,171.02,14
2024-10-16T17:02:30+02:00,171.16,171.16,171.16,171.16,10
2024-10-16T17:06:30+02:00,171,171,171,171,274
2024-10-16T17:10:00+02:00,171.16,171.16,171.16,171.16,113
2024-10-16T17:16:00+02:00,171.04,171.08,171.04,171.08,22
2024-10-16T17:18:00+02:00,171,171,171,171,12
2024-10-16T17:19:00+02:00,171.04,171.04,171,171,539
2024-10-16T17:22:00+02:00,170.9,170.9,170.9,170.9,150
2024-10-16T17:22:30+02:00,170.82,170.82,170.82,170.82,71
2024-10-16T17:23:00+02:00,170.8,170.8,170.8,170.8,17
2024-10-16T17:27:30+02:00,170.94,170.96,170.94,170.96,8
2024-10-17T09:04:00+02:00,172.74,172.74,172.74,172.74,596
2024-10-17T09:09:00+02:00,172.64,172.64,172.56,172.56,233
2024-10-17T09:13:00+02:00,172.74,172.74,172.74,172.74,7
2024-10-17T09:14:30+02:00,172.72,172.72,172.72,172.72,166
2024-10-17T09:16:00+02:00,172.72,172.72,172.72,172.72,3
2024-10-17T09:17:00+02:00,172.7,172.7,172.7,172.7,3
2024-10-17T09:18:00+02:00,172.6,172.6,172.6,172.6,512
2024-10-17T09:18:30+02:00,172.62,172.62,172.62,172.62,100
2024-10-17T09:19:30+02:00,172.64,172.64,172.64,172.64,13
2024-10-17T09:20:00+02:00,172.72,172.72,172.72,172.72,16
2024-10-17T09:22:00+02:00,172.86,172.98,172.66,172.66,693
2024-10-17T09:22:30+02:00,172.74,172.74,172.74,172.74,30
2024-10-17T09:23:00+02:00,172.64,172.64,172.6,172.6,493
2024-10-17T09:23:30+02:00,172.42,172.66,172.42,172.66,240
2024-10-17T09:24:00+02:00,172.5,172.5,172.5,172.5,200
2024-10-17T09:24:30+02:00,172.5,172.5,172.5,172.5,100
2024-10-17T09:25:00+02:00,172.4,172.4,172.4,172.4,200
2024-10-17T09:25:30+02:00,172.38,172.38,172.38,172.38,200
2024-10-17T09:26:00+02:00,172.3,172.3,172.3,172.3,35
2024-10-17T09:31:00+02:00,172.62,172.62,172.62,172.62,11
2024-10-17T09:32:00+02:00,172.64,172.64,172.64,172.64,30
2024-10-17T09:38:00+02:00,172.5,172.5,172.5,172.5,11
2024-10-17T09:39:00+02:00,172.64,172.64,172.64,172.64,29
2024-10-17T09:40:00+02:00,172.64,172.64,172.64,172.64,33
2024-10-17T09:42:30+02:00,172.68,172.68,172.68,172.68,20
2024-10-17T09:48:30+02:00,172.68,172.68,172.68,172.68,14
2024-10-17T09:50:00+02:00,172.68,172.68,172.68,172.68,4
2024-10-17T09:50:30+02:00,172.52,172.52,172.52,172.52,10
2024-10-17T09:58:00+02:00,172.72,172.72,172.72,172.72,13
2024-10-17T10:00:00+02:00,172.68,172.68,172.68,172.68,3
2024-10-17T10:02:30+02:00,172.56,172.56,172.56,172.56,128
2024-10-17T10:03:30+02:00,172.56,172.56,172.56,172.56,366
2024-10-17T10:06:30+02:00,172.56,172.56,172.56,172.56,109
2024-10-17T10:07:00+02:00,172.58,172.58,172.58,172.58,80
2024-10-17T10:08:00+02:00,172.58,172.58,172.56,172.56,283
2024-10-17T10:08:30+02:00,172.56,172.56,172.56,172.56,100
2024-10-17T10:09:00+02:00,172.56,172.56,172.56,172.56,100
2024-10-17T10:09:30+02:00,172.56,172.56,172.56,172.56,100
2024-10-17T10:11:30+02:00,172.66,172.66,172.66,172.66,103
2024-10-17T10:13:30+02:00,172.64,172.64,172.64,172.64,47
2024-10-17T10:14:00+02:00,172.64,172.64,172.64,172.64,156
2024-10-17T10:14:30+02:00,172.7,172.7,172.7,172.7,200
2024-10-17T10:30:30+02:00,172.76,172.78,172.76,172.78,115
2024-10-17T10:33:00+02:00,172.82,172.88,172.82,172.88,233
2024-10-17T10:33:30+02:00,172.9,172.9,172.9,172.9,19
2024-10-17T10:34:00+02:00,173,173,173,173,31
2024-10-17T10:34:30+02:00,173,173,173,173,6
2024-10-17T10:35:30+02:00,173.04,173.04,173.04,173.04,383
2024-10-17T10:39:00+02:00,173.1,173.1,173.1,173.1,17
2024-10-17T10:44:00+02:00,173.18,173.18,173.14,173.14,667
2024-10-17T10:47:30+02:00,173.2,173.22,173.2,173.22,92
2024-10-17T10:51:00+02:00,173.1,173.1,173.1,173.1,51
2024-10-17T10:53:30+02:00,173.1,173.1,173.1,173.1,12
2024-10-17T10:54:30+02:00,173.2,173.2,173.2,173.2,4
2024-10-17T10:55:00+02:00,173.2,173.22,173.2,173.22,190
2024-10-17T10:56:30+02:00,173.04,173.1,173.04,173.1,4
2024-10-17T10:57:00+02:00,173.16,173.18,173.16,173.18,278
2024-10-17T10:59:00+02:00,173.18,173.18,173.18,173.18,3
2024-10-17T11:00:30+02:00,173.22,173.22,173.22,173.22,35
2024-10-17T11:06:30+02:00,173.3,173.3,173.28,173.28,432
2024-10-17T11:08:30+02:00,173.38,173.38,173.36,173.36,200
2024-10-17T11:09:30+02:00,173.32,173.32,173.32,173.32,40
2024-10-17T11:10:30+02:00,173.3,173.3,173.3,173.3,70
2024-10-17T11:11:30+02:00,173.32,173.32,173.3,173.3,100
2024-10-17T11:12:00+02:00,173.3,173.3,173.3,173.3,165
2024-10-17T11:13:00+02:00,173.26,173.26,173.24,173.24,724
2024-10-17T11:15:30+02:00,173.16,173.2,173.16,173.2,169
2024-10-17T11:16:30+02:00,173.22,173.22,173.22,173.22,6
2024-10-17T11:17:00+02:00,173.24,173.24,173.24,173.24,22
2024-10-17T11:19:00+02:00,173.3,173.3,173.3,173.3,20
2024-10-17T11:24:00+02:00,173.42,173.42,173.42,173.42,57
2024-10-17T11:24:30+02:00,173.36,173.36,173.24,173.24,13
2024-10-17T11:30:30+02:00,173.16,173.16,173.16,173.16,3
2024-10-17T11:38:30+02:00,172.96,172.96,172.96,172.96,40
2024-10-17T11:42:30+02:00,173.08,173.08,173.06,173.06,215
2024-10-17T11:43:00+02:00,173.1,173.1,173.08,173.08,210
2024-10-17T11:49:30+02:00,173.06,173.06,173.06,173.06,7
2024-10-17T11:59:30+02:00,173.1,173.1,173.1,173.1,1
2024-10-17T12:03:30+02:00,173.2,173.2,173.2,173.2,25
2024-10-17T12:08:00+02:00,173.22,173.22,173.22,173.22,30
2024-10-17T12:10:00+02:00,173.14,173.14,173.1,173.1,658
2024-10-17T12:11:00+02:00,173.24,173.24,173.24,173.24,58
2024-10-17T12:16:30+02:00,173.16,173.16,173.16,173.16,30
2024-10-17T12:18:30+02:00,173.16,173.16,173.16,173.16,40
2024-10-17T12:23:00+02:00,173.16,173.16,173.16,173.16,15
2024-10-17T12:24:00+02:00,173.22,173.22,173.22,173.22,20
2024-10-17T12:31:00+02:00,173.24,173.24,173.24,173.24,2
2024-10-17T12:34:00+02:00,173.2,173.2,173.2,173.2,183
2024-10-17T12:34:30+02:00,173.2,173.22,173.16,173.16,1004
2024-10-17T12:38:00+02:00,173.2,173.2,173.2,173.2,125
2024-10-17T12:41:00+02:00,173.2,173.2,173.2,173.2,11
2024-10-17T12:48:30+02:00,173.2,173.2,173.2,173.2,9
2024-10-17T12:49:00+02:00,173.14,173.14,173.14,173.14,70
2024-10-17T12:53:00+02:00,173.2,173.2,173.2,173.2,34
2024-10-17T12:55:30+02:00,173.16,173.16,173.1,173.1,2500
2024-10-17T12:58:30+02:00,173.1,173.1,173.1,173.1,12
2024-10-17T13:00:00+02:00,173.04,173.04,173,173,253
2024-10-17T13:00:30+02:00,173.02,173.02,173.02,173.02,97
2024-10-17T13:01:00+02:00,173.04,173.04,173.04,173.04,151
2024-10-17T13:02:00+02:00,173.02,173.02,173.02,173.02,94
2024-10-17T13:03:00+02:00,173.04,173.04,173.02,173.02,451
2024-10-17T13:03:30+02:00,173.02,173.02,173,173,502
2024-10-17T13:06:00+02:00,172.94,172.94,172.94,172.94,100
2024-10-17T13:08:30+02:00,172.88,172.88,172.88,172.88,82
2024-10-17T13:10:30+02:00,172.64,172.64,172.64,172.64,50
2024-10-17T13:17:00+02:00,172.76,172.76,172.76,172.76,28
2024-10-17T13:21:00+02:00,172.98,172.98,172.88,172.9,592
2024-10-17T13:22:30+02:00,172.9,172.9,172.86,172.86,110
2024-10-17T13:24:00+02:00,172.84,172.84,172.84,172.84,100
2024-10-17T13:25:30+02:00,172.82,172.82,172.82,172.82,100
2024-10-17T13:28:30+02:00,172.88,172.88,172.88,172.88,85
2024-10-17T13:34:30+02:00,172.92,172.92,172.9,172.9,307
2024-10-17T13:35:00+02:00,172.92,172.92,172.88,172.88,162
2024-10-17T13:36:00+02:00,172.88,172.88,172.88,172.88,5
2024-10-17T13:36:30+02:00,172.9,172.9,172.88,172.88,602
2024-10-17T13:37:00+02:00,172.92,172.94,172.92,172.94,205
2024-10-17T13:39:00+02:00,172.96,172.98,172.96,172.98,61
2024-10-17T13:41:30+02:00,173.02,173.04,173.02,173.04,31
2024-10-17T13:49:00+02:00,172.9,172.9,172.9,172.9,61
2024-10-17T13:51:00+02:00,172.94,172.94,172.94,172.94,19
2024-10-17T13:53:30+02:00,172.9,172.9,172.9,172.9,3
2024-10-17T13:54:00+02:00,172.9,172.9,172.88,172.88,310
2024-10-17T13:56:00+02:00,172.86,172.86,172.84,172.84,150
2024-10-17T13:57:30+02:00,172.84,172.84,172.84,172.84,23
2024-10-17T13:58:00+02:00,172.98,172.98,172.98,172.98,45
2024-10-17T14:00:00+02:00,172.88,173.06,172.88,173.06,717
2024-10-17T14:00:30+02:00,172.98,172.98,172.98,172.98,55
2024-10-17T14:01:00+02:00,173.04,173.04,173.04,173.04,11
2024-10-17T14:01:30+02:00,173.1,173.1,173.1,173.1,20
2024-10-17T14:08:00+02:00,173.06,173.08,173.06,173.08,40
2024-10-17T14:12:30+02:00,173.06,173.06,173.06,173.06,16
2024-10-17T14:13:00+02:00,173.06,173.06,173.06,173.06,15
2024-10-17T14:14:30+02:00,173.02,173.04,173.02,173.04,25
2024-10-17T14:23:00+02:00,172.88,172.88,172.82,172.82,1200
2024-10-17T14:25:30+02:00,172.9,172.9,172.9,172.9,3
2024-10-17T14:26:30+02:00,172.86,172.86,172.84,172.86,361
2024-10-17T14:27:00+02:00,172.94,172.94,172.94,172.94,1
2024-10-17T14:27:30+02:00,172.96,172.96,172.96,172.96,50
2024-10-17T14:30:00+02:00,172.92,173.16,172.92,173.16,86
2024-10-17T14:31:30+02:00,173.4,173.4,173.38,173.38,211
2024-10-17T14:32:30+02:00,173.22,173.22,173.22,173.22,20
2024-10-17T14:37:00+02:00,173.38,173.38,173.38,173.38,61
2024-10-17T14:40:30+02:00,173.34,173.34,173.34,173.34,153
2024-10-17T14:47:00+02:00,173.06,173.06,173.06,173.06,22
2024-10-17T14:48:00+02:00,173,173,173,173,150
2024-10-17T14:49:00+02:00,173.04,173.04,173.04,173.04,20
2024-10-17T14:51:30+02:00,173.1,173.12,173.1,173.12,200
2024-10-17T14:52:00+02:00,173.1,173.1,173.1,173.1,18
2024-10-17T15:00:00+02:00,173.4,173.4,173.4,173.4,293
2024-10-17T15:01:00+02:00,173.36,173.42,173.36,173.42,186
2024-10-17T15:02:00+02:00,173.46,173.46,173.46,173.46,6
2024-10-17T15:02:30+02:00,173.42,173.42,173.42,173.42,5
2024-10-17T15:04:00+02:00,173.34,173.48,173.32,173.48,401
2024-10-17T15:07:30+02:00,173.5,173.5,173.5,173.5,332
2024-10-17T15:08:30+02:00,173.6,173.6,173.6,173.6,203
2024-10-17T15:09:30+02:00,173.58,173.58,173.58,173.58,15
2024-10-17T15:10:30+02:00,173.8,173.8,173.8,173.8,113
2024-10-17T15:11:00+02:00,173.8,173.8,173.8,173.8,87
2024-10-17T15:13:00+02:00,173.74,173.74,173.74,173.74,39
2024-10-17T15:14:00+02:00,173.82,173.82,173.82,173.82,17
2024-10-17T15:16:30+02:00,173.8,173.8,173.8,173.8,28
2024-10-17T15:18:30+02:00,173.68,173.68,173.68,173.68,10
2024-10-17T15:23:30+02:00,173.88,173.88,173.72,173.88,1917
2024-10-17T15:25:00+02:00,173.78,173.78,173.74,173.74,359
2024-10-17T15:25:30+02:00,173.64,173.8,173.64,173.8,200
2024-10-17T15:26:00+02:00,173.8,173.8,173.8,173.8,399
2024-10-17T15:26:30+02:00,173.96,173.96,173.96,173.96,23
2024-10-17T15:27:30+02:00,173.96,174.22,173.96,174.22,3947
2024-10-17T15:30:00+02:00,174.16,174.6,174.16,174.42,368
2024-10-17T15:30:30+02:00,174.14,174.3,174.14,174.3,22
2024-10-17T15:31:00+02:00,174.12,174.32,174.08,174.26,3005
2024-10-17T15:31:30+02:00,174.32,174.32,174.32,174.32,25
2024-10-17T15:32:00+02:00,174.24,174.24,174.24,174.24,21
2024-10-17T15:32:30+02:00,174.4,174.4,174.4,174.4,13
2024-10-17T15:33:00+02:00,174.42,174.42,174.42,174.42,13
2024-10-17T15:34:00+02:00,174.3,174.3,174.12,174.16,320
2024-10-17T15:34:30+02:00,173.98,173.98,173.98,173.98,84
2024-10-17T15:35:00+02:00,174.02,174.02,174.02,174.02,200
2024-10-17T15:36:00+02:00,173.58,173.58,173.58,173.58,100
2024-10-17T15:36:30+02:00,173.56,173.56,173.56,173.56,24
2024-10-17T15:37:00+02:00,173.2,173.2,173.2,173.2,322
2024-10-17T15:38:00+02:00,173.14,173.26,173.14,173.26,523
2024-10-17T15:40:00+02:00,173.22,173.22,173.22,173.22,151
2024-10-17T15:40:30+02:00,173,173,173,173,8
2024-10-17T15:43:00+02:00,172.8,172.82,172.8,172.82,19
2024-10-17T15:43:30+02:00,172.8,172.8,172.8,172.8,1
2024-10-17T15:44:30+02:00,172.78,172.78,172.78,172.78,8
2024-10-17T15:46:00+02:00,173.02,173.02,173.02,173.02,73
2024-10-17T15:46:30+02:00,173.06,173.06,173.06,173.06,157
2024-10-17T15:47:30+02:00,173.1,173.1,173.1,173.1,205
2024-10-17T15:48:00+02:00,173.12,173.12,173.12,173.12,3
2024-10-17T15:49:00+02:00,173.16,173.16,173.16,173.16,153
2024-10-17T15:49:30+02:00,173.24,173.24,173.18,173.2,325
2024-10-17T15:52:30+02:00,172.96,172.96,172.96,172.96,3
2024-10-17T15:54:30+02:00,172.66,172.68,172.66,172.68,140
2024-10-17T16:02:00+02:00,172,172,172,172,10
2024-10-17T16:02:30+02:00,171.94,171.94,171.94,171.94,155
2024-10-17T16:03:00+02:00,172.04,172.04,172.04,172.04,1
2024-10-17T16:04:00+02:00,171.96,171.96,171.96,171.96,1
2024-10-17T16:08:00+02:00,172.3,172.3,172.28,172.28,103
2024-10-17T16:09:30+02:00,172.14,172.14,172.14,172.14,33
2024-10-17T16:10:00+02:00,172.08,172.08,172.08,172.08,260
2024-10-17T16:10:30+02:00,171.96,171.96,171.96,171.96,150
2024-10-17T16:13:00+02:00,171.88,171.88,171.88,171.88,75
2024-10-17T16:15:30+02:00,172.16,172.16,172.16,172.16,163
2024-10-17T16:16:00+02:00,172.2,172.2,172.2,172.2,4
2024-10-17T16:16:30+02:00,172.36,172.36,172.36,172.36,11
2024-10-17T16:17:30+02:00,172.54,172.54,172.54,172.54,3
2024-10-17T16:18:00+02:00,172.52,172.58,172.5,172.58,2683
2024-10-17T16:20:30+02:00,172.84,172.84,172.84,172.84,39
2024-10-17T16:21:00+02:00,172.8,172.84,172.8,172.84,548
2024-10-17T16:23:00+02:00,172.78,172.78,172.78,172.78,1
2024-10-17T16:24:00+02:00,172.86,172.86,172.86,172.86,59
2024-10-17T16:25:00+02:00,172.86,172.86,172.86,172.86,151
2024-10-17T16:26:30+02:00,172.84,172.84,172.84,172.84,9
2024-10-17T16:28:00+02:00,172.5,172.5,172.5,172.5,310
2024-10-17T16:32:00+02:00,172.64,172.64,172.64,172.64,300
2024-10-17T16:32:30+02:00,172.78,172.78,172.78,172.78,1
2024-10-17T16:33:30+02:00,172.8,172.8,172.76,172.76,2000
2024-10-17T16:40:30+02:00,172.94,172.94,172.94,172.94,35
2024-10-17T16:42:30+02:00,172.8,172.8,172.8,172.8,21
2024-10-17T16:47:30+02:00,172.56,172.56,172.56,172.56,1
2024-10-17T16:49:00+02:00,172.56,172.56,172.56,172.56,153
2024-10-17T16:52:30+02:00,172.48,172.5,172.48,172.5,23
2024-10-17T16:53:00+02:00,172.5,172.5,172.5,172.5,50
2024-10-17T16:55:30+02:00,172.66,172.66,172.66,172.66,130
2024-10-17T16:58:00+02:00,172.6,172.6,172.6,172.6,70
2024-10-17T16:59:30+02:00,172.6,172.6,172.6,172.6,34
2024-10-17T17:02:00+02:00,172.46,172.46,172.46,172.46,30
2024-10-17T17:02:30+02:00,172.5,172.5,172.5,172.5,1
2024-10-17T17:09:00+02:00,172.8,172.8,172.8,172.8,83
2024-10-17T17:10:00+02:00,172.68,172.68,172.68,172.68,5
2024-10-17T17:10:30+02:00,172.78,172.78,172.78,172.78,17
2024-10-17T17:13:30+02:00,172.74,172.74,172.74,172.74,180
2024-10-17T17:14:00+02:00,172.74,172.74,172.74,172.74,56
2024-10-17T17:14:30+02:00,172.78,172.78,172.78,172.78,14
2024-10-17T17:15:30+02:00,172.74,172.74,172.74,172.74,22
2024-10-17T17:16:30+02:00,172.84,172.84,172.84,172.84,12
2024-10-17T17:17:30+02:00,172.74,172.74,172.74,172.74,80
2024-10-17T17:21:00+02:00,172.76,172.76,172.76,172.76,172
2024-10-17T17:22:00+02:00,173,173.02,173,173.02,127
2024-10-17T17:22:30+02:00,172.94,172.94,172.94,172.94,10
2024-10-17T17:24:30+02:00,172.82,172.82,172.82,172.82,2
2024-10-17T17:25:00+02:00,172.86,172.86,172.86,172.86,23
2024-10-17T17:25:30+02:00,172.82,172.84,172.82,172.84,540
2024-10-17T17:27:30+02:00,172.82,172.82,172.82,172.82,7
2024-10-17T17:28:00+02:00,172.78,172.78,172.78,172.78,9
2024-10-17T17:29:30+02:00,172.82,172.82,172.82,172.82,5
2024-10-18T09:04:00+02:00,173,173.06,173,173.06,2496
2024-10-18T09:07:00+02:00,173.1,173.1,173.08,173.08,333
2024-10-18T09:09:00+02:00,173.26,173.26,173.26,173.26,230
2024-10-18T09:09:30+02:00,173.22,173.22,173.22,173.22,14
2024-10-18T09:10:00+02:00,173.36,173.36,173.36,173.36,277
2024-10-18T09:10:30+02:00,173.36,173.36,173.36,173.36,236
2024-10-18T09:11:00+02:00,173.36,173.36,173.36,173.36,295
2024-10-18T09:13:00+02:00,173.36,173.36,173.36,173.36,84
2024-10-18T09:14:30+02:00,173.36,173.36,173.36,173.36,93
2024-10-18T09:17:30+02:00,173.36,173.36,173.36,173.36,179
2024-10-18T09:18:30+02:00,173.38,173.38,173.12,173.12,1318
2024-10-18T09:19:00+02:00,173.12,173.12,173.12,173.12,400
2024-10-18T09:20:30+02:00,173.24,173.24,173.24,173.24,196
2024-10-18T09:27:30+02:00,173.26,173.26,173.26,173.26,40
2024-10-18T09:37:00+02:00,173.4,173.46,173.4,173.46,200
2024-10-18T09:44:00+02:00,173.48,173.48,173.48,173.48,1
2024-10-18T09:45:30+02:00,173.48,173.48,173.48,173.48,20
2024-10-18T09:47:30+02:00,173.48,173.48,173.48,173.48,150
2024-10-18T09:51:00+02:00,173.48,173.5,173.48,173.5,50
2024-10-18T09:53:30+02:00,173.38,173.38,173.38,173.38,150
2024-10-18T09:55:30+02:00,173.36,173.36,173.32,173.32,100
2024-10-18T10:00:30+02:00,173.48,173.5,173.48,173.48,307
2024-10-18T10:01:00+02:00,173.42,173.42,173.42,173.42,60
2024-10-18T10:15:00+02:00,173.66,173.66,173.66,173.66,12
2024-10-18T10:15:30+02:00,173.8,173.8,173.8,173.8,12
2024-10-18T10:16:00+02:00,173.64,173.82,173.64,173.82,49
2024-10-18T10:17:00+02:00,173.58,173.58,173.58,173.58,15
2024-10-18T10:17:30+02:00,173.58,173.58,173.56,173.56,3
2024-10-18T10:19:00+02:00,173.76,173.8,173.76,173.8,369
2024-10-18T10:20:30+02:00,173.6,173.6,173.56,173.56,88
2024-10-18T10:22:00+02:00,173.56,173.56,173.52,173.52,67
2024-10-18T10:26:30+02:00,173.48,173.48,173.48,173.48,60
2024-10-18T10:29:00+02:00,173.5,173.5,173.5,173.5,100
2024-10-18T10:31:00+02:00,173.46,173.46,173.46,173.46,8
2024-10-18T10:32:30+02:00,173.56,173.56,173.56,173.56,99
2024-10-18T10:35:00+02:00,173.52,173.52,173.52,173.52,5
2024-10-18T10:36:00+02:00,173.44,173.44,173.44,173.44,40
2024-10-18T10:37:00+02:00,173.34,173.34,173.34,173.34,1
2024-10-18T10:41:30+02:00,173.5,173.5,173.5,173.5,3
2024-10-18T10:43:30+02:00,173.54,173.54,173.54,173.54,1
2024-10-18T10:49:00+02:00,173.5,173.5,173.5,173.5,8
2024-10-18T10:53:30+02:00,173.48,173.48,173.48,173.48,40
2024-10-18T10:54:30+02:00,173.4,173.4,173.34,173.34,1000
2024-10-18T10:55:00+02:00,173.32,173.32,173.32,173.32,30
2024-10-18T10:57:30+02:00,173.44,173.44,173.44,173.44,37
2024-10-18T11:07:00+02:00,173.36,173.36,173.36,173.36,1
2024-10-18T11:10:00+02:00,173.38,173.38,173.36,173.36,85
2024-10-18T11:15:30+02:00,173.4,173.4,173.4,173.4,38
2024-10-18T11:19:00+02:00,173.32,173.32,173.22,173.22,382
2024-10-18T11:20:00+02:00,173.44,173.44,173.44,173.44,1
2024-10-18T11:20:30+02:00,173.36,173.36,173.36,173.36,14
2024-10-18T11:26:00+02:00,173.38,173.38,173.38,173.38,50
2024-10-18T11:35:30+02:00,173.26,173.26,173.24,173.24,100
2024-10-18T11:53:00+02:00,173.24,173.24,173.24,173.24,1
2024-10-18T11:53:30+02:00,173.24,173.24,173.2,173.2,824
2024-10-18T12:05:30+02:00,173.12,173.12,173.12,173.12,60
2024-10-18T12:07:30+02:00,173.28,173.28,173.28,173.28,20
2024-10-18T12:18:30+02:00,173.3,173.3,173.3,173.3,6
2024-10-18T12:20:30+02:00,173.24,173.24,173.24,173.24,32
2024-10-18T12:28:00+02:00,173.24,173.32,173.24,173.32,507
2024-10-18T12:33:00+02:00,173.5,173.5,173.5,173.5,4
2024-10-18T12:34:00+02:00,173.5,173.5,173.5,173.5,29
2024-10-18T12:36:30+02:00,173.4,173.4,173.4,173.4,20
2024-10-18T12:41:30+02:00,173.48,173.52,173.48,173.52,600
2024-10-18T13:00:00+02:00,173.38,173.38,173.36,173.36,47
2024-10-18T13:05:30+02:00,173.3,173.3,173.3,173.3,10
2024-10-18T13:06:00+02:00,173.34,173.34,173.34,173.34,58
2024-10-18T13:12:30+02:00,173.4,173.4,173.4,173.4,2
2024-10-18T13:17:00+02:00,173.5,173.5,173.3,173.3,2
2024-10-18T13:28:30+02:00,173.5,173.5,173.5,173.5,1
2024-10-18T13:31:00+02:00,173.6,173.6,173.6,173.6,2500
2024-10-18T13:35:30+02:00,173.5,173.5,173.5,173.5,9
2024-10-18T13:39:00+02:00,173.48,173.48,173.46,173.46,338
2024-10-18T13:39:30+02:00,173.38,173.38,173.38,173.38,164
2024-10-18T13:42:30+02:00,173.28,173.28,173.28,173.28,15
2024-10-18T13:55:30+02:00,173.4,173.4,173.4,173.4,6
2024-10-18T14:05:00+02:00,173.28,173.3,173.28,173.3,213
2024-10-18T14:21:30+02:00,173.2,173.2,173.2,173.2,60
2024-10-18T14:23:00+02:00,173.24,173.24,173.22,173.22,300
2024-10-18T14:26:30+02:00,173.26,173.26,173.26,173.26,1
2024-10-18T14:31:00+02:00,173.28,173.28,173.28,173.28,10
2024-10-18T14:31:30+02:00,173.18,173.18,173.18,173.18,15
2024-10-18T14:32:30+02:00,173.12,173.12,173.12,173.12,16
2024-10-18T14:33:30+02:00,173.1,173.1,173.1,173.1,121
2024-10-18T14:34:00+02:00,173.1,173.1,173.1,173.1,531
2024-10-18T14:35:00+02:00,173.04,173.04,173,173,30
2024-10-18T14:35:30+02:00,173,173,173,173,120
2024-10-18T14:38:00+02:00,173.08,173.08,173.08,173.08,66
2024-10-18T14:40:30+02:00,173.02,173.02,173.02,173.02,489
2024-10-18T14:42:30+02:00,173.16,173.16,173.16,173.16,150
2024-10-18T14:48:00+02:00,173.16,173.16,173.16,173.16,5
2024-10-18T14:53:00+02:00,173.14,173.14,173.14,173.14,15
2024-10-18T14:58:00+02:00,173.26,173.26,173.26,173.26,30
2024-10-18T14:59:00+02:00,173.12,173.12,173.12,173.12,1
2024-10-18T15:01:30+02:00,173.14,173.14,173.14,173.14,75
2024-10-18T15:02:30+02:00,173.12,173.12,173.12,173.12,1
2024-10-18T15:03:00+02:00,173.16,173.16,173.16,173.16,110
2024-10-18T15:07:30+02:00,173.38,173.38,173.38,173.38,11
2024-10-18T15:08:30+02:00,173.38,173.38,173.38,173.38,9
2024-10-18T15:13:00+02:00,173.26,173.26,173.26,173.26,14
2024-10-18T15:16:00+02:00,173.4,173.4,173.4,173.4,60
2024-10-18T15:24:30+02:00,173.4,173.4,173.38,173.38,15
2024-10-18T15:25:00+02:00,173.3,173.3,172.92,172.92,1851
2024-10-18T15:27:30+02:00,173,173.06,173,173.06,216
2024-10-18T15:28:00+02:00,173,173,172.8,172.8,145
2024-10-18T15:28:30+02:00,172.74,172.74,172.74,172.74,97
2024-10-18T15:29:00+02:00,172.74,172.8,172.74,172.8,999
2024-10-18T15:29:30+02:00,172.4,172.4,172.32,172.32,161
2024-10-18T15:30:00+02:00,172,172,171.6,171.92,835
2024-10-18T15:31:00+02:00,172.62,172.62,172.52,172.52,74
2024-10-18T15:32:00+02:00,172.52,172.52,172.52,172.52,162
2024-10-18T15:32:30+02:00,172.52,172.52,172.52,172.52,3
2024-10-18T15:33:00+02:00,172.72,172.72,172.72,172.72,10
2024-10-18T15:33:30+02:00,172.64,172.64,172.64,172.64,17
2024-10-18T15:34:00+02:00,172.46,172.46,172.38,172.38,289
2024-10-18T15:35:00+02:00,172.74,172.74,172.72,172.72,231
2024-10-18T15:36:00+02:00,172.56,172.56,172.56,172.56,11
2024-10-18T15:36:30+02:00,172.42,172.52,172.42,172.52,174
2024-10-18T15:37:00+02:00,172.62,172.62,172.62,172.62,1
2024-10-18T15:38:00+02:00,172.72,172.74,172.7,172.74,5717
2024-10-18T15:40:30+02:00,172.78,172.78,172.78,172.78,3
2024-10-18T15:42:30+02:00,173.16,173.2,173.16,173.16,49
2024-10-18T15:43:30+02:00,173.2,173.2,173.2,173.2,167
2024-10-18T15:44:30+02:00,173.26,173.26,173.26,173.26,21
2024-10-18T15:46:00+02:00,173.38,173.38,173.38,173.38,121
2024-10-18T15:46:30+02:00,173.3,173.3,173.3,173.3,6
2024-10-18T15:47:00+02:00,173.3,173.3,173.3,173.3,55
2024-10-18T15:47:30+02:00,173.18,173.18,173.16,173.16,744
2024-10-18T15:50:00+02:00,172.82,172.82,172.82,172.82,317
2024-10-18T15:51:30+02:00,172.64,172.64,172.64,172.64,2
2024-10-18T15:54:00+02:00,172.86,172.86,172.86,172.86,27
2024-10-18T15:55:00+02:00,173.04,173.04,173.04,173.04,48
2024-10-18T15:55:30+02:00,173.08,173.14,173.08,173.14,43
2024-10-18T15:58:30+02:00,173,173,172.88,172.88,7
2024-10-18T16:00:00+02:00,172.88,172.88,172.88,172.88,10
2024-10-18T16:02:00+02:00,173.18,173.18,173.18,173.18,7
2024-10-18T16:04:00+02:00,173.46,173.5,173.46,173.5,289
2024-10-18T16:05:00+02:00,173.42,173.42,173.42,173.42,2
2024-10-18T16:06:00+02:00,173.6,173.7,173.6,173.7,207
2024-10-18T16:07:00+02:00,173.76,173.76,173.76,173.76,154
2024-10-18T16:07:30+02:00,173.74,173.74,173.74,173.74,10
2024-10-18T16:08:00+02:00,173.9,173.9,173.9,173.9,190
2024-10-18T16:15:00+02:00,173.54,173.54,173.54,173.54,3
2024-10-18T16:15:30+02:00,173.42,173.42,173.42,173.42,48
2024-10-18T16:19:30+02:00,173.48,173.48,173.48,173.48,6
2024-10-18T16:30:00+02:00,173.7,173.7,173.7,173.7,100
2024-10-18T16:34:30+02:00,173.6,173.6,173.6,173.6,10
2024-10-18T16:37:00+02:00,173.34,173.4,173.34,173.4,47
2024-10-18T16:41:30+02:00,173.64,173.64,173.64,173.64,125
2024-10-18T16:43:30+02:00,173.6,173.6,173.6,173.6,20
2024-10-18T16:44:00+02:00,173.62,173.62,173.6,173.6,200
2024-10-18T16:48:00+02:00,173.72,173.76,173.68,173.76,1070
2024-10-18T16:48:30+02:00,173.76,173.8,173.76,173.8,590
2024-10-18T16:50:00+02:00,173.78,173.78,173.78,173.78,300
2024-10-18T16:51:00+02:00,173.68,173.68,173.68,173.68,78
2024-10-18T16:51:30+02:00,173.56,173.56,173.56,173.56,24
2024-10-18T16:52:00+02:00,173.54,173.54,173.52,173.52,15
2024-10-18T16:52:30+02:00,173.38,173.38,173.38,173.38,35
2024-10-18T16:58:30+02:00,173.56,173.56,173.56,173.56,40
2024-10-18T17:01:00+02:00,173.86,173.86,173.86,173.86,154
2024-10-18T17:01:30+02:00,174,174,174,174,87
2024-10-18T17:02:00+02:00,174,174,174,174,118
2024-10-18T17:02:30+02:00,174.4,174.4,174.36,174.36,364
2024-10-18T17:03:00+02:00,174.22,174.22,174.22,174.22,9
2024-10-18T17:03:30+02:00,174.32,174.32,174.32,174.32,92
2024-10-18T17:06:00+02:00,174.28,174.28,174.28,174.28,152
2024-10-18T17:07:00+02:00,174.26,174.26,174.26,174.26,130
2024-10-18T17:07:30+02:00,174.38,174.38,174.38,174.38,100
2024-10-18T17:08:30+02:00,174.4,174.4,174.4,174.4,158
2024-10-18T17:11:00+02:00,174.5,174.5,174.5,174.5,27
2024-10-18T17:13:30+02:00,174.38,174.38,174.38,174.38,100
2024-10-18T17:15:00+02:00,174.5,174.5,174.5,174.5,20
2024-10-18T17:17:30+02:00,174.34,174.34,174.34,174.34,82
2024-10-18T17:18:30+02:00,174.22,174.22,174.2,174.2,777
2024-10-18T17:19:00+02:00,174.24,174.24,174.18,174.18,231
2024-10-18T17:22:00+02:00,174.48,174.48,174.48,174.48,47
2024-10-18T17:23:00+02:00,174.36,174.36,174.36,174.36,23
2024-10-18T17:27:00+02:00,174.46,174.46,174.46,174.46,10
2024-10-21T09:04:00+02:00,173.58,173.58,173.58,173.58,663
2024-10-21T09:05:00+02:00,173.84,173.84,173.84,173.84,9
2024-10-21T09:09:00+02:00,173.76,173.76,173.76,173.76,10
2024-10-21T09:10:30+02:00,173.84,173.84,173.84,173.84,50
2024-10-21T09:12:30+02:00,173.8,173.8,173.76,173.76,7
2024-10-21T09:13:30+02:00,173.84,173.84,173.84,173.84,5
2024-10-21T09:15:00+02:00,173.74,173.74,173.74,173.74,28
2024-10-21T09:17:00+02:00,173.74,173.74,173.74,173.74,20
2024-10-21T09:19:00+02:00,173.7,173.7,173.7,173.7,5
2024-10-21T09:19:30+02:00,173.84,173.84,173.84,173.84,5
2024-10-21T09:21:00+02:00,173.72,173.72,173.72,173.72,1
2024-10-21T09:25:30+02:00,173.78,173.78,173.76,173.76,147
2024-10-21T09:27:30+02:00,173.84,173.84,173.84,173.84,38
2024-10-21T09:30:00+02:00,173.74,173.74,173.74,173.74,40
2024-10-21T09:31:30+02:00,173.86,173.86,173.86,173.86,3
2024-10-21T09:35:00+02:00,173.72,173.72,173.72,173.72,5
2024-10-21T09:38:00+02:00,173.76,173.76,173.64,173.64,500
2024-10-21T09:39:30+02:00,173.78,173.8,173.66,173.66,274
2024-10-21T09:41:30+02:00,173.84,173.84,173.7,173.7,22
2024-10-21T09:42:00+02:00,173.7,173.7,173.7,173.7,2
2024-10-21T09:43:00+02:00,173.86,173.86,173.82,173.82,12
2024-10-21T09:44:30+02:00,173.82,173.82,173.82,173.82,10
2024-10-21T09:46:00+02:00,173.86,173.86,173.86,173.86,45
2024-10-21T09:47:30+02:00,173.92,173.96,173.92,173.96,200
2024-10-21T09:51:30+02:00,173.86,173.86,173.86,173.86,1
2024-10-21T09:55:30+02:00,173.9,173.9,173.9,173.9,1
2024-10-21T09:56:00+02:00,173.82,173.82,173.82,173.82,2
2024-10-21T09:57:30+02:00,173.86,173.9,173.84,173.9,146
2024-10-21T09:58:30+02:00,173.78,173.78,173.78,173.78,6
2024-10-21T09:59:00+02:00,173.88,173.88,173.88,173.88,19
2024-10-21T10:00:00+02:00,173.88,173.88,173.72,173.72,32
2024-10-21T10:01:00+02:00,173.86,173.86,173.86,173.86,50
2024-10-21T10:02:30+02:00,173.76,173.76,173.76,173.76,30
2024-10-21T10:04:00+02:00,173.84,173.84,173.84,173.84,1
2024-10-21T10:05:30+02:00,173.76,173.76,173.74,173.74,50
2024-10-21T10:07:30+02:00,173.8,173.8,173.8,173.8,100
2024-10-21T10:09:00+02:00,173.72,173.72,173.72,173.72,28
2024-10-21T10:10:30+02:00,173.68,173.68,173.68,173.68,25
2024-10-21T10:12:00+02:00,173.72,173.72,173.72,173.72,26
2024-10-21T10:12:30+02:00,173.7,173.7,173.7,173.7,10
2024-10-21T10:19:30+02:00,173.5,173.5,173.5,173.5,50
2024-10-21T10:22:30+02:00,173.54,173.54,173.48,173.48,8
2024-10-21T10:24:00+02:00,173.52,173.52,173.52,173.52,20
2024-10-21T10:25:30+02:00,173.58,173.58,173.58,173.58,35
2024-10-21T10:29:30+02:00,173.56,173.56,173.56,173.56,75
2024-10-21T10:32:30+02:00,173.64,173.64,173.64,173.64,6
2024-10-21T10:35:00+02:00,173.66,173.66,173.66,173.66,25
2024-10-21T10:36:00+02:00,173.66,173.66,173.66,173.66,101
2024-10-21T10:36:30+02:00,173.62,173.62,173.62,173.62,33
2024-10-21T10:37:30+02:00,173.56,173.56,173.56,173.56,3
2024-10-21T10:38:30+02:00,173.58,173.58,173.58,173.58,80
2024-10-21T10:40:00+02:00,173.58,173.6,173.5,173.6,623
2024-10-21T10:41:30+02:00,173.64,173.64,173.64,173.64,4
2024-10-21T10:42:30+02:00,173.64,173.64,173.64,173.64,4
2024-10-21T10:49:00+02:00,173.66,173.66,173.66,173.66,7
2024-10-21T10:54:00+02:00,173.66,173.72,173.66,173.72,103
2024-10-21T10:55:00+02:00,173.6,173.6,173.6,173.6,5
2024-10-21T10:57:30+02:00,173.64,173.66,173.64,173.66,130
2024-10-21T11:01:00+02:00,173.62,173.62,173.6,173.6,32
2024-10-21T11:03:00+02:00,173.62,173.62,173.62,173.62,10
2024-10-21T11:10:00+02:00,173.56,173.56,173.56,173.56,152
2024-10-21T11:10:30+02:00,173.54,173.54,173.54,173.54,20
2024-10-21T11:11:30+02:00,173.62,173.62,173.62,173.62,221
2024-10-21T11:12:00+02:00,173.62,173.62,173.62,173.62,8
2024-10-21T11:14:00+02:00,173.62,173.62,173.62,173.62,3
2024-10-21T11:17:30+02:00,173.62,173.62,173.62,173.62,1
2024-10-21T11:23:00+02:00,173.58,173.58,173.56,173.56,156
2024-10-21T11:24:00+02:00,173.54,173.54,173.54,173.54,465
2024-10-21T11:25:00+02:00,173.62,173.64,173.58,173.58,99
2024-10-21T11:26:00+02:00,173.62,173.66,173.62,173.66,10
2024-10-21T11:26:30+02:00,173.56,173.56,173.54,173.54,20
2024-10-21T11:28:30+02:00,173.62,173.62,173.62,173.62,181
2024-10-21T11:31:30+02:00,173.5,173.5,173.5,173.5,25
2024-10-21T11:32:30+02:00,173.46,173.46,173.46,173.46,106
2024-10-21T11:40:00+02:00,173.6,173.6,173.6,173.6,20
2024-10-21T11:43:30+02:00,173.66,173.66,173.66,173.66,17
2024-10-21T11:44:00+02:00,173.64,173.64,173.64,173.64,6
2024-10-21T11:44:30+02:00,173.64,173.64,173.64,173.64,181
2024-10-21T11:45:00+02:00,173.64,173.66,173.64,173.66,147
2024-10-21T11:53:00+02:00,173.68,173.68,173.68,173.68,28
2024-10-21T11:53:30+02:00,173.72,173.72,173.72,173.72,115
2024-10-21T11:55:30+02:00,173.72,173.74,173.72,173.74,621
2024-10-21T11:56:30+02:00,173.76,173.76,173.76,173.76,186
2024-10-21T11:59:30+02:00,173.72,173.72,173.72,173.72,1
2024-10-21T12:01:00+02:00,173.72,173.72,173.72,173.72,1
2024-10-21T12:02:00+02:00,173.66,173.66,173.66,173.66,20
2024-10-21T12:02:30+02:00,173.74,173.74,173.74,173.74,6
2024-10-21T12:03:30+02:00,173.74,173.8,173.7,173.7,591
2024-10-21T12:04:00+02:00,173.7,173.7,173.7,173.7,110
2024-10-21T12:08:00+02:00,173.74,173.74,173.74,173.74,9
2024-10-21T12:08:30+02:00,173.8,173.8,173.8,173.8,124
2024-10-21T12:10:30+02:00,173.8,173.8,173.8,173.8,2
2024-10-21T12:12:00+02:00,173.74,173.74,173.74,173.74,23
2024-10-21T12:16:30+02:00,173.82,173.82,173.82,173.82,1
2024-10-21T12:18:00+02:00,173.78,173.78,173.78,173.78,2
2024-10-21T12:24:30+02:00,173.74,173.74,173.74,173.74,60
2024-10-21T12:30:30+02:00,173.8,173.8,173.8,173.8,3
2024-10-21T12:31:00+02:00,173.78,173.78,173.78,173.78,4
2024-10-21T12:37:00+02:00,173.76,173.76,173.76,173.76,1
2024-10-21T12:43:00+02:00,173.62,173.62,173.5,173.5,1460
2024-10-21T12:44:30+02:00,173.56,173.56,173.56,173.56,201
2024-10-21T12:45:00+02:00,173.52,173.52,173.16,173.16,344
2024-10-21T12:45:30+02:00,173.2,173.2,173.2,173.2,191
2024-10-21T12:50:30+02:00,173.1,173.1,173.1,173.1,182
2024-10-21T12:52:30+02:00,173.12,173.12,173.12,173.12,5
2024-10-21T12:59:00+02:00,173.12,173.12,173.12,173.12,1
2024-10-21T13:00:00+02:00,173.12,173.26,173.1,173.1,180
2024-10-21T13:01:00+02:00,173.24,173.24,173.24,173.24,1
2024-10-21T13:02:30+02:00,173.26,173.3,173.26,173.3,45
2024-10-21T13:04:30+02:00,173.26,173.28,173.26,173.28,142
2024-10-21T13:05:00+02:00,173.36,173.36,173.36,173.36,30
2024-10-21T13:05:30+02:00,173.38,173.42,173.38,173.42,60
2024-10-21T13:17:00+02:00,173.4,173.4,173.4,173.4,85
2024-10-21T13:19:30+02:00,173.34,173.34,173.34,173.34,1
2024-10-21T13:22:00+02:00,173.32,173.32,173.32,173.32,1
2024-10-21T13:26:30+02:00,173.42,173.42,173.42,173.42,120
2024-10-21T13:31:30+02:00,173.3,173.3,173.3,173.3,20
2024-10-21T13:32:00+02:00,173.38,173.4,173.38,173.4,429
2024-10-21T13:35:00+02:00,173.38,173.38,173.38,173.38,140
2024-10-21T13:37:30+02:00,173.4,173.4,173.36,173.36,101
2024-10-21T13:45:30+02:00,173.34,173.34,173.34,173.34,2
2024-10-21T13:46:00+02:00,173.28,173.28,173.26,173.26,200
2024-10-21T13:47:00+02:00,173.24,173.26,173.24,173.26,77
2024-10-21T13:49:00+02:00,173.24,173.24,173.22,173.22,900
2024-10-21T13:49:30+02:00,173.3,173.3,173.3,173.3,138
2024-10-21T13:50:30+02:00,173.3,173.3,173.3,173.3,42
2024-10-21T13:51:00+02:00,173.26,173.26,173.26,173.26,15
2024-10-21T13:59:30+02:00,173.38,173.38,173.38,173.38,1
2024-10-21T14:01:00+02:00,173.34,173.34,173.32,173.32,10
2024-10-21T14:07:00+02:00,173.36,173.36,173.32,173.32,60
2024-10-21T14:12:00+02:00,173.38,173.38,173.38,173.38,400
2024-10-21T14:16:30+02:00,173.22,173.22,173.22,173.22,100
2024-10-21T14:19:00+02:00,173.34,173.34,173.34,173.34,20
2024-10-21T14:22:00+02:00,173.34,173.34,173.34,173.34,1
2024-10-21T14:29:00+02:00,173.22,173.34,173.22,173.34,6
2024-10-21T14:34:30+02:00,173.48,173.48,173.48,173.48,2
2024-10-21T14:37:00+02:00,173.44,173.44,173.44,173.44,1
2024-10-21T14:38:30+02:00,173.38,173.38,173.38,173.38,1
2024-10-21T14:50:00+02:00,173.56,173.56,173.52,173.52,21
2024-10-21T14:57:00+02:00,173.66,173.66,173.66,173.66,1
2024-10-21T15:04:30+02:00,173.76,173.76,173.76,173.76,27
2024-10-21T15:06:00+02:00,173.8,173.8,173.8,173.8,2
2024-10-21T15:18:30+02:00,173.94,173.94,173.92,173.92,30
2024-10-21T15:20:00+02:00,173.92,173.92,173.92,173.92,2
2024-10-21T15:22:30+02:00,173.72,173.74,173.72,173.74,80
2024-10-21T15:23:30+02:00,173.6,173.6,173.6,173.6,100
2024-10-21T15:25:00+02:00,173.6,173.6,173.5,173.5,66
2024-10-21T15:25:30+02:00,173.48,173.5,173.48,173.5,7
2024-10-21T15:26:00+02:00,173.52,173.52,173.52,173.52,5
2024-10-21T15:28:00+02:00,173.3,173.3,173.18,173.18,192
2024-10-21T15:29:00+02:00,173.16,173.16,173.16,173.16,397
2024-10-21T15:30:00+02:00,173.14,173.6,173.14,173.6,77
2024-10-21T15:31:00+02:00,173.42,173.42,173.1,173.1,624
2024-10-21T15:31:30+02:00,173.08,173.08,172.62,172.62,388
2024-10-21T15:32:00+02:00,172.5,172.5,172.32,172.32,63
2024-10-21T15:32:30+02:00,172.28,172.28,172.28,172.28,92
2024-10-21T15:34:00+02:00,172.3,172.3,172.3,172.3,13
2024-10-21T15:34:30+02:00,172.24,172.24,172.24,172.24,3
2024-10-21T15:35:00+02:00,172.32,172.32,172.32,172.32,11
2024-10-21T15:35:30+02:00,172.38,172.38,172.22,172.22,72
2024-10-21T15:37:00+02:00,172.48,172.48,172.4,172.44,14
2024-10-21T15:37:30+02:00,172.34,172.34,172.34,172.34,3
2024-10-21T15:40:00+02:00,171.96,172.08,171.96,172.08,252
2024-10-21T15:40:30+02:00,172.08,172.08,172.08,172.08,1
2024-10-21T15:41:00+02:00,171.84,171.84,171.84,171.84,71
2024-10-21T15:43:00+02:00,171.92,171.92,171.92,171.92,3
2024-10-21T15:43:30+02:00,172.08,172.1,172.08,172.1,5
2024-10-21T15:45:00+02:00,172.48,172.48,172.48,172.48,1
2024-10-21T15:45:30+02:00,172.42,172.42,172.42,172.42,3
2024-10-21T15:50:00+02:00,172.44,172.44,172.44,172.44,1
2024-10-21T15:50:30+02:00,172.34,172.34,172.34,172.34,52
2024-10-21T15:52:30+02:00,172.44,172.44,172.44,172.44,15
2024-10-21T15:53:00+02:00,172.36,172.36,172.36,172.36,6
2024-10-21T15:53:30+02:00,172.46,172.46,172.36,172.36,461
2024-10-21T15:54:00+02:00,172.56,172.56,172.56,172.56,3
2024-10-21T15:55:00+02:00,172.74,172.74,172.74,172.74,1
2024-10-21T15:59:30+02:00,173,173,173,173,173
2024-10-21T16:00:00+02:00,173.1,173.1,173,173,130
2024-10-21T16:02:30+02:00,172.94,172.94,172.94,172.94,110
2024-10-21T16:03:00+02:00,173.02,173.02,173.02,173.02,8
2024-10-21T16:05:00+02:00,172.84,172.84,172.84,172.84,162
2024-10-21T16:06:00+02:00,173.14,173.14,173.14,173.14,1
2024-10-21T16:09:00+02:00,173.18,173.18,173.18,173.18,6
2024-10-21T16:10:00+02:00,173.26,173.26,173.26,173.26,8
2024-10-21T16:11:00+02:00,173.46,173.46,173.46,173.46,1
2024-10-21T16:12:00+02:00,173.56,173.56,173.56,173.56,150
2024-10-21T16:13:00+02:00,173.38,173.38,173.38,173.38,1
2024-10-21T16:14:30+02:00,173.58,173.58,173.58,173.58,11
2024-10-21T16:15:00+02:00,173.74,173.74,173.72,173.72,29
2024-10-21T16:16:30+02:00,173.82,173.82,173.82,173.82,19
2024-10-21T16:20:00+02:00,173.94,173.94,173.94,173.94,4
2024-10-21T16:23:00+02:00,173.94,174.02,173.94,174.02,597
2024-10-21T16:23:30+02:00,173.94,173.94,173.94,173.94,1
2024-10-21T16:25:00+02:00,173.94,173.94,173.94,173.94,1
2024-10-21T16:26:30+02:00,174.1,174.1,174.1,174.1,8
2024-10-21T16:28:00+02:00,174.18,174.18,174.18,174.18,122
2024-10-21T16:29:30+02:00,174.2,174.2,174.2,174.2,100
2024-10-21T16:30:00+02:00,174.28,174.28,174.28,174.28,1
2024-10-21T16:33:30+02:00,174.18,174.18,174.18,174.18,12
2024-10-21T16:36:30+02:00,173.72,173.72,173.72,173.72,52
2024-10-21T16:37:00+02:00,173.7,173.7,173.7,173.7,13
2024-10-21T16:39:00+02:00,173.72,173.74,173.64,173.64,26
2024-10-21T16:40:00+02:00,173.42,173.42,173.36,173.36,250
2024-10-21T16:40:30+02:00,173.44,173.44,173.36,173.36,6000
2024-10-21T16:44:30+02:00,173.22,173.22,173.18,173.2,62
2024-10-21T16:45:30+02:00,172.9,172.92,172.9,172.9,239
2024-10-21T16:46:00+02:00,172.76,172.78,172.76,172.78,384
2024-10-21T16:46:30+02:00,172.86,172.96,172.86,172.96,9
2024-10-21T16:49:30+02:00,173.04,173.04,173.04,173.04,1
2024-10-21T16:50:00+02:00,173.14,173.14,173.14,173.14,8
2024-10-21T17:01:30+02:00,173.06,173.06,173.06,173.06,1
2024-10-21T17:02:30+02:00,172.8,172.8,172.8,172.8,84
2024-10-21T17:03:00+02:00,172.92,172.92,172.92,172.92,30
2024-10-21T17:04:30+02:00,172.94,172.94,172.9,172.9,37
2024-10-21T17:05:00+02:00,172.78,172.78,172.78,172.78,86
2024-10-21T17:08:00+02:00,172.7,172.7,172.7,172.7,118
2024-10-21T17:09:00+02:00,172.64,172.64,172.62,172.62,148
2024-10-21T17:11:00+02:00,172.68,172.74,172.68,172.74,1621
2024-10-21T17:11:30+02:00,172.72,172.78,172.72,172.76,803
2024-10-21T17:13:00+02:00,172.9,172.9,172.9,172.9,3
2024-10-21T17:19:30+02:00,172.78,172.82,172.78,172.82,602
2024-10-21T17:20:30+02:00,172.86,172.86,172.86,172.86,72
2024-10-21T17:21:00+02:00,172.8,172.8,172.78,172.78,150
2024-10-21T17:25:00+02:00,172.72,172.72,172.72,172.72,1
2024-10-21T17:27:00+02:00,172.74,172.74,172.74,172.74,3
2024-10-22T09:04:00+02:00,174.34,174.34,174.32,174.32,891
2024-10-22T09:05:30+02:00,174,174,174,174,12
2024-10-22T09:07:00+02:00,174,174,173.88,173.88,493
2024-10-22T09:12:30+02:00,174.32,174.32,174.32,174.32,50
2024-10-22T09:14:00+02:00,174.36,174.38,174.36,174.38,192
2024-10-22T09:18:30+02:00,174.16,174.16,174.16,174.16,100
2024-10-22T09:23:30+02:00,174.28,174.28,174.28,174.28,2
2024-10-22T09:29:30+02:00,174.28,174.28,174.28,174.28,10
2024-10-22T09:31:00+02:00,174.04,174.04,174.02,174.02,404
2024-10-22T09:36:30+02:00,174,174,173.98,173.98,40
2024-10-22T09:37:00+02:00,173.98,173.98,173.98,173.98,15
2024-10-22T09:51:30+02:00,174.14,174.14,174.14,174.14,10
2024-10-22T09:54:30+02:00,174.02,174.02,174,174,100
2024-10-22T10:00:00+02:00,174.08,174.08,173.98,173.98,11
2024-10-22T10:03:30+02:00,173.9,173.9,173.9,173.9,9
2024-10-22T10:04:00+02:00,173.78,173.78,173.78,173.78,6
2024-10-22T10:05:00+02:00,173.7,173.72,173.7,173.72,26
2024-10-22T10:06:00+02:00,173.88,173.88,173.88,173.88,2
2024-10-22T10:09:30+02:00,173.96,173.96,173.94,173.96,122
2024-10-22T10:11:00+02:00,173.98,173.98,173.96,173.96,21
2024-10-22T10:12:00+02:00,173.98,173.98,173.98,173.98,9
2024-10-22T10:19:30+02:00,173.96,173.96,173.9,173.9,500
2024-10-22T10:21:00+02:00,173.94,173.94,173.94,173.94,3
2024-10-22T10:26:00+02:00,174.12,174.12,174.12,174.12,101
2024-10-22T10:27:30+02:00,174.04,174.04,174.04,174.04,66
2024-10-22T10:31:30+02:00,174.06,174.06,174.06,174.06,20
2024-10-22T10:32:00+02:00,174.08,174.08,174.04,174.04,733
2024-10-22T10:32:30+02:00,174.04,174.04,174.04,174.04,377
2024-10-22T10:35:00+02:00,174.04,174.04,174.04,174.04,181
2024-10-22T10:36:30+02:00,174,174,174,174,55
2024-10-22T10:49:30+02:00,174.04,174.04,174.04,174.04,60
2024-10-22T10:56:30+02:00,173.98,173.98,173.98,173.98,341
2024-10-22T10:58:30+02:00,174.04,174.04,174.04,174.04,51
2024-10-22T10:59:30+02:00,174,174.02,174,174.02,99
2024-10-22T11:00:00+02:00,173.98,173.98,173.94,173.94,9
2024-10-22T11:18:30+02:00,173.68,173.68,173.68,173.68,1
2024-10-22T11:22:00+02:00,173.48,173.52,173.46,173.52,591
2024-10-22T11:24:30+02:00,173.54,173.54,173.48,173.48,20
2024-10-22T11:25:00+02:00,173.52,173.52,173.52,173.52,181
2024-10-22T11:26:00+02:00,173.52,173.52,173.52,173.52,225
2024-10-22T11:27:00+02:00,173.46,173.46,173.46,173.46,57
2024-10-22T11:29:30+02:00,173.5,173.5,173.5,173.5,18
2024-10-22T11:30:30+02:00,173.6,173.6,173.6,173.6,60
2024-10-22T11:34:30+02:00,173.6,173.64,173.6,173.64,40
2024-10-22T11:35:00+02:00,173.64,173.64,173.62,173.62,533
2024-10-22T11:46:00+02:00,173.52,173.52,173.52,173.52,54
2024-10-22T11:48:30+02:00,173.44,173.44,173.44,173.44,137
2024-10-22T11:53:30+02:00,173.66,173.66,173.66,173.66,16
2024-10-22T11:55:30+02:00,173.64,173.64,173.64,173.64,161
2024-10-22T12:08:30+02:00,173.64,173.64,173.62,173.62,15
2024-10-22T12:24:30+02:00,173.84,173.84,173.84,173.84,5
2024-10-22T12:47:30+02:00,173.66,173.66,173.66,173.66,58
2024-10-22T13:17:00+02:00,173.72,173.72,173.72,173.72,1
2024-10-22T13:20:30+02:00,173.88,173.88,173.88,173.88,40
2024-10-22T13:25:30+02:00,173.76,173.76,173.76,173.76,8
2024-10-22T13:27:30+02:00,173.92,173.92,173.92,173.92,35
2024-10-22T13:43:00+02:00,174,174,174,174,5
2024-10-22T13:44:00+02:00,174,174,174,174,25
2024-10-22T13:46:00+02:00,173.88,173.88,173.88,173.88,50
2024-10-22T13:54:30+02:00,173.96,173.96,173.96,173.96,50
2024-10-22T13:57:30+02:00,174.12,174.12,174.12,174.12,30
2024-10-22T13:58:00+02:00,173.98,173.98,173.98,173.98,60
2024-10-22T13:59:00+02:00,173.94,173.94,173.94,173.94,20
2024-10-22T14:00:00+02:00,173.82,173.94,173.82,173.94,145
2024-10-22T14:01:30+02:00,174.12,174.12,174.12,174.12,44
2024-10-22T14:05:30+02:00,174.24,174.24,174.24,174.24,41
2024-10-22T14:12:00+02:00,174.14,174.14,174.08,174.08,300
2024-10-22T14:22:30+02:00,174.32,174.32,174.3,174.3,100
2024-10-22T14:24:30+02:00,174.36,174.36,174.28,174.28,209
2024-10-22T14:29:00+02:00,174.16,174.16,174.16,174.16,3
2024-10-22T14:32:30+02:00,174.18,174.18,174.16,174.18,505
2024-10-22T14:33:00+02:00,174.2,174.2,174.18,174.18,306
2024-10-22T14:33:30+02:00,174.18,174.18,174.16,174.16,368
2024-10-22T14:34:00+02:00,174.16,174.16,174.16,174.16,6
2024-10-22T14:37:00+02:00,174.1,174.1,174.1,174.1,25
2024-10-22T14:38:30+02:00,174.12,174.12,174.12,174.12,200
2024-10-22T14:39:30+02:00,174,174,173.98,173.98,153
2024-10-22T14:45:00+02:00,173.78,173.78,173.78,173.78,3
2024-10-22T14:46:00+02:00,173.92,173.92,173.92,173.92,2
2024-10-22T14:52:30+02:00,173.76,173.76,173.76,173.76,20
2024-10-22T14:57:00+02:00,173.9,173.92,173.9,173.92,12
2024-10-22T15:00:30+02:00,174.02,174.58,174.02,174.44,2114
2024-10-22T15:01:30+02:00,174.24,174.24,174.22,174.24,485
2024-10-22T15:07:00+02:00,173.94,173.94,173.94,173.94,184
2024-10-22T15:17:30+02:00,173.94,173.94,173.92,173.92,26
2024-10-22T15:18:00+02:00,173.86,173.88,173.86,173.88,127
2024-10-22T15:18:30+02:00,173.8,173.8,173.8,173.8,154
2024-10-22T15:20:30+02:00,174.06,174.06,174.06,174.06,154
2024-10-22T15:21:30+02:00,173.96,173.96,173.96,173.96,1
2024-10-22T15:24:00+02:00,174.12,174.12,174.12,174.12,30
2024-10-22T15:25:00+02:00,174,174,173.98,173.98,319
2024-10-22T15:30:00+02:00,173.92,174.5,173.82,174.44,1064
2024-10-22T15:31:00+02:00,173.78,173.78,173.34,173.34,468
2024-10-22T15:31:30+02:00,173.32,173.32,173.22,173.22,10
2024-10-22T15:32:30+02:00,173,173.04,173,173.04,30
2024-10-22T15:33:00+02:00,173.14,173.14,173.1,173.1,759
2024-10-22T15:33:30+02:00,172.94,172.94,172.88,172.88,23
2024-10-22T15:34:00+02:00,172.94,172.94,172.94,172.94,29
2024-10-22T15:35:00+02:00,173.24,173.24,173.24,173.24,3
2024-10-22T15:35:30+02:00,173.28,173.28,173.28,173.28,93
2024-10-22T15:36:30+02:00,173.38,173.38,173.38,173.38,153
2024-10-22T15:39:00+02:00,173.78,173.78,173.78,173.78,50
2024-10-22T15:42:30+02:00,173.9,173.9,173.9,173.9,134
2024-10-22T15:43:30+02:00,173.94,173.94,173.94,173.94,23
2024-10-22T15:44:00+02:00,174,174,174,174,152
2024-10-22T15:44:30+02:00,174.04,174.04,174.04,174.04,6
2024-10-22T15:45:00+02:00,174,174,174,174,75
2024-10-22T15:45:30+02:00,174.28,174.28,174.28,174.28,156
2024-10-22T15:46:30+02:00,174.44,174.44,174.44,174.44,155
2024-10-22T15:49:00+02:00,174.48,174.52,174.48,174.52,84
2024-10-22T15:50:00+02:00,174.66,174.66,174.66,174.66,32
2024-10-22T15:52:00+02:00,174.26,174.26,174.26,174.26,74
2024-10-22T15:53:30+02:00,174.6,174.6,174.6,174.6,79
2024-10-22T15:55:00+02:00,174.9,174.9,174.9,174.9,34
2024-10-22T15:59:00+02:00,174.68,174.68,174.68,174.68,18
2024-10-22T16:02:00+02:00,174.8,174.8,174.8,174.8,150
2024-10-22T16:04:00+02:00,175,175,175,175,1012
2024-10-22T16:04:30+02:00,175.14,175.14,175.14,175.14,300
2024-10-22T16:05:00+02:00,175.24,175.3,175.18,175.28,803
2024-10-22T16:05:30+02:00,175.4,175.52,175.4,175.52,274
2024-10-22T16:06:00+02:00,175.7,175.7,175.68,175.7,538
2024-10-22T16:07:30+02:00,175.8,175.8,175.74,175.74,13
2024-10-22T16:08:00+02:00,175.74,175.8,175.74,175.8,6
2024-10-22T16:08:30+02:00,175.84,176.08,175.84,176,2365
2024-10-22T16:09:00+02:00,175.88,175.88,175.66,175.7,472
2024-10-22T16:10:00+02:00,175.64,175.64,175.64,175.64,3
2024-10-22T16:11:00+02:00,175.74,175.74,175.6,175.6,274
2024-10-22T16:12:00+02:00,175.54,175.58,175.54,175.58,6
2024-10-22T16:12:30+02:00,175.68,175.68,175.68,175.68,3
2024-10-22T16:14:30+02:00,176.22,176.3,176.22,176.3,120
2024-10-22T16:15:00+02:00,176.28,176.3,176.28,176.3,32
2024-10-22T16:16:00+02:00,176.28,176.28,176.28,176.28,100
2024-10-22T16:18:00+02:00,176.2,176.32,176.2,176.28,503
2024-10-22T16:18:30+02:00,176.18,176.18,176.18,176.18,158
2024-10-22T16:19:00+02:00,176.1,176.1,176.08,176.08,2766
2024-10-22T16:19:30+02:00,176.04,176.18,175.96,176.18,9013
2024-10-22T16:20:00+02:00,176.14,176.14,175.94,175.96,890
2024-10-22T16:20:30+02:00,175.96,175.96,175.94,175.94,168
2024-10-22T16:24:00+02:00,175.84,175.84,175.84,175.84,2
2024-10-22T16:24:30+02:00,176.08,176.08,176.08,176.08,7
2024-10-22T16:25:30+02:00,176.2,176.2,176.2,176.2,151
2024-10-22T16:27:30+02:00,176.16,176.16,176.16,176.16,7
2024-10-22T16:29:30+02:00,175.8,175.8,175.8,175.8,200
2024-10-22T16:30:00+02:00,176.04,176.04,176.02,176.02,9
2024-10-22T16:30:30+02:00,176,176,176,176,54
2024-10-22T16:31:00+02:00,176.16,176.2,176.16,176.2,121
2024-10-22T16:31:30+02:00,176.12,176.18,176.12,176.18,14
2024-10-22T16:33:30+02:00,176.14,176.14,176.14,176.14,126
2024-10-22T16:34:30+02:00,176,176.02,176,176.02,92
2024-10-22T16:35:00+02:00,176.14,176.14,176.14,176.14,73
2024-10-22T16:35:30+02:00,176.12,176.12,176.12,176.12,100
2024-10-22T16:36:00+02:00,176.08,176.08,176.08,176.08,2
2024-10-22T16:37:00+02:00,175.82,175.82,175.8,175.8,390
2024-10-22T16:38:30+02:00,175.76,175.76,175.76,175.76,2
2024-10-22T16:39:00+02:00,175.82,175.86,175.82,175.86,11
2024-10-22T16:40:30+02:00,175.74,175.74,175.74,175.74,125
2024-10-22T16:41:00+02:00,175.82,175.82,175.82,175.82,13
2024-10-22T16:44:30+02:00,175.48,175.48,175.48,175.48,30
2024-10-22T16:45:00+02:00,175.32,175.32,175.32,175.32,20
2024-10-22T16:46:00+02:00,175.5,175.5,175.5,175.5,82
2024-10-22T16:46:30+02:00,175.42,175.42,175.42,175.42,3
2024-10-22T16:47:30+02:00,175.3,175.3,175.3,175.3,2
2024-10-22T16:51:30+02:00,175.54,175.54,175.54,175.54,15
2024-10-22T16:52:00+02:00,175.7,175.7,175.7,175.7,52
2024-10-22T16:52:30+02:00,175.7,175.7,175.7,175.7,27
2024-10-22T16:57:00+02:00,175.82,175.82,175.82,175.82,7
2024-10-22T16:59:30+02:00,175.72,175.72,175.72,175.72,72
2024-10-22T17:00:00+02:00,175.86,175.86,175.8,175.84,204
2024-10-22T17:01:00+02:00,175.86,175.86,175.86,175.86,150
2024-10-22T17:02:30+02:00,176,176,176,176,17
2024-10-22T17:05:00+02:00,175.92,175.92,175.92,175.92,15
2024-10-22T17:11:00+02:00,175.64,175.68,175.64,175.68,143
2024-10-22T17:13:30+02:00,175.46,175.46,175.44,175.44,928
2024-10-22T17:14:30+02:00,175.48,175.48,175.48,175.48,16
2024-10-22T17:15:00+02:00,175.58,175.64,175.58,175.64,23
2024-10-22T17:15:30+02:00,175.56,175.56,175.56,175.56,153
2024-10-22T17:17:00+02:00,175.48,175.48,175.48,175.48,26
2024-10-22T17:18:00+02:00,175.5,175.5,175.5,175.5,10
2024-10-22T17:20:30+02:00,175.42,175.42,175.38,175.38,137
2024-10-22T17:26:30+02:00,175.26,175.3,175.26,175.3,50
2024-10-22T17:27:00+02:00,175.32,175.32,175.32,175.32,77
2024-10-23T09:04:00+02:00,175.4,175.4,175.4,175.4,495
2024-10-23T09:05:30+02:00,175.38,175.38,175.38,175.38,3
2024-10-23T09:11:00+02:00,175.78,175.78,175.78,175.78,100
2024-10-23T09:21:30+02:00,175.8,175.84,175.8,175.84,170
2024-10-23T09:22:00+02:00,175.88,175.88,175.88,175.88,11
2024-10-23T09:25:00+02:00,175.9,176.08,175.9,176.08,3035
2024-10-23T09:27:00+02:00,175.96,175.98,175.96,175.98,100
2024-10-23T09:30:00+02:00,176,176,176,176,12
2024-10-23T09:32:00+02:00,176.02,176.02,176.02,176.02,35
2024-10-23T09:37:30+02:00,176.04,176.04,176.04,176.04,10
2024-10-23T09:41:00+02:00,176,176,176,176,20
2024-10-23T09:44:00+02:00,175.98,175.98,175.98,175.98,10
2024-10-23T09:44:30+02:00,175.98,175.98,175.98,175.98,10
2024-10-23T09:47:30+02:00,175.94,175.94,175.94,175.94,165
2024-10-23T10:00:00+02:00,175.96,175.96,175.84,175.84,170
2024-10-23T10:02:00+02:00,176,176.02,176,176,188
2024-10-23T10:03:30+02:00,176.04,176.08,176.04,176.08,5
2024-10-23T10:04:30+02:00,176.04,176.04,176.02,176.02,25
2024-10-23T10:06:30+02:00,176.06,176.06,176.06,176.06,2
2024-10-23T10:08:00+02:00,175.96,175.96,175.96,175.96,70
2024-10-23T10:09:30+02:00,175.96,175.96,175.96,175.96,10
2024-10-23T10:16:00+02:00,175.9,175.9,175.9,175.9,95
2024-10-23T10:20:00+02:00,175.9,175.9,175.9,175.9,42
2024-10-23T10:22:30+02:00,175.84,175.84,175.84,175.84,63
2024-10-23T10:23:30+02:00,175.84,175.84,175.84,175.84,29
2024-10-23T10:24:00+02:00,175.84,175.84,175.84,175.84,40
2024-10-23T10:26:30+02:00,175.84,175.84,175.84,175.84,174
2024-10-23T10:27:30+02:00,175.84,175.84,175.84,175.84,50
2024-10-23T10:28:30+02:00,175.84,175.84,175.78,175.78,90
2024-10-23T10:34:30+02:00,175.68,175.68,175.68,175.68,40
2024-10-23T10:45:30+02:00,175.52,175.52,175.52,175.52,100
2024-10-23T10:48:00+02:00,175.5,175.5,175.5,175.5,2
2024-10-23T10:50:00+02:00,175.56,175.6,175.56,175.6,200
2024-10-23T10:51:00+02:00,175.56,175.56,175.56,175.56,269
2024-10-23T10:52:30+02:00,175.5,175.5,175.5,175.5,10
2024-10-23T10:56:00+02:00,175.56,175.56,175.56,175.56,30
2024-10-23T11:04:00+02:00,175.52,175.52,175.52,175.52,2
2024-10-23T11:12:30+02:00,175.7,175.7,175.7,175.7,30
2024-10-23T11:14:30+02:00,175.72,175.72,175.72,175.72,8
2024-10-23T11:18:30+02:00,175.56,175.56,175.56,175.56,15
2024-10-23T11:19:30+02:00,175.7,175.7,175.7,175.7,15
2024-10-23T11:25:30+02:00,175.76,175.76,175.76,175.76,5
2024-10-23T11:27:00+02:00,175.72,175.74,175.72,175.74,113
2024-10-23T11:29:30+02:00,175.7,175.72,175.7,175.72,51
2024-10-23T11:31:30+02:00,175.7,175.7,175.7,175.7,1
2024-10-23T11:37:00+02:00,175.68,175.68,175.68,175.68,1
2024-10-23T11:37:30+02:00,175.68,175.68,175.68,175.68,1
2024-10-23T11:48:30+02:00,175.7,175.7,175.7,175.7,11
2024-10-23T11:49:30+02:00,175.68,175.68,175.68,175.68,2
2024-10-23T11:52:00+02:00,175.74,175.8,175.74,175.76,567
2024-10-23T11:53:30+02:00,175.88,175.88,175.88,175.88,6
2024-10-23T11:54:30+02:00,175.82,175.82,175.78,175.78,400
2024-10-23T11:58:00+02:00,175.82,175.84,175.82,175.84,290
2024-10-23T12:01:30+02:00,175.82,175.82,175.82,175.82,10
2024-10-23T12:02:30+02:00,175.78,175.78,175.78,175.78,1
2024-10-23T12:10:30+02:00,175.7,175.7,175.7,175.7,200
2024-10-23T12:19:30+02:00,175.68,175.68,175.68,175.68,25
2024-10-23T12:26:00+02:00,175.8,176.04,175.8,176.04,387
2024-10-23T12:28:30+02:00,175.9,175.9,175.9,175.9,75
2024-10-23T12:29:30+02:00,175.88,175.88,175.88,175.88,182
2024-10-23T12:30:00+02:00,175.88,175.88,175.88,175.88,125
2024-10-23T12:31:00+02:00,175.74,175.74,175.64,175.64,133
2024-10-23T12:32:00+02:00,175.6,175.6,175.08,175.08,2209
2024-10-23T12:32:30+02:00,175.08,175.08,175.04,175.04,442
2024-10-23T12:33:00+02:00,175.08,175.08,175.08,175.08,3
2024-10-23T12:33:30+02:00,175.24,175.26,175.24,175.26,45
2024-10-23T12:37:00+02:00,175.2,175.2,175.2,175.2,300
2024-10-23T12:41:00+02:00,175.06,175.06,175.06,175.06,15
2024-10-23T12:45:30+02:00,175.08,175.08,175.08,175.08,100
2024-10-23T12:47:00+02:00,175.16,175.16,175.16,175.16,4
2024-10-23T12:48:30+02:00,175.14,175.14,175.14,175.14,160
2024-10-23T12:50:00+02:00,175.18,175.18,175.18,175.18,1
2024-10-23T12:51:00+02:00,175.2,175.2,175.2,175.2,74
2024-10-23T13:01:30+02:00,175.26,175.26,175.26,175.26,100
2024-10-23T13:18:30+02:00,175.52,175.52,175.52,175.52,1
2024-10-23T13:25:00+02:00,175.5,175.52,175.5,175.52,46
2024-10-23T13:25:30+02:00,175.46,175.46,175.46,175.46,8
2024-10-23T13:26:00+02:00,175.44,175.44,175.44,175.44,120
2024-10-23T13:28:00+02:00,175.58,175.58,175.58,175.58,8
2024-10-23T13:42:30+02:00,175.5,175.5,175.5,175.5,48
2024-10-23T13:46:00+02:00,175.52,175.52,175.52,175.52,1
2024-10-23T13:50:30+02:00,175.5,175.5,175.5,175.5,100
2024-10-23T13:53:00+02:00,175.6,175.6,175.6,175.6,1
2024-10-23T13:57:30+02:00,175.74,175.74,175.74,175.74,24
2024-10-23T13:58:00+02:00,175.76,175.76,175.76,175.76,6
2024-10-23T13:58:30+02:00,175.68,175.68,175.68,175.68,1
2024-10-23T14:00:00+02:00,175.6,175.6,175.54,175.54,140
2024-10-23T14:01:00+02:00,175.48,175.48,175.48,175.48,325
2024-10-23T14:01:30+02:00,175.52,175.56,175.52,175.56,10
2024-10-23T14:03:00+02:00,175.54,175.54,175.54,175.54,7
2024-10-23T14:05:00+02:00,175.6,175.6,175.6,175.6,1
2024-10-23T14:17:30+02:00,175.8,175.8,175.72,175.72,129
2024-10-23T14:20:00+02:00,175.82,175.84,175.82,175.84,247
2024-10-23T14:25:30+02:00,175.86,175.86,175.86,175.86,100
2024-10-23T14:31:30+02:00,175.8,175.8,175.8,175.8,73
2024-10-23T14:34:30+02:00,175.6,175.6,175.6,175.6,40
2024-10-23T14:39:30+02:00,175.66,175.66,175.6,175.6,1000
2024-10-23T14:40:00+02:00,175.58,175.66,175.58,175.66,225
2024-10-23T14:42:30+02:00,175.52,175.52,175.52,175.52,2
2024-10-23T14:46:00+02:00,175.64,175.66,175.64,175.66,83
2024-10-23T14:57:30+02:00,175.68,175.68,175.68,175.68,23
2024-10-23T15:02:30+02:00,175.66,175.66,175.64,175.64,20
2024-10-23T15:10:00+02:00,175.54,175.54,175.54,175.54,63
2024-10-23T15:10:30+02:00,175.5,175.5,175.5,175.5,300
2024-10-23T15:11:30+02:00,175.42,175.42,175.42,175.42,3
2024-10-23T15:15:00+02:00,175.42,175.42,175.42,175.42,40
2024-10-23T15:21:00+02:00,175.3,175.3,175.28,175.28,400
2024-10-23T15:25:00+02:00,175.14,175.18,175.14,175.18,1631
2024-10-23T15:27:00+02:00,175.02,175.02,175,175,458
2024-10-23T15:27:30+02:00,175.22,175.22,175.22,175.22,119
2024-10-23T15:30:00+02:00,175.38,175.38,175.38,175.38,100
2024-10-23T15:31:00+02:00,175.4,175.44,175.4,175.44,9
2024-10-23T15:31:30+02:00,175.04,175.04,175.04,175.04,8
2024-10-23T15:33:00+02:00,174.88,174.88,174.88,174.88,301
2024-10-23T15:41:30+02:00,174.48,174.48,174.38,174.38,43
2024-10-23T15:42:00+02:00,174.48,174.48,174.48,174.48,38
2024-10-23T15:45:00+02:00,174.14,174.14,174.08,174.08,23
2024-10-23T15:47:30+02:00,174.48,174.66,174.48,174.66,175
2024-10-23T15:48:00+02:00,174.68,174.7,174.68,174.7,238
2024-10-23T15:48:30+02:00,174.66,174.66,174.66,174.66,152
2024-10-23T15:51:00+02:00,174.68,174.68,174.68,174.68,70
2024-10-23T15:51:30+02:00,174.68,174.68,174.66,174.66,453
2024-10-23T15:53:00+02:00,174.78,174.78,174.78,174.78,11
2024-10-23T15:57:00+02:00,174.92,174.92,174.92,174.92,152
2024-10-23T15:57:30+02:00,174.98,174.98,174.98,174.98,40
2024-10-23T16:01:00+02:00,174.78,174.78,174.78,174.78,40
2024-10-23T16:03:30+02:00,174.16,174.16,174.16,174.16,14
2024-10-23T16:04:00+02:00,174,174,174,174,222
2024-10-23T16:04:30+02:00,174,174,174,174,74
2024-10-23T16:09:00+02:00,173.78,173.82,173.78,173.82,660
2024-10-23T16:10:00+02:00,173.84,173.84,173.84,173.84,76
2024-10-23T16:11:00+02:00,173.94,174,173.94,173.98,9
2024-10-23T16:12:00+02:00,173.94,173.94,173.94,173.94,2
2024-10-23T16:16:30+02:00,174.1,174.14,174.1,174.14,35
2024-10-23T16:18:00+02:00,174.24,174.24,174.24,174.24,5
2024-10-23T16:32:30+02:00,174.36,174.36,174.32,174.32,254
2024-10-23T16:33:00+02:00,174.28,174.34,174.28,174.34,21
2024-10-23T16:35:00+02:00,174.44,174.44,174.44,174.44,81
2024-10-23T16:41:30+02:00,174.36,174.36,174.36,174.36,30
2024-10-23T16:42:00+02:00,174.32,174.32,174.32,174.32,8
2024-10-23T16:44:30+02:00,174.4,174.4,174.4,174.4,27
2024-10-23T16:45:00+02:00,174.44,174.44,174.44,174.44,182
2024-10-23T16:45:30+02:00,174.5,174.5,174.48,174.48,293
2024-10-23T16:46:00+02:00,174.44,174.44,174.44,174.44,153
2024-10-23T16:47:00+02:00,174.48,174.54,174.48,174.54,345
2024-10-23T16:49:00+02:00,174.56,174.56,174.56,174.56,153
2024-10-23T16:51:30+02:00,174.52,174.52,174.52,174.52,150
2024-10-23T16:53:00+02:00,174.34,174.34,174.34,174.34,82
2024-10-23T17:02:30+02:00,173.96,173.96,173.96,173.96,154
2024-10-23T17:03:30+02:00,174.12,174.24,174.12,174.24,217
2024-10-23T17:04:00+02:00,174.18,174.18,174.18,174.18,3
2024-10-23T17:05:30+02:00,174.18,174.18,174.18,174.18,7
2024-10-23T17:11:30+02:00,173.66,173.66,173.66,173.66,153
2024-10-23T17:12:00+02:00,173.5,173.5,173.5,173.5,20
2024-10-23T17:12:30+02:00,173.52,173.52,173.52,173.52,21
2024-10-23T17:13:00+02:00,173.48,173.48,173.48,173.48,78
2024-10-23T17:14:30+02:00,173.34,173.34,173.34,173.34,11
2024-10-23T17:16:00+02:00,173.3,173.38,173.3,173.38,1345
2024-10-23T17:16:30+02:00,173.4,173.4,173.4,173.4,300
2024-10-23T17:17:00+02:00,173.38,173.38,173.38,173.38,13
2024-10-23T17:21:00+02:00,173.5,173.5,173.5,173.5,1
2024-10-23T17:26:00+02:00,173.36,173.38,173.36,173.38,139
2024-10-23T17:27:30+02:00,173.12,173.12,173.12,173.12,100
2024-10-23T17:28:30+02:00,173,173,173,173,12
2024-10-24T09:04:00+02:00,171.28,172.02,171.28,172,1867
2024-10-24T09:05:30+02:00,171.98,172.22,171.98,172.22,75
2024-10-24T09:06:30+02:00,172.16,172.16,172.16,172.16,64
2024-10-24T09:07:30+02:00,172.14,172.14,172.14,172.14,125
2024-10-24T09:08:00+02:00,172.1,172.1,172.1,172.1,58
2024-10-24T09:10:00+02:00,172.22,172.3,172.02,172.3,140
2024-10-24T09:10:30+02:00,172.08,172.08,172.08,172.08,25
2024-10-24T09:11:30+02:00,172.2,172.2,172.04,172.04,131
2024-10-24T09:12:30+02:00,172.1,172.1,172.1,172.1,66
2024-10-24T09:13:30+02:00,172.32,172.32,172.1,172.1,95
2024-10-24T09:15:00+02:00,172.04,172.3,172.02,172.3,136
2024-10-24T09:15:30+02:00,172.2,172.2,172.2,172.2,100
2024-10-24T09:16:30+02:00,172.24,172.4,172.24,172.4,602
2024-10-24T09:17:30+02:00,172.3,172.3,172.3,172.3,102
2024-10-24T09:18:30+02:00,172.28,172.28,172.28,172.28,2
2024-10-24T09:19:00+02:00,172.42,172.42,172.36,172.36,145
2024-10-24T09:19:30+02:00,172.38,172.38,172.38,172.38,5
2024-10-24T09:20:00+02:00,172.44,172.44,172.44,172.44,57
2024-10-24T09:20:30+02:00,172.44,172.46,172.34,172.46,160
2024-10-24T09:21:00+02:00,172.34,172.34,172.34,172.34,61
2024-10-24T09:22:00+02:00,172.3,172.3,172.3,172.3,74
2024-10-24T09:22:30+02:00,172.26,172.26,172.26,172.26,38
2024-10-24T09:23:30+02:00,172.22,172.22,172.22,172.22,175
2024-10-24T09:24:30+02:00,172.2,172.2,172.2,172.2,228
2024-10-24T09:25:30+02:00,172.3,172.3,172.3,172.3,153
2024-10-24T09:26:00+02:00,172.28,172.28,172.28,172.28,150
2024-10-24T09:27:00+02:00,172.28,172.28,172.28,172.28,100
2024-10-24T09:27:30+02:00,172.34,172.34,172.34,172.34,100
2024-10-24T09:28:30+02:00,172.36,172.38,172.36,172.38,175
2024-10-24T09:30:30+02:00,172.42,172.42,172.42,172.42,20
2024-10-24T09:31:00+02:00,172.3,172.3,172.3,172.3,2
2024-10-24T09:31:30+02:00,172.2,172.2,172.2,172.2,96
2024-10-24T09:33:00+02:00,172.12,172.2,172.12,172.2,266
2024-10-24T09:34:00+02:00,172.08,172.18,172.08,172.08,127
2024-10-24T09:34:30+02:00,172.08,172.16,172.04,172.16,250
2024-10-24T09:35:00+02:00,172.16,172.16,172.16,172.16,6
2024-10-24T09:35:30+02:00,172.1,172.1,172.1,172.1,64
2024-10-24T09:36:00+02:00,172.2,172.2,172.08,172.08,84
2024-10-24T09:38:00+02:00,172.1,172.1,172.1,172.1,7
2024-10-24T09:38:30+02:00,172.2,172.2,172.2,172.2,6
2024-10-24T09:39:00+02:00,172.08,172.26,172.08,172.26,185
2024-10-24T09:40:00+02:00,172.08,172.08,172.08,172.08,140
2024-10-24T09:40:30+02:00,172.04,172.24,172.04,172.24,276
2024-10-24T09:41:30+02:00,172.1,172.1,172.1,172.1,74
2024-10-24T09:43:00+02:00,172.02,172.02,172.02,172.02,2
2024-10-24T09:44:00+02:00,172,172,172,172,25
2024-10-24T09:45:00+02:00,172.08,172.08,172.08,172.08,20
2024-10-24T09:46:00+02:00,172,172,172,172,90
2024-10-24T09:47:30+02:00,172.1,172.1,172.1,172.1,10
2024-10-24T09:48:30+02:00,172.06,172.12,172.06,172.12,130
2024-10-24T09:49:00+02:00,172.1,172.1,172.1,172.1,66
2024-10-24T09:50:00+02:00,172.18,172.18,172.08,172.08,65
2024-10-24T09:50:30+02:00,172.24,172.24,172.1,172.1,58
2024-10-24T09:51:30+02:00,172.1,172.26,172.1,172.26,97
2024-10-24T09:52:30+02:00,172.14,172.14,172.14,172.14,154
2024-10-24T09:53:00+02:00,172.22,172.22,172.12,172.12,65
2024-10-24T09:53:30+02:00,172.2,172.2,172.2,172.2,66
2024-10-24T09:54:30+02:00,172.1,172.1,172.1,172.1,66
2024-10-24T09:55:00+02:00,172.24,172.24,172.24,172.24,12
2024-10-24T09:55:30+02:00,172.08,172.08,172.08,172.08,151
2024-10-24T09:56:00+02:00,172.06,172.2,172.06,172.2,194
2024-10-24T09:57:00+02:00,172.04,172.04,172.04,172.04,61
2024-10-24T09:59:30+02:00,172.24,172.24,172.24,172.24,10
2024-10-24T10:00:00+02:00,172.24,172.24,172.24,172.24,26
2024-10-24T10:01:00+02:00,172.26,172.26,172.26,172.26,86
2024-10-24T10:02:00+02:00,172.08,172.08,172,172,50
2024-10-24T10:04:00+02:00,172.4,172.4,172.34,172.34,102
2024-10-24T10:08:00+02:00,172.48,172.48,172.4,172.4,484
2024-10-24T10:08:30+02:00,172.48,172.5,172.48,172.5,774
2024-10-24T10:09:30+02:00,172.5,172.5,172.5,172.5,500
2024-10-24T10:10:30+02:00,172.4,172.5,172.4,172.5,19
2024-10-24T10:11:30+02:00,172.5,172.5,172.5,172.5,483
2024-10-24T10:14:30+02:00,172.68,172.68,172.52,172.52,61
2024-10-24T10:16:00+02:00,172.5,172.5,172.5,172.5,30
2024-10-24T10:17:00+02:00,172.66,172.66,172.66,172.66,22
2024-10-24T10:23:00+02:00,172.62,172.64,172.62,172.64,57
2024-10-24T10:23:30+02:00,172.52,172.52,172.52,172.52,100
2024-10-24T10:25:00+02:00,172.6,172.6,172.6,172.6,60
2024-10-24T10:25:30+02:00,172.44,172.44,172.44,172.44,25
2024-10-24T10:28:00+02:00,172.38,172.38,172.38,172.38,38
2024-10-24T10:29:00+02:00,172.5,172.5,172.5,172.5,300
2024-10-24T10:30:30+02:00,172.32,172.32,172.32,172.32,217
2024-10-24T10:32:00+02:00,172.5,172.5,172.42,172.42,147
2024-10-24T10:39:30+02:00,172.4,172.4,172.4,172.4,100
2024-10-24T10:42:30+02:00,172.28,172.28,172.26,172.26,164
2024-10-24T10:46:30+02:00,172.26,172.26,172.26,172.26,1
2024-10-24T10:53:00+02:00,172.24,172.24,172.24,172.24,4
2024-10-24T10:53:30+02:00,172.14,172.14,172.14,172.14,1
2024-10-24T10:56:30+02:00,172.18,172.18,172.18,172.18,30
2024-10-24T10:57:00+02:00,172.18,172.18,172.18,172.18,180
2024-10-24T10:59:00+02:00,172.2,172.2,172.2,172.2,140
2024-10-24T11:00:00+02:00,172.22,172.22,172.22,172.22,30
2024-10-24T11:03:30+02:00,172.26,172.26,172.26,172.26,15
2024-10-24T11:04:30+02:00,172.26,172.26,172.26,172.26,1
2024-10-24T11:06:30+02:00,172.26,172.26,172.26,172.26,33
2024-10-24T11:10:30+02:00,172.28,172.28,172.28,172.28,1
2024-10-24T11:14:00+02:00,172.36,172.36,172.36,172.36,1
2024-10-24T11:19:00+02:00,172.58,172.58,172.58,172.58,1
2024-10-24T11:20:30+02:00,172.6,172.6,172.6,172.6,168
2024-10-24T11:21:00+02:00,172.5,172.6,172.5,172.6,103
2024-10-24T11:22:00+02:00,172.64,172.64,172.64,172.64,25
2024-10-24T11:25:30+02:00,172.68,172.68,172.68,172.68,58
2024-10-24T11:27:00+02:00,172.5,172.5,172.5,172.5,168
2024-10-24T11:30:00+02:00,172.42,172.42,172.42,172.42,168
2024-10-24T11:30:30+02:00,172.36,172.36,172.36,172.36,168
2024-10-24T11:33:30+02:00,172.3,172.36,172.3,172.36,276
2024-10-24T11:35:00+02:00,172.5,172.52,172.5,172.52,270
2024-10-24T11:35:30+02:00,172.3,172.3,172.3,172.3,2
2024-10-24T11:39:00+02:00,172.38,172.38,172.38,172.38,1
2024-10-24T11:41:00+02:00,172.52,172.52,172.52,172.52,184
2024-10-24T11:41:30+02:00,172.46,172.46,172.46,172.46,2
2024-10-24T11:42:30+02:00,172.46,172.46,172.46,172.46,3
2024-10-24T11:46:30+02:00,172.6,172.6,172.6,172.6,20
2024-10-24T11:49:30+02:00,172.52,172.56,172.5,172.56,179
2024-10-24T11:53:30+02:00,172.58,172.58,172.5,172.5,44
2024-10-24T11:55:00+02:00,172.56,172.56,172.5,172.5,316
2024-10-24T11:56:00+02:00,172.5,172.5,172.44,172.44,171
2024-10-24T11:57:00+02:00,172.44,172.44,172.44,172.44,40
2024-10-24T12:00:00+02:00,172.58,172.68,172.58,172.66,1495
2024-10-24T12:02:00+02:00,172.72,172.72,172.72,172.72,12
2024-10-24T12:03:00+02:00,172.78,172.78,172.78,172.78,168
2024-10-24T12:07:00+02:00,172.7,172.7,172.7,172.7,168
2024-10-24T12:09:30+02:00,172.7,172.7,172.66,172.66,346
2024-10-24T12:12:30+02:00,172.68,172.68,172.68,172.68,50
2024-10-24T12:16:30+02:00,172.7,172.7,172.7,172.7,120
2024-10-24T12:20:30+02:00,172.7,172.7,172.7,172.7,80
2024-10-24T12:21:00+02:00,172.7,172.7,172.7,172.7,134
2024-10-24T12:21:30+02:00,172.78,172.78,172.78,172.78,2
2024-10-24T12:24:00+02:00,172.76,172.76,172.76,172.76,169
2024-10-24T12:24:30+02:00,172.66,172.66,172.66,172.66,25
2024-10-24T12:29:30+02:00,172.72,172.72,172.72,172.72,30
2024-10-24T12:30:30+02:00,172.68,172.68,172.68,172.68,168
2024-10-24T12:37:30+02:00,172.64,172.64,172.62,172.62,169
2024-10-24T12:43:00+02:00,172.62,172.62,172.62,172.62,168
2024-10-24T12:44:30+02:00,172.66,172.66,172.66,172.66,6
2024-10-24T12:47:30+02:00,172.58,172.58,172.5,172.5,236
2024-10-24T12:55:00+02:00,172.46,172.46,172.46,172.46,1
2024-10-24T13:00:00+02:00,172.5,172.5,172.36,172.36,336
2024-10-24T13:01:00+02:00,172.24,172.24,172.24,172.24,180
2024-10-24T13:02:00+02:00,172.28,172.28,172.28,172.28,180
2024-10-24T13:03:00+02:00,172.1,172.1,172.1,172.1,180
2024-10-24T13:03:30+02:00,172.12,172.12,172.12,172.12,337
2024-10-24T13:04:00+02:00,172.04,172.12,172.04,172.12,404
2024-10-24T13:04:30+02:00,172.04,172.04,172,172,134
2024-10-24T13:05:00+02:00,171.96,171.96,171.92,171.92,286
2024-10-24T13:05:30+02:00,171.88,171.88,171.88,171.88,184
2024-10-24T13:06:30+02:00,172,172,172,172,2
2024-10-24T13:07:30+02:00,172.24,172.24,172.24,172.24,116
2024-10-24T13:09:30+02:00,172.2,172.2,172.18,172.18,370
2024-10-24T13:11:30+02:00,172.22,172.22,172.2,172.2,83
2024-10-24T13:12:00+02:00,172.2,172.2,172.2,172.2,175
2024-10-24T13:19:00+02:00,172.18,172.3,172.16,172.3,834
2024-10-24T13:20:30+02:00,172.34,172.34,172.34,172.34,1
2024-10-24T13:23:30+02:00,172.3,172.3,172.3,172.3,191
2024-10-24T13:28:30+02:00,172.32,172.32,172.32,172.32,180
2024-10-24T13:35:00+02:00,172.4,172.4,172.4,172.4,5
2024-10-24T13:39:00+02:00,172.44,172.44,172.44,172.44,18
2024-10-24T13:41:30+02:00,172.4,172.4,172.4,172.4,99
2024-10-24T13:46:00+02:00,172.6,172.6,172.6,172.6,100
2024-10-24T13:48:00+02:00,172.6,172.6,172.6,172.6,4
2024-10-24T13:53:00+02:00,172.54,172.54,172.54,172.54,23
2024-10-24T14:02:30+02:00,172.38,172.38,172.36,172.36,81
2024-10-24T14:03:00+02:00,172.28,172.28,172.24,172.24,135
2024-10-24T14:05:00+02:00,172.24,172.24,172.24,172.24,3
2024-10-24T14:07:30+02:00,172.2,172.2,172.2,172.2,197
2024-10-24T14:08:30+02:00,172.18,172.18,172.18,172.18,70
2024-10-24T14:18:30+02:00,172.38,172.38,172.38,172.38,3
2024-10-24T14:24:00+02:00,172.26,172.26,172.26,172.26,13
2024-10-24T14:25:30+02:00,172.16,172.16,172.16,172.16,358
2024-10-24T14:32:00+02:00,172.32,172.32,172.32,172.32,50
2024-10-24T14:36:00+02:00,172.3,172.3,172.3,172.3,8
2024-10-24T14:37:30+02:00,172.46,172.46,172.46,172.46,147
2024-10-24T14:38:00+02:00,172.38,172.38,172.38,172.38,6
2024-10-24T14:40:00+02:00,172.2,172.2,172.2,172.2,100
2024-10-24T14:41:30+02:00,172.18,172.2,172.18,172.2,172
2024-10-24T14:42:30+02:00,172.2,172.24,172.2,172.24,338
2024-10-24T14:47:30+02:00,172.14,172.28,172.12,172.28,662
2024-10-24T14:49:00+02:00,172.22,172.22,172.22,172.22,20
2024-10-24T14:50:00+02:00,172.1,172.1,172.04,172.04,977
2024-10-24T14:53:00+02:00,172,172,171.98,171.98,350
2024-10-24T14:55:00+02:00,172.12,172.12,172.1,172.1,346
2024-10-24T14:56:00+02:00,172.18,172.18,172.18,172.18,10
2024-10-24T15:00:00+02:00,171.9,171.9,171.9,171.9,153
2024-10-24T15:02:30+02:00,171.98,171.98,171.98,171.98,93
2024-10-24T15:04:00+02:00,172,172,172,172,59
2024-10-24T15:05:30+02:00,171.98,171.98,171.98,171.98,30
2024-10-24T15:07:00+02:00,171.86,171.86,171.86,171.86,3
2024-10-24T15:07:30+02:00,172.04,172.04,171.94,171.94,100
2024-10-24T15:09:00+02:00,171.94,171.94,171.94,171.94,200
2024-10-24T15:12:30+02:00,172.18,172.18,172.18,172.18,1
2024-10-24T15:15:30+02:00,172.2,172.2,172.2,172.2,15
2024-10-24T15:16:00+02:00,172.06,172.06,172.04,172.04,60
2024-10-24T15:22:00+02:00,171.98,171.98,171.98,171.98,100
2024-10-24T15:22:30+02:00,171.8,171.8,171.8,171.8,12
2024-10-24T15:24:30+02:00,171.98,171.98,171.98,171.98,30
2024-10-24T15:25:00+02:00,171.86,171.86,171.8,171.8,189
2024-10-24T15:27:30+02:00,171.7,171.7,171.7,171.7,45
2024-10-24T15:28:00+02:00,171.5,171.5,171.5,171.5,52
2024-10-24T15:28:30+02:00,171.48,171.48,171.48,171.48,60
2024-10-24T15:29:00+02:00,171.56,171.56,171.56,171.56,2
2024-10-24T15:30:00+02:00,171.4,171.4,171.4,171.4,154
2024-10-24T15:30:30+02:00,171.2,171.2,171,171,141
2024-10-24T15:31:00+02:00,170.74,170.74,170.36,170.4,1281
2024-10-24T15:31:30+02:00,170.38,170.38,170.16,170.24,596
2024-10-24T15:32:00+02:00,170.54,170.62,170.52,170.62,349
2024-10-24T15:32:30+02:00,170.52,170.52,170.52,170.52,3
2024-10-24T15:33:00+02:00,170.6,170.6,170.6,170.6,456
2024-10-24T15:33:30+02:00,170.78,170.96,170.78,170.94,540
2024-10-24T15:34:00+02:00,170.92,170.92,170.92,170.92,300
2024-10-24T15:35:00+02:00,170.74,170.98,170.74,170.98,587
2024-10-24T15:35:30+02:00,171.08,171.08,171.06,171.06,298
2024-10-24T15:36:00+02:00,171.04,171.42,171.04,171.42,307
2024-10-24T15:37:00+02:00,171.38,171.38,171.38,171.38,3
2024-10-24T15:40:00+02:00,171.58,171.58,171.58,171.58,19
2024-10-24T15:41:30+02:00,171.6,171.66,171.6,171.66,68
2024-10-24T15:42:00+02:00,171.72,171.72,171.72,171.72,20
2024-10-24T15:43:00+02:00,171.82,171.84,171.82,171.84,65
2024-10-24T15:43:30+02:00,171.92,171.92,171.92,171.92,28
2024-10-24T15:45:00+02:00,171.98,171.98,171.98,171.98,6
2024-10-24T15:47:30+02:00,171.72,171.72,171.72,171.72,1
2024-10-24T15:49:00+02:00,171.42,171.44,171.42,171.44,10
2024-10-24T15:50:00+02:00,171.52,171.52,171.46,171.46,128
2024-10-24T15:51:00+02:00,171.36,171.36,171.26,171.26,470
2024-10-24T15:52:00+02:00,171.22,171.22,171.22,171.22,39
2024-10-24T15:52:30+02:00,171.24,171.24,171.24,171.24,3
2024-10-24T15:53:00+02:00,171.34,171.44,171.3,171.3,19
2024-10-24T15:54:00+02:00,171.18,171.18,171.18,171.18,9
2024-10-24T15:55:00+02:00,171.3,171.3,171.3,171.3,6
2024-10-24T15:56:00+02:00,171.48,171.48,171.48,171.48,50
2024-10-24T15:57:30+02:00,171.42,171.5,171.42,171.5,168
2024-10-24T16:01:00+02:00,171.82,171.82,171.82,171.82,30
2024-10-24T16:01:30+02:00,171.82,171.82,171.82,171.82,3
2024-10-24T16:02:30+02:00,172,172,172,172,1
2024-10-24T16:04:00+02:00,171.92,171.92,171.84,171.84,227
2024-10-24T16:07:30+02:00,171.46,171.54,171.46,171.54,16
2024-10-24T16:09:00+02:00,171.6,171.6,171.6,171.6,21
2024-10-24T16:10:00+02:00,171.56,171.56,171.56,171.56,3
2024-10-24T16:10:30+02:00,171.6,171.6,171.6,171.6,1
2024-10-24T16:11:30+02:00,171.78,171.78,171.78,171.78,3
2024-10-24T16:13:30+02:00,172.1,172.12,172.1,172.12,171
2024-10-24T16:14:30+02:00,172.14,172.14,172.14,172.14,3
2024-10-24T16:15:00+02:00,172.2,172.26,172.2,172.26,13
2024-10-24T16:16:30+02:00,172.24,172.24,172.18,172.18,32
2024-10-24T16:18:00+02:00,172.12,172.12,172.12,172.12,6
2024-10-24T16:19:30+02:00,172.04,172.12,172.04,172.12,33
2024-10-24T16:20:00+02:00,172.1,172.12,172.1,172.12,43
2024-10-24T16:21:00+02:00,172.24,172.26,172.24,172.26,28
2024-10-24T16:23:00+02:00,172.3,172.42,172.3,172.42,70
2024-10-24T16:23:30+02:00,172.44,172.56,172.44,172.56,86
2024-10-24T16:24:00+02:00,172.5,172.5,172.5,172.5,6
2024-10-24T16:29:00+02:00,172.22,172.22,172.22,172.22,1
2024-10-24T16:32:30+02:00,172.46,172.46,172.46,172.46,15
2024-10-24T16:34:00+02:00,172.62,172.62,172.62,172.62,1
2024-10-24T16:42:30+02:00,172.36,172.4,172.36,172.4,32
2024-10-24T16:45:30+02:00,172.4,172.4,172.4,172.4,18
2024-10-24T16:48:00+02:00,172.34,172.34,172.34,172.34,22
2024-10-24T16:48:30+02:00,172.4,172.4,172.4,172.4,17
2024-10-24T16:49:00+02:00,172.38,172.38,172.38,172.38,145
2024-10-24T16:49:30+02:00,172.36,172.36,172.36,172.36,270
2024-10-24T16:52:30+02:00,172.14,172.14,172.14,172.14,2
2024-10-24T16:55:00+02:00,172.16,172.16,172.16,172.16,15
2024-10-24T16:57:00+02:00,172.18,172.18,172.18,172.18,5
2024-10-24T16:57:30+02:00,172.18,172.18,172.18,172.18,33
2024-10-24T16:59:00+02:00,172.14,172.14,172.14,172.14,6
2024-10-24T17:01:30+02:00,172.24,172.24,172.24,172.24,6
2024-10-24T17:02:00+02:00,172.3,172.3,172.3,172.3,1
2024-10-24T17:03:00+02:00,172.4,172.4,172.4,172.4,90
2024-10-24T17:05:30+02:00,172.12,172.12,172.12,172.12,5
2024-10-24T17:10:00+02:00,172.36,172.36,172.36,172.36,58
2024-10-24T17:12:00+02:00,172.48,172.48,172.48,172.48,150
2024-10-24T17:13:30+02:00,172.52,172.54,172.52,172.54,20
2024-10-24T17:14:00+02:00,172.42,172.42,172.42,172.42,20
2024-10-24T17:16:30+02:00,172.66,172.66,172.66,172.66,2
2024-10-24T17:17:30+02:00,172.62,172.62,172.62,172.62,5
2024-10-24T17:21:30+02:00,172.8,172.8,172.78,172.8,172
2024-10-24T17:22:00+02:00,172.82,172.82,172.68,172.68,97
2024-10-24T17:23:00+02:00,172.54,172.54,172.54,172.54,18
2024-10-24T17:23:30+02:00,172.44,172.44,172.44,172.44,18
2024-10-24T17:26:00+02:00,172.44,172.44,172.44,172.44,36
2024-10-24T17:26:30+02:00,172.54,172.54,172.54,172.54,12
2024-10-24T17:27:30+02:00,172.54,172.54,172.54,172.54,14
2024-10-24T17:29:30+02:00,172.54,172.54,172.54,172.54,9
2024-10-25T09:04:00+02:00,172.38,172.62,172.38,172.62,298
2024-10-25T09:07:30+02:00,172.34,172.34,172.34,172.34,77
2024-10-25T09:08:30+02:00,172.54,172.54,172.54,172.54,122
2024-10-25T09:10:00+02:00,172.54,172.54,172.44,172.44,383
2024-10-25T09:11:30+02:00,172.54,172.54,172.54,172.54,244
2024-10-25T09:12:00+02:00,172.44,172.44,172.44,172.44,10
2024-10-25T09:15:00+02:00,172.44,172.44,172.44,172.44,88
2024-10-25T09:16:00+02:00,172.5,172.5,172.5,172.5,50
2024-10-25T09:17:30+02:00,172.52,172.52,172.52,172.52,9
2024-10-25T09:19:30+02:00,172.54,172.68,172.54,172.68,301
2024-10-25T09:21:30+02:00,172.46,172.46,172.46,172.46,10
2024-10-25T09:29:00+02:00,172.62,172.62,172.46,172.46,229
2024-10-25T09:32:30+02:00,172.5,172.5,172.5,172.5,102
2024-10-25T09:33:30+02:00,172.68,172.68,172.68,172.68,20
2024-10-25T09:44:00+02:00,172.72,172.74,172.72,172.74,13
2024-10-25T09:44:30+02:00,172.74,172.74,172.74,172.74,7
2024-10-25T09:50:00+02:00,172.84,172.84,172.84,172.84,58
2024-10-25T09:53:00+02:00,172.76,172.76,172.76,172.76,200
2024-10-25T09:55:30+02:00,172.66,172.66,172.66,172.66,10
2024-10-25T09:58:30+02:00,172.84,172.84,172.84,172.84,2
2024-10-25T10:00:00+02:00,172.88,172.88,172.48,172.48,359
2024-10-25T10:03:30+02:00,172.88,172.88,172.8,172.8,157
2024-10-25T10:04:30+02:00,172.9,172.9,172.9,172.9,42
2024-10-25T10:06:00+02:00,172.62,172.82,172.62,172.82,366
2024-10-25T10:08:00+02:00,172.58,172.58,172.54,172.54,500
2024-10-25T10:09:30+02:00,172.66,172.66,172.66,172.66,56
2024-10-25T10:10:00+02:00,172.54,172.54,172.48,172.48,350
2024-10-25T10:16:00+02:00,172.62,172.62,172.62,172.62,100
2024-10-25T10:21:00+02:00,172.58,172.58,172.58,172.58,66
2024-10-25T10:25:00+02:00,172.58,172.58,172.58,172.58,10
2024-10-25T10:34:00+02:00,172.66,172.74,172.66,172.72,104
2024-10-25T10:35:00+02:00,172.62,172.62,172.62,172.62,40
2024-10-25T10:53:00+02:00,172.84,172.84,172.84,172.84,30
2024-10-25T10:57:00+02:00,173,173,173,173,40
2024-10-25T10:57:30+02:00,173,173,173,173,198
2024-10-25T11:00:30+02:00,173.04,173.04,173.04,173.04,20
2024-10-25T11:01:00+02:00,173.2,173.2,173.2,173.2,30
2024-10-25T11:08:30+02:00,173.18,173.18,173.18,173.18,100
2024-10-25T11:12:00+02:00,173.1,173.1,173.1,173.1,517
2024-10-25T11:14:30+02:00,173.2,173.3,173.2,173.3,696
2024-10-25T11:17:00+02:00,173.3,173.3,173.3,173.3,496
2024-10-25T11:18:00+02:00,173.32,173.32,173.32,173.32,5
2024-10-25T11:19:30+02:00,173.32,173.46,173.32,173.42,775
2024-10-25T11:26:30+02:00,173.58,173.58,173.58,173.58,230
2024-10-25T11:32:30+02:00,173.54,173.54,173.52,173.52,266
2024-10-25T11:42:00+02:00,173.56,173.56,173.56,173.56,1
2024-10-25T11:45:30+02:00,173.44,173.44,173.44,173.44,6
2024-10-25T11:55:00+02:00,173.44,173.44,173.4,173.4,1158
2024-10-25T11:55:30+02:00,173.44,173.44,173.44,173.44,10
2024-10-25T11:59:30+02:00,173.54,173.54,173.54,173.54,58
2024-10-25T12:02:00+02:00,173.44,173.44,173.44,173.44,10
2024-10-25T12:06:00+02:00,173.42,173.42,173.42,173.42,6
2024-10-25T12:08:30+02:00,173.54,173.58,173.54,173.58,130
2024-10-25T12:10:30+02:00,173.52,173.52,173.52,173.52,10
2024-10-25T12:19:00+02:00,173.42,173.42,173.42,173.42,2
2024-10-25T12:23:30+02:00,173.46,173.46,173.46,173.46,5
2024-10-25T12:30:00+02:00,173.52,173.52,173.52,173.52,1
2024-10-25T12:33:30+02:00,173.52,173.52,173.48,173.48,173
2024-10-25T12:42:00+02:00,173.4,173.4,173.4,173.4,80
2024-10-25T12:48:30+02:00,173.44,173.44,173.44,173.44,1
2024-10-25T12:55:30+02:00,173.5,173.5,173.5,173.5,300
2024-10-25T12:56:00+02:00,173.48,173.48,173.46,173.46,593
2024-10-25T12:59:00+02:00,173.42,173.42,173.42,173.42,168
2024-10-25T13:00:30+02:00,173.36,173.36,173.36,173.36,20
2024-10-25T13:04:00+02:00,172.88,172.88,172.88,172.88,13
2024-10-25T13:06:00+02:00,172.98,173,172.98,173,31
2024-10-25T13:10:00+02:00,172.8,172.8,172.8,172.8,5
2024-10-25T13:12:00+02:00,172.92,172.92,172.92,172.92,64
2024-10-25T13:20:00+02:00,172.86,172.86,172.86,172.86,1
2024-10-25T13:25:30+02:00,173.08,173.54,173.08,173.1,2995
2024-10-25T13:26:00+02:00,173.12,173.4,173.1,173.4,335
2024-10-25T13:32:30+02:00,173.38,173.38,173.38,173.38,100
2024-10-25T13:36:30+02:00,173.22,173.22,173.22,173.22,39
2024-10-25T13:41:00+02:00,173.3,173.3,173.3,173.3,100
2024-10-25T13:45:00+02:00,173.3,173.36,173.3,173.36,340
2024-10-25T13:51:30+02:00,173.28,173.28,173.28,173.28,1
2024-10-25T13:54:00+02:00,173.16,173.16,173.16,173.16,194
2024-10-25T13:55:30+02:00,173.42,173.42,173.42,173.42,4
2024-10-25T14:00:30+02:00,173.26,173.26,173.26,173.26,1
2024-10-25T14:03:00+02:00,173.46,173.46,173.46,173.46,151
2024-10-25T14:04:30+02:00,173.38,173.38,173.38,173.38,27
2024-10-25T14:13:00+02:00,173.66,173.66,173.66,173.66,3
2024-10-25T14:16:30+02:00,173.52,173.52,173.52,173.52,8
2024-10-25T14:22:00+02:00,173.4,173.4,173.4,173.4,1
2024-10-25T14:28:30+02:00,173.52,173.52,173.52,173.52,154
2024-10-25T14:30:00+02:00,173.4,173.4,173.4,173.4,15
2024-10-25T14:35:30+02:00,173.48,173.48,173.48,173.48,1
2024-10-25T14:42:30+02:00,173.5,173.5,173.5,173.5,55
2024-10-25T14:58:30+02:00,173.62,173.62,173.62,173.62,40
2024-10-25T15:03:00+02:00,173.64,173.66,173.64,173.66,21
2024-10-25T15:06:00+02:00,173.6,173.6,173.6,173.6,140
2024-10-25T15:07:00+02:00,173.42,173.42,173.42,173.42,126
2024-10-25T15:07:30+02:00,173.4,173.4,173.4,173.4,182
2024-10-25T15:08:30+02:00,173.48,173.48,173.48,173.48,35
2024-10-25T15:09:00+02:00,173.44,173.44,173.44,173.44,115
2024-10-25T15:11:00+02:00,173.38,173.38,173.38,173.38,61
2024-10-25T15:12:00+02:00,173.44,173.44,173.42,173.42,557
2024-10-25T15:13:30+02:00,173.6,173.6,173.6,173.6,30
2024-10-25T15:15:00+02:00,173.68,173.68,173.68,173.68,300
2024-10-25T15:15:30+02:00,173.66,173.66,173.66,173.66,76
2024-10-25T15:19:00+02:00,173.66,173.66,173.62,173.62,60
2024-10-25T15:20:30+02:00,173.6,173.62,173.6,173.62,30
2024-10-25T15:22:30+02:00,173.58,173.58,173.58,173.58,3
2024-10-25T15:25:00+02:00,173.62,173.62,173.32,173.34,354
2024-10-25T15:30:00+02:00,173.52,173.9,173.5,173.9,451
2024-10-25T15:30:30+02:00,174,174,173.9,173.9,250
2024-10-25T15:31:00+02:00,174.14,174.14,174.1,174.1,90
2024-10-25T15:32:00+02:00,173.84,173.86,173.78,173.86,337
2024-10-25T15:32:30+02:00,173.82,173.92,173.82,173.92,48
2024-10-25T15:33:30+02:00,173.84,173.84,173.84,173.84,346
2024-10-25T15:34:00+02:00,173.82,173.82,173.8,173.8,351
2024-10-25T15:34:30+02:00,173.7,173.7,173.48,173.48,378
2024-10-25T15:35:00+02:00,173.5,173.5,173.5,173.5,20
2024-10-25T15:35:30+02:00,174.04,174.04,174,174,286
2024-10-25T15:36:30+02:00,174.24,174.24,174.08,174.08,61
2024-10-25T15:38:00+02:00,174.08,174.08,174.08,174.08,65
2024-10-25T15:38:30+02:00,174.34,174.34,174.34,174.34,10
2024-10-25T15:39:00+02:00,174.26,174.26,174.26,174.26,64
2024-10-25T15:39:30+02:00,174.26,174.26,174.26,174.26,64
2024-10-25T15:40:00+02:00,174.32,174.32,174.32,174.32,18
2024-10-25T15:40:30+02:00,174.3,174.3,174.24,174.24,113
2024-10-25T15:41:00+02:00,174.22,174.22,174.16,174.16,120
2024-10-25T15:41:30+02:00,174.48,174.48,174.42,174.42,130
2024-10-25T15:42:00+02:00,174.34,174.4,174.24,174.24,293
2024-10-25T15:42:30+02:00,174.38,174.38,174.38,174.38,71
2024-10-25T15:43:00+02:00,174.5,174.5,174.5,174.5,1
2024-10-25T15:43:30+02:00,174.52,174.56,174.52,174.54,12
2024-10-25T15:44:30+02:00,174.62,174.62,174.62,174.62,61
2024-10-25T15:46:30+02:00,174.72,174.72,174.72,174.72,100
2024-10-25T15:47:00+02:00,174.74,174.74,174.72,174.72,168
2024-10-25T15:48:00+02:00,174.86,174.86,174.86,174.86,166
2024-10-25T15:48:30+02:00,174.8,174.8,174.8,174.8,39
2024-10-25T15:49:30+02:00,174.96,174.96,174.96,174.96,1
2024-10-25T15:50:30+02:00,174.86,174.86,174.76,174.76,280
2024-10-25T15:51:00+02:00,174.8,174.8,174.78,174.78,67
2024-10-25T15:51:30+02:00,174.7,174.7,174.68,174.68,185
2024-10-25T15:52:00+02:00,174.74,174.74,174.74,174.74,95
2024-10-25T15:52:30+02:00,174.92,174.92,174.92,174.92,151
2024-10-25T15:54:30+02:00,174.98,174.98,174.98,174.98,25
2024-10-25T15:55:30+02:00,175,175.04,175,175.04,288
2024-10-25T15:56:00+02:00,175.04,175.04,175,175,435
2024-10-25T15:58:00+02:00,175.08,175.08,175.08,175.08,1
2024-10-25T15:59:00+02:00,175.04,175.04,175,175,54
2024-10-25T16:00:00+02:00,175.06,175.08,174.98,174.98,674
2024-10-25T16:00:30+02:00,175.04,175.04,174.92,174.92,567
2024-10-25T16:01:00+02:00,174.94,174.94,174.94,174.94,60
2024-10-25T16:02:30+02:00,175.22,175.22,175.18,175.18,153
2024-10-25T16:03:00+02:00,175.2,175.2,175.12,175.12,167
2024-10-25T16:03:30+02:00,175.14,175.14,175.12,175.12,123
2024-10-25T16:04:00+02:00,175.04,175.04,175.04,175.04,61
2024-10-25T16:05:00+02:00,175.24,175.28,175.24,175.28,479
2024-10-25T16:06:00+02:00,175.4,175.4,175.4,175.4,600
2024-10-25T16:06:30+02:00,175.5,175.5,175.42,175.42,1402
2024-10-25T16:07:00+02:00,175.6,175.6,175.6,175.6,236
2024-10-25T16:08:00+02:00,175.68,175.68,175.68,175.68,148
2024-10-25T16:09:30+02:00,175.58,175.6,175.58,175.6,48
2024-10-25T16:10:00+02:00,175.64,175.64,175.64,175.64,152
2024-10-25T16:11:30+02:00,175.7,175.7,175.7,175.7,13
2024-10-25T16:12:00+02:00,175.38,175.4,175.38,175.4,166
2024-10-25T16:12:30+02:00,175.34,175.34,175.34,175.34,136
2024-10-25T16:14:00+02:00,175.18,175.18,175.18,175.18,95
2024-10-25T16:14:30+02:00,175.2,175.2,175.2,175.2,150
2024-10-25T16:15:00+02:00,175.28,175.36,175.28,175.36,224
2024-10-25T16:16:00+02:00,175.18,175.18,175.18,175.18,97
2024-10-25T16:18:00+02:00,174.94,174.94,174.94,174.94,125
2024-10-25T16:19:00+02:00,175.2,175.2,175.2,175.2,100
2024-10-25T16:22:30+02:00,175.48,175.48,175.48,175.48,2
2024-10-25T16:23:00+02:00,175.6,175.68,175.6,175.68,555
2024-10-25T16:23:30+02:00,175.74,175.74,175.74,175.74,24
2024-10-25T16:24:00+02:00,175.6,175.6,175.6,175.6,1
2024-10-25T16:25:00+02:00,175.64,175.64,175.64,175.64,50
2024-10-25T16:25:30+02:00,175.6,175.6,175.6,175.6,65
2024-10-25T16:27:30+02:00,175.5,175.5,175.5,175.5,25
2024-10-25T16:29:30+02:00,175.64,175.64,175.62,175.62,300
2024-10-25T16:33:00+02:00,175.58,175.58,175.58,175.58,460
2024-10-25T16:42:00+02:00,175.28,175.28,175.28,175.28,30
2024-10-25T16:44:00+02:00,175.04,175.04,175,175,12
2024-10-25T16:44:30+02:00,175.02,175.02,175.02,175.02,10
2024-10-25T16:50:00+02:00,175.06,175.06,175.06,175.06,7
2024-10-25T17:02:00+02:00,175.22,175.22,175.22,175.22,3
2024-10-25T17:05:00+02:00,175.16,175.16,175.16,175.16,1
2024-10-25T17:05:30+02:00,175.22,175.22,175.22,175.22,25
2024-10-25T17:06:30+02:00,175.26,175.26,175.26,175.26,1
2024-10-25T17:09:00+02:00,175.02,175.02,175.02,175.02,3
2024-10-25T17:11:30+02:00,174.98,174.98,174.98,174.98,3
2024-10-25T17:12:00+02:00,175,175,174.94,174.94,53
2024-10-25T17:17:00+02:00,175.48,175.48,175.48,175.48,155
2024-10-25T17:21:00+02:00,175.64,175.72,175.64,175.72,301
2024-10-25T17:22:00+02:00,175.66,175.66,175.66,175.66,88
2024-10-25T17:22:30+02:00,175.6,175.6,175.6,175.6,30
2024-10-25T17:23:00+02:00,175.54,175.54,175.54,175.54,25
2024-10-25T17:25:30+02:00,175.44,175.44,175.44,175.44,50
2024-10-25T17:26:30+02:00,175.28,175.28,175.28,175.28,44
2024-10-25T17:29:30+02:00,175.2,175.2,175.2,175.2,5
2024-10-28T09:04:00+01:00,174.78,174.86,174.78,174.86,985
2024-10-28T09:07:30+01:00,175,175,175,175,7
2024-10-28T09:08:30+01:00,174.98,174.98,174.98,174.98,1
2024-10-28T09:15:00+01:00,175.04,175.04,175.04,175.04,281
2024-10-28T09:19:00+01:00,175.1,175.14,175.1,175.14,381
2024-10-28T09:20:00+01:00,175.26,175.28,175.26,175.28,526
2024-10-28T09:21:00+01:00,175.16,175.16,175.12,175.12,57
2024-10-28T09:24:00+01:00,175.1,175.1,175.1,175.1,1
2024-10-28T09:28:00+01:00,175.18,175.18,175.18,175.18,2
2024-10-28T09:31:30+01:00,175.24,175.24,175.24,175.24,300
2024-10-28T09:32:00+01:00,175.22,175.26,175.22,175.26,273
2024-10-28T09:32:30+01:00,175.2,175.2,175.2,175.2,63
2024-10-28T09:35:00+01:00,175.28,175.34,175.28,175.34,420
2024-10-28T09:35:30+01:00,175.36,175.36,175.36,175.36,10
2024-10-28T09:41:00+01:00,175.52,175.62,175.5,175.62,301
2024-10-28T09:43:00+01:00,175.6,175.6,175.6,175.6,142
2024-10-28T09:43:30+01:00,175.58,175.58,175.58,175.58,1
2024-10-28T09:44:00+01:00,175.62,175.62,175.62,175.62,188
2024-10-28T09:46:30+01:00,175.62,175.62,175.62,175.62,2
2024-10-28T09:49:00+01:00,175.52,175.52,175.52,175.52,100
2024-10-28T09:49:30+01:00,175.5,175.5,175.5,175.5,8
2024-10-28T09:50:00+01:00,175.52,175.52,175.52,175.52,300
2024-10-28T09:54:00+01:00,175.5,175.5,175.5,175.5,30
2024-10-28T09:55:30+01:00,175.44,175.44,175.44,175.44,10
2024-10-28T09:58:00+01:00,175.36,175.36,175.32,175.32,56
2024-10-28T09:58:30+01:00,175.32,175.34,175.32,175.34,42
2024-10-28T10:05:00+01:00,175.4,175.4,175.38,175.38,4
2024-10-28T10:05:30+01:00,175.4,175.4,175.4,175.4,40
2024-10-28T10:06:00+01:00,175.48,175.5,175.48,175.5,100
2024-10-28T10:08:30+01:00,175.42,175.42,175.42,175.42,1
2024-10-28T10:09:30+01:00,175.24,175.24,175.24,175.24,20
2024-10-28T10:10:00+01:00,175.22,175.22,175.22,175.22,2
2024-10-28T10:17:00+01:00,175.34,175.34,175.28,175.28,250
2024-10-28T10:23:30+01:00,175.44,175.44,175.4,175.4,153
2024-10-28T10:24:30+01:00,175.44,175.46,175.44,175.46,270
2024-10-28T10:29:30+01:00,175.4,175.4,175.4,175.4,28
2024-10-28T10:31:00+01:00,175.34,175.34,175.34,175.34,15
2024-10-28T10:32:30+01:00,175.34,175.34,175.34,175.34,1
2024-10-28T10:37:30+01:00,175.42,175.42,175.42,175.42,300
2024-10-28T10:38:00+01:00,175.36,175.36,175.36,175.36,4
2024-10-28T10:38:30+01:00,175.42,175.42,175.42,175.42,611
2024-10-28T10:40:00+01:00,175.44,175.44,175.44,175.44,153
2024-10-28T10:43:30+01:00,175.42,175.42,175.42,175.42,1
2024-10-28T10:45:30+01:00,175.36,175.36,175.36,175.36,20
2024-10-28T10:47:30+01:00,175.38,175.38,175.38,175.38,1
2024-10-28T10:50:30+01:00,175.42,175.42,175.42,175.42,300
2024-10-28T10:51:00+01:00,175.42,175.42,175.42,175.42,1
2024-10-28T10:58:00+01:00,175.28,175.28,175.28,175.28,40
2024-10-28T11:02:00+01:00,175.38,175.38,175.38,175.38,400
2024-10-28T11:04:30+01:00,175.38,175.38,175.34,175.34,7
2024-10-28T11:06:30+01:00,175.3,175.3,175.28,175.28,991
2024-10-28T11:21:00+01:00,175.34,175.34,175.34,175.34,1
2024-10-28T11:21:30+01:00,175.32,175.32,175.24,175.24,1444
2024-10-28T11:23:00+01:00,175.44,175.44,175.44,175.44,6
2024-10-28T11:24:00+01:00,175.32,175.32,175.32,175.32,29
2024-10-28T11:26:30+01:00,175.36,175.36,175.36,175.36,1
2024-10-28T11:28:00+01:00,175.2,175.2,175.2,175.2,6
2024-10-28T11:30:00+01:00,175.22,175.22,175.06,175.06,147
2024-10-28T11:31:30+01:00,175.06,175.06,175.04,175.04,170
2024-10-28T11:33:00+01:00,175.02,175.16,175,175.16,133
2024-10-28T11:33:30+01:00,175.2,175.2,175.2,175.2,15
2024-10-28T11:34:30+01:00,175.08,175.08,175.06,175.06,200
2024-10-28T11:35:00+01:00,175,175,175,175,1
2024-10-28T11:36:00+01:00,175.04,175.04,175.04,175.04,1
2024-10-28T11:37:00+01:00,175,175,175,175,10
2024-10-28T11:45:00+01:00,175.06,175.06,175.06,175.06,1
2024-10-28T11:48:30+01:00,175.02,175.02,175.02,175.02,130
2024-10-28T11:54:00+01:00,174.98,174.98,174.98,174.98,13
2024-10-28T11:58:30+01:00,174.84,174.84,174.78,174.78,3
2024-10-28T12:00:00+01:00,174.78,174.78,174.68,174.68,80
2024-10-28T12:06:00+01:00,174.76,174.76,174.76,174.76,2
2024-10-28T12:07:00+01:00,174.76,174.86,174.76,174.86,1194
2024-10-28T12:14:00+01:00,174.86,174.86,174.86,174.86,14
2024-10-28T12:15:30+01:00,174.88,174.88,174.88,174.88,40
2024-10-28T12:21:00+01:00,175.08,175.08,175.08,175.08,9
2024-10-28T12:23:00+01:00,174.98,174.98,174.98,174.98,1
2024-10-28T12:26:00+01:00,175.04,175.04,175.04,175.04,184
2024-10-28T12:30:00+01:00,175.04,175.1,175.04,175.1,69
2024-10-28T12:33:00+01:00,175.02,175.02,175.02,175.02,2
2024-10-28T12:38:30+01:00,175.1,175.1,175.1,175.1,31
2024-10-28T12:45:00+01:00,175.14,175.16,175.14,175.16,90
2024-10-28T12:46:00+01:00,175.04,175.04,175.04,175.04,14
2024-10-28T12:50:30+01:00,175.12,175.12,175.06,175.06,2
2024-10-28T12:58:30+01:00,175.18,175.18,175.18,175.18,10
2024-10-28T12:59:30+01:00,175.16,175.16,175.16,175.16,1
2024-10-28T13:01:30+01:00,175.22,175.22,175.2,175.2,26
2024-10-28T13:03:30+01:00,175.12,175.12,175.12,175.12,24
2024-10-28T13:04:00+01:00,175.02,175.02,175.02,175.02,182
2024-10-28T13:04:30+01:00,175,175,175,175,15
2024-10-28T13:05:00+01:00,174.98,174.98,174.98,174.98,1
2024-10-28T13:10:30+01:00,174.9,174.9,174.9,174.9,67
2024-10-28T13:20:30+01:00,175,175,175,175,1
2024-10-28T13:30:30+01:00,175.06,175.06,175.06,175.06,4
2024-10-28T13:32:30+01:00,175.06,175.06,175.06,175.06,300
2024-10-28T13:36:30+01:00,175.28,175.28,175.28,175.28,91
2024-10-28T13:44:00+01:00,175.5,175.52,175.5,175.52,1325
2024-10-28T13:48:00+01:00,175.54,175.54,175.54,175.54,118
2024-10-28T13:51:30+01:00,175.5,175.5,175.5,175.5,1
2024-10-28T13:53:30+01:00,175.48,175.48,175.48,175.48,1
2024-10-28T13:57:00+01:00,175.44,175.44,175.44,175.44,193
2024-10-28T14:04:30+01:00,175.46,175.46,175.46,175.46,1
2024-10-28T14:05:30+01:00,175.44,175.44,175.44,175.44,1
2024-10-28T14:06:00+01:00,175.34,175.34,175.34,175.34,35
2024-10-28T14:07:00+01:00,175.36,175.36,175.36,175.36,1
2024-10-28T14:11:00+01:00,175.18,175.18,175.18,175.18,37
2024-10-28T14:17:30+01:00,175.26,175.26,175.26,175.26,1
2024-10-28T14:20:30+01:00,175.26,175.26,175.26,175.26,1
2024-10-28T14:21:00+01:00,175.18,175.18,175.18,175.18,2
2024-10-28T14:21:30+01:00,175.16,175.16,175.14,175.14,9
2024-10-28T14:24:00+01:00,175.22,175.22,175.22,175.22,12
2024-10-28T14:25:00+01:00,175.1,175.1,175.06,175.06,169
2024-10-28T14:30:00+01:00,175.34,175.34,175.14,175.14,4
2024-10-28T14:30:30+01:00,175.46,175.52,175.44,175.44,496
2024-10-28T14:31:00+01:00,175.56,175.56,175.56,175.56,29
2024-10-28T14:32:00+01:00,175.32,175.32,175.32,175.32,4
2024-10-28T14:34:00+01:00,175.24,175.28,175.14,175.14,201
2024-10-28T14:34:30+01:00,175.28,175.3,175.28,175.28,330
2024-10-28T14:35:00+01:00,175,175,175,175,106
2024-10-28T14:35:30+01:00,175.02,175.02,174.94,174.94,46
2024-10-28T14:38:30+01:00,175.2,175.2,175.2,175.2,3
2024-10-28T14:39:00+01:00,175.22,175.24,175.22,175.24,380
2024-10-28T14:39:30+01:00,175.36,175.36,175.36,175.36,198
2024-10-28T14:40:00+01:00,175.38,175.38,175.28,175.28,6
2024-10-28T14:41:00+01:00,175.12,175.12,175.12,175.12,14
2024-10-28T14:42:30+01:00,175.1,175.1,175.1,175.1,8
2024-10-28T14:43:00+01:00,175.3,175.3,175.3,175.3,1
2024-10-28T14:47:30+01:00,175.54,175.54,175.54,175.54,100
2024-10-28T14:48:30+01:00,175.38,175.46,175.38,175.46,13
2024-10-28T14:50:00+01:00,175.36,175.36,175.36,175.36,39
2024-10-28T14:50:30+01:00,175.3,175.3,175.16,175.16,7
2024-10-28T14:53:30+01:00,174.96,174.96,174.96,174.96,207
2024-10-28T14:54:00+01:00,174.88,174.88,174.88,174.88,3
2024-10-28T14:54:30+01:00,174.9,174.9,174.88,174.88,101
2024-10-28T14:56:00+01:00,174.84,174.88,174.84,174.88,178
2024-10-28T14:57:30+01:00,175.04,175.04,175.04,175.04,8
2024-10-28T14:58:00+01:00,175.06,175.06,175.06,175.06,7
2024-10-28T15:00:00+01:00,174.98,174.98,174.98,174.98,96
2024-10-28T15:01:30+01:00,175.32,175.32,175.3,175.3,6
2024-10-28T15:04:00+01:00,175.12,175.12,175.12,175.12,61
2024-10-28T15:04:30+01:00,175.2,175.24,175.2,175.24,538
2024-10-28T15:05:00+01:00,175.22,175.22,175.22,175.22,1
2024-10-28T15:05:30+01:00,175.12,175.12,175.02,175.02,16
2024-10-28T15:07:00+01:00,174.94,174.94,174.94,174.94,102
2024-10-28T15:08:00+01:00,175,175.14,175,175.14,5
2024-10-28T15:08:30+01:00,175.16,175.16,175.16,175.16,7
2024-10-28T15:10:00+01:00,175.3,175.3,175.24,175.24,143
2024-10-28T15:10:30+01:00,175.24,175.24,175.16,175.16,149
2024-10-28T15:12:30+01:00,175.08,175.14,175.08,175.14,229
2024-10-28T15:13:00+01:00,175.26,175.26,175.16,175.16,46
2024-10-28T15:15:00+01:00,175.38,175.38,175.38,175.38,1
2024-10-28T15:16:00+01:00,175.2,175.2,175.16,175.16,180
2024-10-28T15:17:00+01:00,175.1,175.16,175.1,175.16,6
2024-10-28T15:18:30+01:00,175.1,175.1,175.1,175.1,53
2024-10-28T15:19:30+01:00,175.06,175.06,175.06,175.06,60
2024-10-28T15:24:30+01:00,175.02,175.02,175.02,175.02,15
2024-10-28T15:25:00+01:00,175.04,175.04,175.04,175.04,1
2024-10-28T15:27:00+01:00,175.16,175.16,175.16,175.16,35
2024-10-28T15:28:00+01:00,175.12,175.12,175.12,175.12,6
2024-10-28T15:28:30+01:00,175.14,175.14,175.14,175.14,50
2024-10-28T15:29:00+01:00,175.06,175.06,175.06,175.06,5
2024-10-28T15:31:00+01:00,175.28,175.28,175.28,175.28,1
2024-10-28T15:31:30+01:00,175.26,175.26,175.26,175.26,29
2024-10-28T15:32:00+01:00,175.24,175.26,175.24,175.24,78
2024-10-28T15:32:30+01:00,175.24,175.24,175.24,175.24,23
2024-10-28T15:33:00+01:00,175.24,175.24,175.24,175.24,32
2024-10-28T15:34:00+01:00,175.14,175.14,175.14,175.14,7
2024-10-28T15:35:00+01:00,175,175,175,175,1
2024-10-28T15:36:00+01:00,175.08,175.08,175.08,175.08,1
2024-10-28T15:37:00+01:00,174.96,175,174.96,175,107
2024-10-28T15:39:00+01:00,175.2,175.2,175.2,175.2,9
2024-10-28T15:40:30+01:00,175.28,175.28,175.26,175.26,8
2024-10-28T15:41:30+01:00,175.48,175.48,175.48,175.48,54
2024-10-28T15:42:00+01:00,175.48,175.48,175.46,175.46,9
2024-10-28T15:44:00+01:00,175.48,175.48,175.48,175.48,19
2024-10-28T15:45:30+01:00,175.36,175.36,175.34,175.34,6
2024-10-28T15:47:30+01:00,175.34,175.34,175.34,175.34,6
2024-10-28T15:49:00+01:00,175.3,175.3,175.3,175.3,30
2024-10-28T15:50:00+01:00,175.3,175.3,175.28,175.28,301
2024-10-28T15:50:30+01:00,175.22,175.22,175.18,175.18,16
2024-10-28T15:51:00+01:00,175.16,175.16,175.16,175.16,13
2024-10-28T15:53:30+01:00,175.3,175.3,175.3,175.3,20
2024-10-28T15:54:30+01:00,175.22,175.22,175.22,175.22,1
2024-10-28T15:55:30+01:00,175.24,175.24,175.24,175.24,1
2024-10-28T15:56:00+01:00,175.16,175.16,175.16,175.16,1
2024-10-28T15:57:00+01:00,175.18,175.18,175.18,175.18,17
2024-10-28T15:59:00+01:00,175.02,175.02,175.02,175.02,104
2024-10-28T16:00:30+01:00,174.96,174.96,174.78,174.78,605
2024-10-28T16:06:00+01:00,174.66,174.66,174.66,174.66,1
2024-10-28T16:06:30+01:00,174.68,174.68,174.68,174.68,1
2024-10-28T16:08:30+01:00,174.76,174.76,174.64,174.68,127
2024-10-28T16:10:00+01:00,174.74,174.74,174.72,174.72,13
2024-10-28T16:16:30+01:00,174.86,174.86,174.82,174.82,78
2024-10-28T16:19:30+01:00,174.96,174.96,174.9,174.9,217
2024-10-28T16:20:00+01:00,174.9,174.9,174.9,174.9,1
2024-10-28T16:23:00+01:00,175.1,175.1,175.1,175.1,9
2024-10-28T16:24:30+01:00,175.12,175.12,175.12,175.12,13
2024-10-28T16:26:30+01:00,175.1,175.1,175.1,175.1,1
2024-10-28T16:29:30+01:00,175.1,175.1,175.1,175.1,25
2024-10-28T16:30:00+01:00,175.14,175.14,175.14,175.14,4
2024-10-28T16:31:00+01:00,175.18,175.18,175.18,175.18,1
2024-10-28T16:31:30+01:00,175.14,175.16,175.14,175.16,50
2024-10-28T16:33:30+01:00,175.16,175.16,175.16,175.16,4
2024-10-28T16:34:30+01:00,175.04,175.04,175.04,175.04,6
2024-10-28T16:35:00+01:00,175.04,175.06,175.04,175.06,6
2024-10-28T16:39:00+01:00,175.12,175.12,175.12,175.12,12
2024-10-28T16:40:00+01:00,175.12,175.12,175.12,175.12,1
2024-10-28T16:42:00+01:00,175.2,175.2,175.2,175.2,4
2024-10-28T16:43:00+01:00,175.26,175.26,175.26,175.26,20
2024-10-28T16:43:30+01:00,175.24,175.24,175.2,175.2,110
2024-10-28T16:45:30+01:00,175.32,175.32,175.32,175.32,1
2024-10-28T16:51:00+01:00,175.4,175.4,175.34,175.34,10
2024-10-28T16:51:30+01:00,175.34,175.34,175.34,175.34,5
2024-10-28T16:52:00+01:00,175.26,175.26,175.26,175.26,42
2024-10-28T16:54:00+01:00,175.22,175.22,175.22,175.22,4
2024-10-28T16:56:00+01:00,175.24,175.24,175.2,175.2,50
2024-10-28T16:57:30+01:00,175.26,175.26,175.26,175.26,1
2024-10-28T16:58:30+01:00,175.08,175.08,175.04,175.04,143
2024-10-28T16:59:00+01:00,175.08,175.08,175.08,175.08,5
2024-10-28T17:00:00+01:00,175,175,175,175,17
2024-10-28T17:00:30+01:00,174.98,175,174.96,175,311
2024-10-28T17:02:00+01:00,174.78,174.78,174.78,174.78,4
2024-10-28T17:03:00+01:00,174.9,174.9,174.9,174.9,4
2024-10-28T17:05:00+01:00,174.96,174.96,174.96,174.96,1
2024-10-28T17:07:30+01:00,174.86,174.86,174.86,174.86,135
2024-10-28T17:10:30+01:00,174.94,175.06,174.94,175.06,901
2024-10-28T17:11:30+01:00,174.98,174.98,174.98,174.98,8
2024-10-28T17:13:00+01:00,174.94,174.94,174.94,174.94,2
2024-10-28T17:14:30+01:00,174.96,174.96,174.96,174.96,15
2024-10-28T17:15:00+01:00,174.98,174.98,174.98,174.98,45
2024-10-28T17:15:30+01:00,175.04,175.04,175.04,175.04,9
2024-10-28T17:16:00+01:00,175,175,175,175,53
2024-10-28T17:17:00+01:00,174.94,174.94,174.94,174.94,143
2024-10-28T17:20:00+01:00,174.98,175.04,174.96,175.04,157
2024-10-28T17:20:30+01:00,175.04,175.04,175.04,175.04,9
2024-10-28T17:21:00+01:00,175.08,175.1,175.08,175.1,21
2024-10-28T17:21:30+01:00,175.08,175.08,175.08,175.08,84
2024-10-28T17:23:00+01:00,175.1,175.1,175.1,175.1,10
2024-10-28T17:28:00+01:00,175.16,175.16,175.16,175.16,72
2024-10-28T17:29:00+01:00,175.14,175.14,175.14,175.14,30
2024-10-29T09:04:00+01:00,174.74,174.74,174.74,174.74,652
2024-10-29T09:08:00+01:00,174.5,174.5,174.5,174.5,100
2024-10-29T09:09:00+01:00,174.5,174.5,174.5,174.5,203
2024-10-29T09:11:00+01:00,174.5,174.5,174.28,174.28,952
2024-10-29T09:12:00+01:00,174.46,174.46,174.46,174.46,409
2024-10-29T09:19:00+01:00,174.5,174.5,174.32,174.32,68
2024-10-29T09:20:30+01:00,174.46,174.46,174.46,174.46,29
2024-10-29T09:27:30+01:00,174.22,174.22,174.22,174.22,10
2024-10-29T09:29:30+01:00,174.42,174.42,174.42,174.42,55
2024-10-29T09:30:00+01:00,174.42,174.42,174.42,174.42,307
2024-10-29T09:33:00+01:00,174.6,174.6,174.6,174.6,15
2024-10-29T09:35:00+01:00,174.58,174.58,174.58,174.58,30
2024-10-29T09:38:30+01:00,174.46,174.46,174.46,174.46,128
2024-10-29T09:39:00+01:00,174.4,174.4,174.4,174.4,870
2024-10-29T09:45:30+01:00,174.64,174.66,174.64,174.66,280
2024-10-29T09:48:30+01:00,174.6,174.6,174.6,174.6,28
2024-10-29T09:53:00+01:00,174.56,174.58,174.56,174.58,100
2024-10-29T09:56:00+01:00,174.52,174.52,174.52,174.52,137
2024-10-29T09:56:30+01:00,174.52,174.52,174.48,174.48,230
2024-10-29T09:58:30+01:00,174.46,174.46,174.46,174.46,2
2024-10-29T10:02:30+01:00,174.32,174.32,174.28,174.28,348
2024-10-29T10:03:00+01:00,174.28,174.28,174.26,174.26,80
2024-10-29T10:03:30+01:00,174.34,174.34,174.32,174.32,82
2024-10-29T10:04:00+01:00,174.36,174.36,174.36,174.36,13
2024-10-29T10:08:00+01:00,174.3,174.3,174.3,174.3,60
2024-10-29T10:08:30+01:00,174.34,174.34,174.34,174.34,20
2024-10-29T10:23:00+01:00,174.52,174.52,174.52,174.52,124
2024-10-29T10:31:30+01:00,174.38,174.38,174.36,174.36,40
2024-10-29T10:34:30+01:00,174.34,174.34,174.34,174.34,3
2024-10-29T10:40:30+01:00,174.36,174.36,174.32,174.32,284
2024-10-29T10:41:00+01:00,174.38,174.38,174.38,174.38,10
2024-10-29T10:44:30+01:00,174.32,174.32,174.32,174.32,29
2024-10-29T10:46:00+01:00,174.3,174.3,174.3,174.3,30
2024-10-29T10:50:00+01:00,174.4,174.4,174.4,174.4,64
2024-10-29T10:55:00+01:00,174.36,174.36,174.34,174.34,200
2024-10-29T10:58:00+01:00,174.32,174.32,174.32,174.32,6
2024-10-29T10:59:00+01:00,174.4,174.4,174.4,174.4,64
2024-10-29T11:00:00+01:00,174.4,174.4,174.4,174.4,2
2024-10-29T11:02:00+01:00,174.34,174.34,174.34,174.34,20
2024-10-29T11:12:30+01:00,174.34,174.34,174.28,174.28,300
2024-10-29T11:18:00+01:00,174.38,174.4,174.28,174.28,32
2024-10-29T11:24:30+01:00,174.46,174.48,174.46,174.48,60
2024-10-29T11:29:30+01:00,174.58,174.58,174.58,174.58,15
2024-10-29T11:34:30+01:00,174.7,174.7,174.7,174.7,40
2024-10-29T11:35:30+01:00,174.52,174.52,174.52,174.52,95
2024-10-29T11:44:00+01:00,174.56,174.56,174.56,174.56,2
2024-10-29T11:49:30+01:00,174.5,174.5,174.5,174.5,100
2024-10-29T11:52:30+01:00,174.5,174.5,174.48,174.48,160
2024-10-29T11:58:30+01:00,174.78,174.78,174.78,174.78,33
2024-10-29T12:00:00+01:00,174.6,174.6,174.6,174.6,1
2024-10-29T12:00:30+01:00,174.38,174.38,174.36,174.36,185
2024-10-29T12:01:00+01:00,174.24,174.24,174.24,174.24,19
2024-10-29T12:02:00+01:00,174.46,174.46,174.46,174.46,30
2024-10-29T12:03:00+01:00,174.3,174.3,174.3,174.3,52
2024-10-29T12:12:00+01:00,174.34,174.34,174.34,174.34,1
2024-10-29T12:12:30+01:00,174.44,174.44,174.44,174.44,10
2024-10-29T12:16:30+01:00,174.48,174.48,174.48,174.48,181
2024-10-29T12:17:30+01:00,174.58,174.58,174.58,174.58,15
2024-10-29T12:18:30+01:00,174.46,174.46,174.38,174.38,3
2024-10-29T12:21:30+01:00,174.38,174.38,174.38,174.38,40
2024-10-29T12:22:00+01:00,174.38,174.38,174.38,174.38,100
2024-10-29T12:22:30+01:00,174.36,174.36,174.36,174.36,37
2024-10-29T12:28:30+01:00,174.3,174.3,174.28,174.28,202
2024-10-29T12:30:00+01:00,174.16,174.16,174.16,174.16,21
2024-10-29T12:32:00+01:00,174.16,174.16,174.16,174.16,18
2024-10-29T12:35:00+01:00,174.12,174.12,174.08,174.08,100
2024-10-29T12:36:30+01:00,174.32,174.32,174.32,174.32,37
2024-10-29T12:42:00+01:00,174.28,174.28,174.28,174.28,63
2024-10-29T12:46:00+01:00,174.3,174.3,174.3,174.3,134
2024-10-29T12:49:00+01:00,174.32,174.32,174.32,174.32,184
2024-10-29T12:53:30+01:00,174.18,174.18,174.18,174.18,25
2024-10-29T13:01:00+01:00,174.22,174.22,174.2,174.2,20
2024-10-29T13:05:00+01:00,174.28,174.28,174.28,174.28,101
2024-10-29T13:07:00+01:00,174.18,174.18,174.16,174.16,439
2024-10-29T13:07:30+01:00,174.18,174.18,174.18,174.18,4
2024-10-29T13:13:00+01:00,174.1,174.12,174.1,174.12,97
2024-10-29T13:13:30+01:00,174.22,174.22,174.22,174.22,136
2024-10-29T13:17:00+01:00,174.36,174.36,174.36,174.36,1
2024-10-29T13:22:30+01:00,174.4,174.4,174.4,174.4,400
2024-10-29T13:23:30+01:00,174.4,174.4,174.4,174.4,200
2024-10-29T13:24:00+01:00,174.4,174.4,174.4,174.4,700
2024-10-29T13:24:30+01:00,174.42,174.42,174.42,174.42,181
2024-10-29T13:25:00+01:00,174.4,174.4,174.36,174.38,791
2024-10-29T13:26:30+01:00,174.3,174.3,174.3,174.3,34
2024-10-29T13:27:00+01:00,174.32,174.32,174.32,174.32,60
2024-10-29T13:27:30+01:00,174.34,174.34,174.34,174.34,35
2024-10-29T13:31:00+01:00,174.58,174.58,174.48,174.48,272
2024-10-29T13:31:30+01:00,174.64,174.64,174.64,174.64,58
2024-10-29T13:34:30+01:00,174.58,174.58,174.58,174.58,27
2024-10-29T13:36:30+01:00,174.56,174.56,174.56,174.56,179
2024-10-29T13:42:30+01:00,174.68,174.74,174.68,174.74,362
2024-10-29T13:45:00+01:00,174.82,174.82,174.82,174.82,62
2024-10-29T13:58:00+01:00,174.58,174.58,174.56,174.56,41
2024-10-29T14:06:30+01:00,175,175,175,175,111
2024-10-29T14:08:00+01:00,174.98,174.98,174.98,174.98,29
2024-10-29T14:11:00+01:00,175.06,175.06,175.06,175.06,170
2024-10-29T14:13:30+01:00,175,175,175,175,3
2024-10-29T14:16:00+01:00,174.86,174.86,174.86,174.86,16
2024-10-29T14:17:30+01:00,175.02,175.02,175.02,175.02,23
2024-10-29T14:18:00+01:00,174.98,174.98,174.98,174.98,10
2024-10-29T14:19:00+01:00,174.96,174.96,174.96,174.96,18
2024-10-29T14:21:30+01:00,174.74,174.74,174.74,174.74,181
2024-10-29T14:22:30+01:00,174.88,174.88,174.88,174.88,20
2024-10-29T14:24:00+01:00,174.94,174.94,174.94,174.94,7
2024-10-29T14:25:00+01:00,174.76,174.76,174.74,174.74,134
2024-10-29T14:27:30+01:00,174.88,174.88,174.88,174.88,120
2024-10-29T14:28:00+01:00,175.2,175.22,175.2,175.22,95
2024-10-29T14:30:00+01:00,174.88,175.04,174.88,175.04,41
2024-10-29T14:30:30+01:00,175,175,175,175,1
2024-10-29T14:31:00+01:00,175,175,175,175,50
2024-10-29T14:32:00+01:00,174.92,174.92,174.92,174.92,7
2024-10-29T14:32:30+01:00,174.82,174.82,174.6,174.6,23
2024-10-29T14:36:30+01:00,174.46,174.46,174.46,174.46,150
2024-10-29T14:42:00+01:00,174.72,174.72,174.72,174.72,3
2024-10-29T14:42:30+01:00,174.8,174.8,174.74,174.74,29
2024-10-29T14:43:00+01:00,174.82,174.82,174.82,174.82,222
2024-10-29T14:45:00+01:00,175.14,175.14,175.14,175.14,20
2024-10-29T14:46:30+01:00,174.88,174.88,174.88,174.88,60
2024-10-29T14:48:30+01:00,174.58,174.58,174.58,174.58,2
2024-10-29T14:50:30+01:00,174.4,174.4,174.38,174.38,33
2024-10-29T14:52:00+01:00,174.2,174.2,174.2,174.2,35
2024-10-29T14:53:30+01:00,174.42,174.42,174.42,174.42,397
2024-10-29T14:55:00+01:00,174.58,174.58,174.58,174.58,8
2024-10-29T14:57:00+01:00,174.62,174.62,174.62,174.62,52
2024-10-29T15:00:00+01:00,174.54,174.54,174.54,174.54,101
2024-10-29T15:02:30+01:00,174.5,174.56,174.5,174.56,173
2024-10-29T15:03:00+01:00,174.42,174.42,174.42,174.42,10
2024-10-29T15:04:00+01:00,174.54,174.54,174.48,174.48,8
2024-10-29T15:05:00+01:00,174.44,174.44,174.44,174.44,40
2024-10-29T15:08:00+01:00,174.84,174.84,174.8,174.8,101
2024-10-29T15:09:30+01:00,174.66,174.66,174.66,174.66,152
2024-10-29T15:24:00+01:00,174.98,174.98,174.98,174.98,10
2024-10-29T15:26:30+01:00,174.84,174.84,174.84,174.84,25
2024-10-29T15:27:00+01:00,174.82,174.82,174.68,174.68,346
2024-10-29T15:28:00+01:00,174.48,174.48,174.48,174.48,1
2024-10-29T15:29:30+01:00,174.34,174.34,174.34,174.34,40
2024-10-29T15:32:00+01:00,174.68,174.68,174.68,174.68,3
2024-10-29T15:35:30+01:00,174.72,174.72,174.72,174.72,4
2024-10-29T15:36:30+01:00,174.68,174.68,174.68,174.68,2
2024-10-29T15:39:00+01:00,174.76,174.76,174.76,174.76,26
2024-10-29T15:41:00+01:00,174.78,174.78,174.78,174.78,3
2024-10-29T15:43:30+01:00,174.92,174.92,174.92,174.92,5
2024-10-29T15:44:00+01:00,174.86,174.86,174.86,174.86,2
2024-10-29T15:44:30+01:00,174.86,174.86,174.86,174.86,150
2024-10-29T15:46:30+01:00,174.88,174.88,174.88,174.88,1
2024-10-29T15:49:30+01:00,174.7,174.7,174.7,174.7,10
2024-10-29T15:52:30+01:00,174.9,174.9,174.9,174.9,10
2024-10-29T15:53:00+01:00,175,175,175,175,50
2024-10-29T15:53:30+01:00,175.04,175.04,175.04,175.04,2
2024-10-29T15:54:30+01:00,175.04,175.04,175.04,175.04,5
2024-10-29T15:55:30+01:00,175.12,175.12,175.12,175.12,12
2024-10-29T15:58:00+01:00,175.18,175.18,175.18,175.18,11
2024-10-29T16:00:30+01:00,175.3,175.3,175.3,175.3,26
2024-10-29T16:02:30+01:00,175.22,175.22,175.22,175.22,52
2024-10-29T16:04:00+01:00,175.3,175.3,175.3,175.3,20
2024-10-29T16:05:30+01:00,175.46,175.46,175.46,175.46,3
2024-10-29T16:06:30+01:00,175.42,175.42,175.4,175.4,353
2024-10-29T16:09:00+01:00,175.44,175.44,175.4,175.4,6
2024-10-29T16:12:00+01:00,175.6,175.6,175.6,175.6,581
2024-10-29T16:12:30+01:00,175.6,175.6,175.6,175.6,35
2024-10-29T16:13:00+01:00,175.64,175.64,175.64,175.64,30
2024-10-29T16:16:00+01:00,175.86,175.88,175.86,175.88,50
2024-10-29T16:16:30+01:00,175.82,175.82,175.82,175.82,250
2024-10-29T16:19:00+01:00,175.8,175.8,175.8,175.8,3
2024-10-29T16:20:00+01:00,175.76,175.76,175.76,175.76,1
2024-10-29T16:22:00+01:00,175.68,175.68,175.68,175.68,15
2024-10-29T16:24:30+01:00,175.74,175.74,175.74,175.74,4
2024-10-29T16:26:30+01:00,175.78,175.78,175.78,175.78,16
2024-10-29T16:28:00+01:00,175.72,175.72,175.7,175.7,2
2024-10-29T16:31:30+01:00,175.76,175.76,175.76,175.76,2
2024-10-29T16:34:30+01:00,175.78,175.78,175.76,175.76,155
2024-10-29T16:35:00+01:00,175.74,175.78,175.74,175.78,60
2024-10-29T16:35:30+01:00,175.78,175.78,175.78,175.78,225
2024-10-29T16:37:30+01:00,175.82,175.82,175.82,175.82,12
2024-10-29T16:40:30+01:00,175.76,175.76,175.76,175.76,346
2024-10-29T16:42:00+01:00,175.8,175.8,175.78,175.78,31
2024-10-29T16:43:30+01:00,175.74,175.74,175.74,175.74,100
2024-10-29T16:45:30+01:00,175.76,175.76,175.74,175.74,260
2024-10-29T16:48:00+01:00,175.76,175.76,175.7,175.76,79
2024-10-29T16:50:30+01:00,175.72,175.72,175.7,175.7,7
2024-10-29T16:52:30+01:00,175.66,175.66,175.58,175.58,12
2024-10-29T16:57:30+01:00,175.8,175.8,175.8,175.8,104
2024-10-29T17:00:00+01:00,175.74,175.74,175.74,175.74,2
2024-10-29T17:02:30+01:00,175.74,175.74,175.74,175.74,35
2024-10-29T17:06:00+01:00,175.6,175.6,175.6,175.6,1
2024-10-29T17:07:30+01:00,175.44,175.44,175.44,175.44,600
2024-10-29T17:09:30+01:00,175.46,175.46,175.46,175.46,3
2024-10-29T17:21:00+01:00,175.6,175.6,175.6,175.6,78
2024-10-29T17:22:30+01:00,175.7,175.7,175.7,175.7,18
2024-10-29T17:24:30+01:00,175.7,175.7,175.7,175.7,1
2024-10-29T17:25:00+01:00,175.66,175.66,175.66,175.66,17
2024-10-29T17:26:30+01:00,175.64,175.64,175.64,175.64,28
2024-10-29T17:27:30+01:00,175.52,175.52,175.52,175.52,1
2024-10-29T17:28:30+01:00,175.48,175.48,175.44,175.44,8
2024-10-30T09:06:00+01:00,179.18,179.28,179.18,179.28,6799
2024-10-30T09:06:30+01:00,179.34,179.5,179.28,179.5,216
2024-10-30T09:07:00+01:00,179.28,179.28,179.22,179.22,700
2024-10-30T09:07:30+01:00,179.46,179.46,179.46,179.46,20
2024-10-30T09:08:00+01:00,179.26,179.26,179.26,179.26,15
2024-10-30T09:09:30+01:00,178.78,178.78,178.7,178.72,391
2024-10-30T09:10:00+01:00,178.74,178.74,178.74,178.74,3
2024-10-30T09:11:00+01:00,178.86,178.86,178.86,178.86,4
2024-10-30T09:12:00+01:00,178.92,178.92,178.92,178.92,27
2024-10-30T09:14:30+01:00,178.7,178.7,178.7,178.7,130
2024-10-30T09:15:30+01:00,178.62,178.7,178.62,178.64,807
2024-10-30T09:16:00+01:00,178.66,178.7,178.66,178.7,302
2024-10-30T09:16:30+01:00,178.7,178.76,178.66,178.76,132
2024-10-30T09:17:00+01:00,178.76,178.76,178.68,178.76,417
2024-10-30T09:17:30+01:00,178.82,178.82,178.74,178.74,300
2024-10-30T09:18:00+01:00,178.76,178.76,178.76,178.76,98
2024-10-30T09:19:00+01:00,178.74,178.88,178.74,178.76,327
2024-10-30T09:19:30+01:00,178.72,178.72,178.72,178.72,200
2024-10-30T09:20:30+01:00,178.94,178.94,178.94,178.94,135
2024-10-30T09:21:00+01:00,178.86,179,178.86,179,306
2024-10-30T09:21:30+01:00,179,179,178.98,178.98,200
2024-10-30T09:22:30+01:00,179.06,179.2,179.06,179.2,310
2024-10-30T09:24:30+01:00,179.1,179.1,179.1,179.1,70
2024-10-30T09:26:00+01:00,179.14,179.16,179.14,179.16,275
2024-10-30T09:26:30+01:00,179.1,179.14,179.1,179.14,102
2024-10-30T09:27:00+01:00,179.14,179.16,179.1,179.16,1025
2024-10-30T09:27:30+01:00,178.96,178.96,178.92,178.92,318
2024-10-30T09:28:00+01:00,178.9,178.9,178.9,178.9,100
2024-10-30T09:28:30+01:00,179.02,179.02,179,179,158
2024-10-30T09:29:00+01:00,178.96,178.96,178.96,178.96,65
2024-10-30T09:33:00+01:00,179.06,179.06,179.06,179.06,102
2024-10-30T09:36:00+01:00,178.88,178.88,178.88,178.88,4
2024-10-30T09:37:30+01:00,178.92,178.92,178.92,178.92,1
2024-10-30T09:39:00+01:00,178.86,178.86,178.86,178.86,100
2024-10-30T09:39:30+01:00,178.84,178.84,178.84,178.84,4
2024-10-30T09:40:00+01:00,178.82,178.82,178.78,178.82,206
2024-10-30T09:40:30+01:00,178.82,178.92,178.82,178.92,90
2024-10-30T09:41:30+01:00,179,179,179,179,58
2024-10-30T09:42:30+01:00,178.88,178.88,178.88,178.88,60
2024-10-30T09:43:30+01:00,178.82,178.84,178.82,178.84,93
2024-10-30T09:46:00+01:00,178.78,178.78,178.78,178.78,48
2024-10-30T09:48:00+01:00,178.82,178.82,178.8,178.8,70
2024-10-30T09:49:00+01:00,178.84,178.84,178.84,178.84,20
2024-10-30T09:52:00+01:00,178.98,179,178.98,179,120
2024-10-30T09:56:30+01:00,179,179,179,179,223
2024-10-30T09:58:30+01:00,179.04,179.04,179.04,179.04,15
2024-10-30T09:59:00+01:00,179.2,179.2,179.2,179.2,501
2024-10-30T10:00:00+01:00,179.12,179.12,178.9,178.9,424
2024-10-30T10:02:00+01:00,178.98,178.98,178.98,178.98,16
2024-10-30T10:02:30+01:00,179,179,179,179,62
2024-10-30T10:04:00+01:00,178.86,178.94,178.8,178.94,50
2024-10-30T10:04:30+01:00,178.92,178.98,178.92,178.98,250
2024-10-30T10:06:00+01:00,178.98,179.04,178.98,179.04,150
2024-10-30T10:08:30+01:00,179,179,178.9,178.9,153
2024-10-30T10:10:30+01:00,179.04,179.06,179.04,179.06,272
2024-10-30T10:11:30+01:00,179.16,179.16,179.1,179.1,35
2024-10-30T10:13:00+01:00,179.08,179.08,179.04,179.04,40
2024-10-30T10:13:30+01:00,179.18,179.18,179.18,179.18,4
2024-10-30T10:14:00+01:00,179.18,179.18,179.18,179.18,120
2024-10-30T10:15:00+01:00,179.28,179.28,179.26,179.26,6
2024-10-30T10:16:00+01:00,179.26,179.26,179.26,179.26,15
2024-10-30T10:19:00+01:00,179.34,179.36,179.34,179.36,60
2024-10-30T10:22:00+01:00,179.4,179.42,179.4,179.42,27
2024-10-30T10:23:30+01:00,179.48,179.5,179.48,179.5,372
2024-10-30T10:24:00+01:00,179.44,179.44,179.44,179.44,50
2024-10-30T10:26:00+01:00,179.58,179.6,179.58,179.6,582
2024-10-30T10:28:30+01:00,179.58,179.58,179.58,179.58,1
2024-10-30T10:29:30+01:00,179.44,179.44,179.44,179.44,20
2024-10-30T10:30:00+01:00,179.56,179.56,179.56,179.56,80
2024-10-30T10:31:00+01:00,179.5,179.5,179.5,179.5,200
2024-10-30T10:32:30+01:00,179.5,179.5,179.5,179.5,50
2024-10-30T10:36:00+01:00,179.58,179.58,179.56,179.58,98
2024-10-30T10:40:00+01:00,179.5,179.5,179.5,179.5,36
2024-10-30T10:42:30+01:00,179.54,179.54,179.54,179.54,10
2024-10-30T10:43:30+01:00,179.5,179.5,179.5,179.5,100
2024-10-30T10:44:00+01:00,179.6,179.6,179.58,179.58,20
2024-10-30T10:44:30+01:00,179.6,179.7,179.48,179.7,110
2024-10-30T10:45:30+01:00,179.64,179.7,179.64,179.7,599
2024-10-30T10:47:00+01:00,179.82,179.82,179.82,179.82,22
2024-10-30T10:48:00+01:00,179.68,179.68,179.68,179.68,130
2024-10-30T10:51:00+01:00,179.64,179.64,179.64,179.64,60
2024-10-30T10:52:00+01:00,179.64,179.64,179.64,179.64,168
2024-10-30T10:52:30+01:00,179.68,179.7,179.68,179.7,27
2024-10-30T10:53:30+01:00,179.68,179.68,179.68,179.68,20
2024-10-30T10:56:30+01:00,179.52,179.52,179.46,179.46,2
2024-10-30T10:57:30+01:00,179.48,179.48,179.48,179.48,67
2024-10-30T11:00:00+01:00,179.4,179.4,179.4,179.4,170
2024-10-30T11:02:00+01:00,179.44,179.44,179.44,179.44,3
2024-10-30T11:03:30+01:00,179.44,179.44,179.44,179.44,11
2024-10-30T11:04:30+01:00,179.4,179.4,179.4,179.4,30
2024-10-30T11:06:00+01:00,179.48,179.48,179.48,179.48,3
2024-10-30T11:10:00+01:00,179.5,179.5,179.5,179.5,120
2024-10-30T11:10:30+01:00,179.52,179.6,179.52,179.6,25
2024-10-30T11:11:30+01:00,179.6,179.64,179.6,179.64,100
2024-10-30T11:12:00+01:00,179.62,179.62,179.62,179.62,130
2024-10-30T11:13:00+01:00,179.54,179.54,179.54,179.54,15
2024-10-30T11:13:30+01:00,179.52,179.52,179.52,179.52,60
2024-10-30T11:16:30+01:00,179.58,179.58,179.58,179.58,4
2024-10-30T11:20:00+01:00,179.66,179.66,179.66,179.66,45
2024-10-30T11:22:30+01:00,179.7,179.74,179.7,179.74,462
2024-10-30T11:24:30+01:00,179.78,179.78,179.78,179.78,1
2024-10-30T11:25:30+01:00,179.72,179.72,179.72,179.72,5
2024-10-30T11:27:30+01:00,179.78,179.78,179.78,179.78,304
2024-10-30T11:28:30+01:00,179.86,179.86,179.86,179.86,3
2024-10-30T11:32:30+01:00,179.9,179.9,179.9,179.9,10
2024-10-30T11:33:00+01:00,179.8,179.8,179.78,179.78,63
2024-10-30T11:35:30+01:00,179.72,179.72,179.56,179.56,224
2024-10-30T11:36:00+01:00,179.54,179.54,179.54,179.54,1
2024-10-30T11:41:00+01:00,179.56,179.56,179.56,179.56,7
2024-10-30T11:45:30+01:00,179.62,179.7,179.58,179.7,166
2024-10-30T11:47:30+01:00,179.64,179.74,179.64,179.74,69
2024-10-30T11:48:00+01:00,179.66,179.66,179.6,179.62,362
2024-10-30T11:52:00+01:00,179.54,179.54,179.5,179.5,47
2024-10-30T11:52:30+01:00,179.5,179.58,179.48,179.48,125
2024-10-30T11:54:00+01:00,179.64,179.66,179.64,179.66,121
2024-10-30T11:54:30+01:00,179.56,179.56,179.56,179.56,100
2024-10-30T11:59:30+01:00,179.64,179.64,179.64,179.64,1
2024-10-30T12:00:00+01:00,179.6,179.66,179.6,179.66,386
2024-10-30T12:01:00+01:00,179.44,179.48,179.44,179.48,279
2024-10-30T12:03:30+01:00,179.42,179.56,179.42,179.56,328
2024-10-30T12:04:30+01:00,179.48,179.48,179.48,179.48,5
2024-10-30T12:05:30+01:00,179.38,179.38,179.36,179.36,92
2024-10-30T12:06:30+01:00,179.68,179.68,179.68,179.68,150
2024-10-30T12:07:30+01:00,179.68,179.68,179.68,179.68,308
2024-10-30T12:11:30+01:00,179.82,179.82,179.82,179.82,10
2024-10-30T12:12:00+01:00,179.88,179.88,179.88,179.88,118
2024-10-30T12:14:30+01:00,179.9,179.9,179.9,179.9,90
2024-10-30T12:15:00+01:00,179.94,179.94,179.9,179.9,28
2024-10-30T12:16:00+01:00,179.94,179.94,179.94,179.94,1
2024-10-30T12:16:30+01:00,179.96,179.98,179.96,179.98,287
2024-10-30T12:17:30+01:00,179.94,179.94,179.94,179.94,65
2024-10-30T12:19:30+01:00,180,180,180,180,50
2024-10-30T12:20:00+01:00,179.98,179.98,179.98,179.98,90
2024-10-30T12:21:00+01:00,179.94,179.94,179.94,179.94,20
2024-10-30T12:22:30+01:00,180,180,180,180,2831
2024-10-30T12:23:00+01:00,180.1,180.1,180.1,180.1,10
2024-10-30T12:24:00+01:00,180.04,180.04,179.98,179.98,208
2024-10-30T12:24:30+01:00,179.92,179.92,179.9,179.9,350
2024-10-30T12:25:00+01:00,179.98,180,179.98,180,352
2024-10-30T12:25:30+01:00,180,180,179.98,179.98,340
2024-10-30T12:27:30+01:00,179.98,180,179.98,180,59
2024-10-30T12:28:00+01:00,180.04,180.04,180.04,180.04,168
2024-10-30T12:28:30+01:00,179.96,179.96,179.96,179.96,2
2024-10-30T12:31:00+01:00,179.84,179.84,179.84,179.84,50
2024-10-30T12:31:30+01:00,179.82,179.82,179.82,179.82,8
2024-10-30T12:32:30+01:00,179.7,179.7,179.7,179.7,8
2024-10-30T12:33:30+01:00,179.78,179.78,179.78,179.78,16
2024-10-30T12:35:00+01:00,179.76,179.76,179.72,179.72,142
2024-10-30T12:35:30+01:00,179.76,179.78,179.76,179.78,88
2024-10-30T12:36:30+01:00,179.84,179.84,179.84,179.84,167
2024-10-30T12:37:00+01:00,179.84,179.88,179.84,179.88,486
2024-10-30T12:38:00+01:00,179.98,179.98,179.98,179.98,247
2024-10-30T12:39:00+01:00,180.08,180.08,180.08,180.08,30
2024-10-30T12:39:30+01:00,180.08,180.08,180.08,180.08,100
2024-10-30T12:40:00+01:00,180.08,180.12,180.08,180.12,176
2024-10-30T12:43:00+01:00,180.08,180.08,180.04,180.04,76
2024-10-30T12:43:30+01:00,180.06,180.12,180.06,180.12,290
2024-10-30T12:45:00+01:00,180.02,180.1,180.02,180.1,102
2024-10-30T12:45:30+01:00,180.02,180.02,180.02,180.02,275
2024-10-30T12:46:00+01:00,180.02,180.08,180.02,180.08,197
2024-10-30T12:46:30+01:00,180.02,180.02,180.02,180.02,65
2024-10-30T12:49:30+01:00,179.84,179.84,179.84,179.84,300
2024-10-30T12:50:00+01:00,179.8,179.8,179.72,179.78,793
2024-10-30T12:50:30+01:00,179.82,179.84,179.82,179.84,233
2024-10-30T12:57:00+01:00,179.88,179.88,179.88,179.88,65
2024-10-30T12:59:30+01:00,180.04,180.04,180.04,180.04,16
2024-10-30T13:00:00+01:00,180.12,180.12,180.12,180.12,50
2024-10-30T13:01:00+01:00,180.02,180.02,180.02,180.02,300
2024-10-30T13:02:30+01:00,180.08,180.08,180.08,180.08,65
2024-10-30T13:06:30+01:00,180.08,180.08,180.08,180.08,300
2024-10-30T13:07:30+01:00,180.06,180.06,180.06,180.06,1
2024-10-30T13:08:30+01:00,180.06,180.06,180.06,180.06,2
2024-10-30T13:09:00+01:00,180.08,180.08,180.08,180.08,10
2024-10-30T13:10:30+01:00,180.1,180.1,180.1,180.1,130
2024-10-30T13:11:00+01:00,180.2,180.2,180.2,180.2,10
2024-10-30T13:12:00+01:00,180.26,180.26,180.2,180.2,68
2024-10-30T13:13:00+01:00,180.3,180.3,180.3,180.3,150
2024-10-30T13:13:30+01:00,180.26,180.26,180.26,180.26,1
2024-10-30T13:14:30+01:00,180.28,180.28,180.28,180.28,300
2024-10-30T13:17:00+01:00,180.44,180.44,180.44,180.44,62
2024-10-30T13:18:00+01:00,180.4,180.4,180.4,180.4,100
2024-10-30T13:18:30+01:00,180.38,180.38,180.38,180.38,36
2024-10-30T13:20:00+01:00,180.4,180.4,180.4,180.4,300
2024-10-30T13:26:30+01:00,180.34,180.34,180.22,180.22,23
2024-10-30T13:28:00+01:00,180.3,180.3,180.3,180.3,9
2024-10-30T13:30:00+01:00,180.2,180.2,180.2,180.2,27
2024-10-30T13:31:00+01:00,180.22,180.22,180.22,180.22,1
2024-10-30T13:37:30+01:00,180.2,180.2,180.2,180.2,2
2024-10-30T13:38:30+01:00,180.18,180.18,180.18,180.18,101
2024-10-30T13:39:00+01:00,180.18,180.18,180.18,180.18,8
2024-10-30T13:48:00+01:00,180.28,180.3,180.28,180.3,55
2024-10-30T13:49:00+01:00,180.26,180.26,180.26,180.26,2
2024-10-30T13:49:30+01:00,180.08,180.08,180.04,180.04,135
2024-10-30T13:50:00+01:00,180.04,180.04,180.04,180.04,50
2024-10-30T13:53:00+01:00,180.12,180.12,180.12,180.12,70
2024-10-30T13:53:30+01:00,180.04,180.04,180.02,180.02,715
2024-10-30T13:56:30+01:00,180.16,180.16,180.06,180.06,115
2024-10-30T14:00:00+01:00,180.02,180.02,180,180,31
2024-10-30T14:00:30+01:00,179.92,179.98,179.92,179.98,80
2024-10-30T14:01:30+01:00,179.92,179.94,179.92,179.94,130
2024-10-30T14:03:00+01:00,179.84,179.84,179.84,179.84,20
2024-10-30T14:05:30+01:00,180,180,180,180,65
2024-10-30T14:06:00+01:00,180.06,180.06,180.06,180.06,18
2024-10-30T14:07:30+01:00,179.88,179.88,179.88,179.88,9
2024-10-30T14:09:30+01:00,180.1,180.16,180.1,180.16,118
2024-10-30T14:10:00+01:00,180.2,180.2,180.2,180.2,255
2024-10-30T14:11:30+01:00,180.22,180.24,180.22,180.24,97
2024-10-30T14:13:00+01:00,180.22,180.22,180.2,180.22,35
2024-10-30T14:18:30+01:00,180.04,180.04,180.04,180.04,1
2024-10-30T14:21:30+01:00,179.9,179.9,179.9,179.9,12
2024-10-30T14:22:00+01:00,179.9,179.9,179.86,179.86,100
2024-10-30T14:23:30+01:00,179.86,179.86,179.86,179.86,50
2024-10-30T14:24:30+01:00,179.88,179.88,179.88,179.88,43
2024-10-30T14:25:00+01:00,179.82,179.82,179.82,179.82,11
2024-10-30T14:25:30+01:00,179.9,179.9,179.9,179.9,100
2024-10-30T14:26:30+01:00,179.88,179.88,179.88,179.88,65
2024-10-30T14:28:00+01:00,179.82,179.82,179.82,179.82,40
2024-10-30T14:28:30+01:00,179.9,179.92,179.9,179.92,138
2024-10-30T14:29:00+01:00,179.88,179.88,179.88,179.88,140
2024-10-30T14:30:00+01:00,179.98,180,179.98,180,117
2024-10-30T14:31:00+01:00,180.04,180.08,180.04,180.08,199
2024-10-30T14:31:30+01:00,180.14,180.14,179.86,179.86,136
2024-10-30T14:32:00+01:00,179.9,180.1,179.9,180.1,695
2024-10-30T14:33:30+01:00,180.38,180.5,180.38,180.5,312
2024-10-30T14:34:00+01:00,180.68,180.68,180.48,180.48,364
2024-10-30T14:34:30+01:00,180.1,180.1,179.98,179.98,4
2024-10-30T14:35:00+01:00,179.96,179.96,179.96,179.96,263
2024-10-30T14:35:30+01:00,180.04,180.1,180.04,180.1,31
2024-10-30T14:37:00+01:00,179.94,179.94,179.94,179.94,9
2024-10-30T14:38:30+01:00,179.78,179.78,179.78,179.78,40
2024-10-30T14:39:00+01:00,179.8,179.8,179.8,179.8,240
2024-10-30T14:39:30+01:00,179.66,179.66,179.66,179.66,3
2024-10-30T14:40:00+01:00,179.9,179.9,179.9,179.9,1
2024-10-30T14:40:30+01:00,179.7,179.7,179.3,179.3,154
2024-10-30T14:41:00+01:00,179.02,179.02,178.98,178.98,207
2024-10-30T14:41:30+01:00,178.8,178.8,178.8,178.8,12
2024-10-30T14:42:00+01:00,178.7,178.7,178.7,178.7,7
2024-10-30T14:42:30+01:00,178.32,178.4,178.32,178.38,815
2024-10-30T14:43:00+01:00,178.4,178.4,178.4,178.4,1
2024-10-30T14:43:30+01:00,178.36,178.36,178.36,178.36,65
2024-10-30T14:45:30+01:00,178.7,178.86,178.7,178.86,67
2024-10-30T14:47:30+01:00,178.46,178.52,178.46,178.52,500
2024-10-30T14:48:00+01:00,178.46,178.46,178.46,178.46,20
2024-10-30T14:48:30+01:00,178.38,178.38,178.38,178.38,8
2024-10-30T14:49:00+01:00,178.44,178.44,178.44,178.44,50
2024-10-30T14:49:30+01:00,178.4,178.4,178.4,178.4,149
2024-10-30T14:50:30+01:00,178.4,178.4,178.4,178.4,20
2024-10-30T14:52:30+01:00,178.54,178.54,178.5,178.5,113
2024-10-30T14:53:00+01:00,178.3,178.36,178.2,178.2,647
2024-10-30T14:54:30+01:00,178.1,178.1,178.1,178.1,4
2024-10-30T14:55:30+01:00,178.48,178.48,178.48,178.48,20
2024-10-30T14:57:00+01:00,178.16,178.16,178.16,178.16,3
2024-10-30T14:57:30+01:00,178.14,178.14,178.14,178.14,140
2024-10-30T14:58:30+01:00,178,178,177.96,177.96,535
2024-10-30T14:59:30+01:00,177.98,177.98,177.92,177.92,93
2024-10-30T15:01:00+01:00,178.14,178.14,178.14,178.14,90
2024-10-30T15:01:30+01:00,177.9,177.9,177.9,177.9,16
2024-10-30T15:02:00+01:00,177.78,177.78,177.78,177.78,3
2024-10-30T15:02:30+01:00,177.92,177.92,177.92,177.92,19
2024-10-30T15:03:00+01:00,177.9,177.9,177.9,177.9,6
2024-10-30T15:03:30+01:00,177.86,177.86,177.86,177.86,16
2024-10-30T15:05:00+01:00,177.96,177.96,177.86,177.86,47
2024-10-30T15:05:30+01:00,177.7,177.7,177.7,177.7,3
2024-10-30T15:06:00+01:00,178,178,178,178,30
2024-10-30T15:06:30+01:00,178.06,178.16,178.04,178.04,866
2024-10-30T15:08:00+01:00,178.04,178.04,178.04,178.04,1
2024-10-30T15:08:30+01:00,178,178,178,178,40
2024-10-30T15:10:00+01:00,178.16,178.16,178.16,178.16,24
2024-10-30T15:11:00+01:00,178.2,178.2,178.06,178.06,53
2024-10-30T15:16:30+01:00,178.24,178.26,178.22,178.26,20
2024-10-30T15:17:30+01:00,178.3,178.3,178.3,178.3,1
2024-10-30T15:21:00+01:00,178.46,178.46,178.46,178.46,50
2024-10-30T15:21:30+01:00,178.54,178.54,178.52,178.52,169
2024-10-30T15:22:30+01:00,178.5,178.62,178.5,178.62,39
2024-10-30T15:24:30+01:00,178.72,178.72,178.72,178.72,13
2024-10-30T15:27:30+01:00,178.72,178.72,178.72,178.72,125
2024-10-30T15:28:30+01:00,178.66,178.66,178.66,178.66,2
2024-10-30T15:29:00+01:00,178.72,178.72,178.68,178.68,10
2024-10-30T15:30:00+01:00,178.72,178.74,178.72,178.74,30
2024-10-30T15:30:30+01:00,178.74,178.74,178.74,178.74,23
2024-10-30T15:31:30+01:00,178.88,178.88,178.88,178.88,70
2024-10-30T15:32:30+01:00,178.88,178.88,178.88,178.88,3
2024-10-30T15:33:00+01:00,179,179,179,179,6
2024-10-30T15:33:30+01:00,178.94,178.94,178.94,178.94,3
2024-10-30T15:39:30+01:00,178.82,178.86,178.82,178.86,22
2024-10-30T15:40:30+01:00,178.88,178.9,178.82,178.82,44
2024-10-30T15:41:00+01:00,178.82,178.82,178.82,178.82,6
2024-10-30T15:41:30+01:00,178.94,178.96,178.94,178.96,21
2024-10-30T15:44:30+01:00,178.82,178.82,178.82,178.82,1
2024-10-30T15:45:00+01:00,178.84,178.88,178.84,178.88,15
2024-10-30T15:45:30+01:00,178.7,178.7,178.7,178.7,1
2024-10-30T15:46:00+01:00,178.68,178.68,178.68,178.68,1
2024-10-30T15:47:30+01:00,178.5,178.52,178.46,178.46,644
2024-10-30T15:51:00+01:00,178.12,178.12,178.12,178.12,3
2024-10-30T15:52:00+01:00,178.22,178.22,178.16,178.16,69
2024-10-30T15:56:00+01:00,178.1,178.1,178.1,178.1,9
2024-10-30T15:57:30+01:00,178.3,178.3,178.3,178.3,1
2024-10-30T16:00:00+01:00,178.32,178.32,178.32,178.32,1
2024-10-30T16:03:30+01:00,178.24,178.24,178.24,178.24,3
2024-10-30T16:05:30+01:00,178.3,178.3,178.3,178.3,12
2024-10-30T16:06:00+01:00,178.38,178.38,178.38,178.38,3
2024-10-30T16:07:30+01:00,178.34,178.34,178.34,178.34,10
2024-10-30T16:08:00+01:00,178.4,178.42,178.4,178.42,716
2024-10-30T16:10:00+01:00,178.26,178.26,178.22,178.22,20
2024-10-30T16:10:30+01:00,178.22,178.22,178.22,178.22,1
2024-10-30T16:14:30+01:00,178.06,178.06,178.06,178.06,2
2024-10-30T16:15:00+01:00,178.06,178.06,178.02,178.04,143
2024-10-30T16:15:30+01:00,177.96,177.96,177.96,177.96,39
2024-10-30T16:17:00+01:00,178.12,178.12,178.12,178.12,5
2024-10-30T16:18:00+01:00,178.3,178.3,178.3,178.3,2
2024-10-30T16:20:00+01:00,178.44,178.44,178.44,178.44,1
2024-10-30T16:21:30+01:00,178.36,178.36,178.36,178.36,300
2024-10-30T16:22:00+01:00,178.42,178.42,178.42,178.42,7
2024-10-30T16:22:30+01:00,178.42,178.42,178.42,178.42,9
2024-10-30T16:24:00+01:00,178.5,178.5,178.5,178.5,2
2024-10-30T16:25:00+01:00,178.52,178.52,178.46,178.46,49
2024-10-30T16:28:00+01:00,178.64,178.64,178.64,178.64,10
2024-10-30T16:30:00+01:00,178.52,178.52,178.52,178.52,9
2024-10-30T16:30:30+01:00,178.56,178.62,178.56,178.62,41
2024-10-30T16:31:00+01:00,178.58,178.58,178.58,178.58,1
2024-10-30T16:32:00+01:00,178.5,178.5,178.5,178.5,600
2024-10-30T16:33:30+01:00,178.32,178.32,178.32,178.32,11
2024-10-30T16:35:00+01:00,178.32,178.34,178.32,178.34,56
2024-10-30T16:36:00+01:00,178.4,178.4,178.4,178.4,1
2024-10-30T16:36:30+01:00,178.4,178.4,178.4,178.4,500
2024-10-30T16:37:30+01:00,178.54,178.54,178.54,178.54,2
2024-10-30T16:38:00+01:00,178.54,178.56,178.54,178.56,51
2024-10-30T16:40:30+01:00,178.54,178.54,178.54,178.54,13
2024-10-30T16:41:00+01:00,178.5,178.52,178.5,178.52,39
2024-10-30T16:45:30+01:00,178.5,178.5,178.46,178.46,262
2024-10-30T16:46:00+01:00,178.46,178.46,178.42,178.42,8
2024-10-30T16:48:00+01:00,178.56,178.6,178.56,178.6,229
2024-10-30T16:49:00+01:00,178.74,178.74,178.74,178.74,20
2024-10-30T16:49:30+01:00,178.68,178.68,178.68,178.68,2
2024-10-30T16:50:00+01:00,178.66,178.66,178.66,178.66,89
2024-10-30T16:51:00+01:00,178.76,178.76,178.76,178.76,123
2024-10-30T16:51:30+01:00,178.82,178.84,178.82,178.82,227
2024-10-30T16:53:30+01:00,178.86,178.86,178.86,178.86,37
2024-10-30T16:55:00+01:00,178.88,178.88,178.88,178.88,23
2024-10-30T16:55:30+01:00,178.88,178.88,178.88,178.88,1
2024-10-30T16:57:00+01:00,178.84,178.84,178.84,178.84,65
2024-10-30T16:58:00+01:00,178.74,178.74,178.74,178.74,23
2024-10-30T17:00:00+01:00,178.76,178.76,178.76,178.76,1
2024-10-30T17:00:30+01:00,178.74,178.74,178.74,178.74,20
2024-10-30T17:02:00+01:00,178.72,178.72,178.72,178.72,1
2024-10-30T17:06:00+01:00,178.94,178.94,178.94,178.94,65
2024-10-30T17:07:00+01:00,178.88,178.88,178.88,178.88,1
2024-10-30T17:12:30+01:00,178.68,178.68,178.68,178.68,2
2024-10-30T17:14:30+01:00,178.58,178.58,178.58,178.58,3
2024-10-30T17:16:30+01:00,178.56,178.56,178.54,178.54,57
2024-10-30T17:19:30+01:00,178.54,178.54,178.54,178.54,4
2024-10-30T17:20:30+01:00,178.56,178.56,178.56,178.56,29
2024-10-30T17:22:30+01:00,178.62,178.62,178.62,178.62,6
2024-10-30T17:29:30+01:00,178.88,178.88,178.88,178.88,2
2024-10-31T09:06:00+01:00,175.4,175.46,175.22,175.46,1420
2024-10-31T09:06:30+01:00,175.5,175.5,175.5,175.5,500
2024-10-31T09:07:30+01:00,175.4,175.4,175.4,175.4,500
2024-10-31T09:08:30+01:00,175.34,175.34,175.32,175.32,326
2024-10-31T09:14:30+01:00,175.1,175.1,175.1,175.1,214
2024-10-31T09:15:30+01:00,175.3,175.32,175.22,175.22,211
2024-10-31T09:17:30+01:00,175.48,175.48,175.48,175.48,17
2024-10-31T09:20:00+01:00,175.52,175.62,175.42,175.42,972
2024-10-31T09:23:00+01:00,175.4,175.4,175.4,175.4,20
2024-10-31T09:24:00+01:00,175.4,175.4,175.34,175.34,235
2024-10-31T09:24:30+01:00,175.32,175.32,175.32,175.32,605
2024-10-31T09:26:30+01:00,175.38,175.38,175.38,175.38,6
2024-10-31T09:27:00+01:00,175.32,175.34,175.32,175.34,1230
2024-10-31T09:27:30+01:00,175.32,175.32,175.32,175.32,50
2024-10-31T09:28:00+01:00,175.34,175.34,175.34,175.34,290
2024-10-31T09:28:30+01:00,175.34,175.34,175.3,175.3,158
2024-10-31T09:29:00+01:00,175.34,175.34,175.34,175.34,373
2024-10-31T09:31:30+01:00,175.26,175.26,175.26,175.26,106
2024-10-31T09:34:30+01:00,175.3,175.34,175.3,175.34,285
2024-10-31T09:35:00+01:00,175.2,175.2,175.2,175.2,222
2024-10-31T09:36:00+01:00,175.26,175.26,175.26,175.26,7
2024-10-31T09:39:30+01:00,175.14,175.14,175.12,175.12,20
2024-10-31T09:45:30+01:00,175.1,175.1,175.1,175.1,345
2024-10-31T09:47:30+01:00,175.18,175.32,175.18,175.32,408
2024-10-31T09:50:30+01:00,175.32,175.32,175.32,175.32,30
2024-10-31T09:53:00+01:00,175.38,175.38,175.38,175.38,16
2024-10-31T09:55:00+01:00,175.54,175.58,175.54,175.58,14
2024-10-31T09:57:00+01:00,175.7,175.76,175.7,175.76,185
2024-10-31T09:59:00+01:00,175.58,175.58,175.58,175.58,15
2024-10-31T10:04:00+01:00,175.34,175.34,175.34,175.34,103
2024-10-31T10:10:30+01:00,175.36,175.46,175.36,175.44,8
2024-10-31T10:11:00+01:00,175.46,175.46,175.46,175.46,89
2024-10-31T10:18:30+01:00,175.28,175.28,175.28,175.28,50
2024-10-31T10:22:30+01:00,175.32,175.32,175.3,175.3,106
2024-10-31T10:25:00+01:00,175.36,175.36,175.36,175.36,92
2024-10-31T10:27:00+01:00,175.54,175.56,175.54,175.56,50
2024-10-31T10:29:30+01:00,175.54,175.54,175.54,175.54,5
2024-10-31T10:30:30+01:00,175.64,175.64,175.64,175.64,35
2024-10-31T10:32:30+01:00,175.72,175.72,175.72,175.72,5
2024-10-31T10:34:30+01:00,175.64,175.64,175.64,175.64,100
2024-10-31T10:37:00+01:00,175.72,175.72,175.72,175.72,25
2024-10-31T10:37:30+01:00,175.62,175.62,175.62,175.62,490
2024-10-31T10:38:00+01:00,175.72,175.72,175.72,175.72,89
2024-10-31T10:42:00+01:00,175.68,175.68,175.68,175.68,72
2024-10-31T10:46:30+01:00,175.64,175.64,175.64,175.64,39
2024-10-31T10:47:00+01:00,175.44,175.44,175.44,175.44,11
2024-10-31T10:48:00+01:00,175.42,175.42,175.42,175.42,36
2024-10-31T10:56:30+01:00,175.34,175.34,175.34,175.34,28
2024-10-31T10:57:00+01:00,175.3,175.3,175.28,175.28,100
2024-10-31T11:01:30+01:00,175.28,175.28,175.28,175.28,30
2024-10-31T11:07:00+01:00,175.24,175.24,175.24,175.24,1
2024-10-31T11:07:30+01:00,175.24,175.24,175.16,175.16,201
2024-10-31T11:12:30+01:00,175.16,175.26,175.16,175.26,70
2024-10-31T11:14:00+01:00,175.1,175.1,175.06,175.06,667
2024-10-31T11:15:30+01:00,175.02,175.02,175,175,220
2024-10-31T11:16:00+01:00,175.04,175.04,175.04,175.04,33
2024-10-31T11:16:30+01:00,175.12,175.18,175.12,175.18,155
2024-10-31T11:24:00+01:00,175.12,175.12,175.12,175.12,169
2024-10-31T11:25:00+01:00,175.18,175.2,175.18,175.2,235
2024-10-31T11:25:30+01:00,175.26,175.26,175.26,175.26,6
2024-10-31T11:26:30+01:00,175.18,175.18,175.16,175.16,481
2024-10-31T11:27:00+01:00,175.16,175.16,175.16,175.16,20
2024-10-31T11:27:30+01:00,175.24,175.24,175.24,175.24,100
2024-10-31T11:28:00+01:00,175.18,175.18,175.18,175.18,3
2024-10-31T11:30:00+01:00,175.26,175.28,175.26,175.28,40
2024-10-31T11:30:30+01:00,175.16,175.16,175.16,175.16,150
2024-10-31T11:31:30+01:00,175.22,175.22,175.22,175.22,14
2024-10-31T11:37:00+01:00,175.26,175.28,175.26,175.28,162
2024-10-31T11:39:00+01:00,175.2,175.2,175.2,175.2,42
2024-10-31T11:39:30+01:00,175.2,175.2,175.2,175.2,77
2024-10-31T11:40:30+01:00,175.2,175.2,175.2,175.2,110
2024-10-31T11:41:00+01:00,175.16,175.16,175.16,175.16,334
2024-10-31T11:41:30+01:00,175.12,175.12,175.12,175.12,30
2024-10-31T11:42:00+01:00,175.16,175.16,175.16,175.16,168
2024-10-31T11:46:30+01:00,175.16,175.16,175.16,175.16,3
2024-10-31T11:48:30+01:00,175.1,175.1,175.08,175.08,460
2024-10-31T11:49:00+01:00,175.2,175.2,175.2,175.2,168
2024-10-31T11:52:30+01:00,175.22,175.22,175.22,175.22,193
2024-10-31T11:53:00+01:00,175.38,175.4,175.38,175.4,307
2024-10-31T11:53:30+01:00,175.4,175.4,175.4,175.4,600
2024-10-31T11:54:00+01:00,175.46,175.46,175.46,175.46,2
2024-10-31T11:56:00+01:00,175.44,175.44,175.44,175.44,3
2024-10-31T11:57:30+01:00,175.44,175.44,175.44,175.44,55
2024-10-31T11:59:00+01:00,175.36,175.38,175.36,175.38,235
2024-10-31T12:00:00+01:00,175.38,175.46,175.38,175.46,245
2024-10-31T12:01:00+01:00,175.42,175.42,175.42,175.42,168
2024-10-31T12:02:30+01:00,175.46,175.5,175.46,175.5,258
2024-10-31T12:03:00+01:00,175.6,175.6,175.6,175.6,1
2024-10-31T12:04:00+01:00,175.68,175.8,175.68,175.8,761
2024-10-31T12:04:30+01:00,175.82,175.82,175.8,175.8,367
2024-10-31T12:05:30+01:00,175.7,175.7,175.68,175.68,97
2024-10-31T12:07:30+01:00,175.68,175.68,175.68,175.68,55
2024-10-31T12:09:00+01:00,175.48,175.48,175.48,175.48,7
2024-10-31T12:10:00+01:00,175.5,175.5,175.5,175.5,50
2024-10-31T12:12:00+01:00,175.44,175.44,175.44,175.44,100
2024-10-31T12:13:00+01:00,175.56,175.62,175.56,175.62,173
2024-10-31T12:15:00+01:00,175.62,175.62,175.62,175.62,68
2024-10-31T12:16:30+01:00,175.54,175.56,175.54,175.56,14
2024-10-31T12:20:30+01:00,175.54,175.54,175.54,175.54,9
2024-10-31T12:21:30+01:00,175.64,175.64,175.6,175.6,678
2024-10-31T12:24:30+01:00,175.6,175.6,175.6,175.6,100
2024-10-31T12:25:30+01:00,175.58,175.58,175.58,175.58,67
2024-10-31T12:26:30+01:00,175.6,175.6,175.6,175.6,13
2024-10-31T12:27:00+01:00,175.58,175.58,175.58,175.58,2
2024-10-31T12:31:30+01:00,175.5,175.5,175.5,175.5,100
2024-10-31T12:34:00+01:00,175.54,175.56,175.54,175.56,14
2024-10-31T12:41:30+01:00,175.58,175.58,175.58,175.58,63
2024-10-31T12:43:00+01:00,175.58,175.58,175.58,175.58,69
2024-10-31T12:44:00+01:00,175.6,175.6,175.6,175.6,409
2024-10-31T12:44:30+01:00,175.54,175.54,175.54,175.54,108
2024-10-31T12:45:30+01:00,175.6,175.6,175.6,175.6,466
2024-10-31T12:46:00+01:00,175.6,175.68,175.6,175.68,2291
2024-10-31T12:50:00+01:00,175.66,175.66,175.66,175.66,67
2024-10-31T12:55:30+01:00,175.9,175.9,175.9,175.9,15
2024-10-31T12:58:00+01:00,176,176,176,176,70
2024-10-31T13:00:00+01:00,175.96,176,175.88,176,883
2024-10-31T13:00:30+01:00,175.96,175.96,175.96,175.96,1
2024-10-31T13:05:00+01:00,176.02,176.02,176.02,176.02,300
2024-10-31T13:05:30+01:00,176.04,176.04,176.04,176.04,117
2024-10-31T13:07:30+01:00,175.96,175.96,175.96,175.96,50
2024-10-31T13:08:00+01:00,175.98,176,175.94,175.94,300
2024-10-31T13:13:30+01:00,175.84,175.84,175.84,175.84,200
2024-10-31T13:14:00+01:00,175.72,175.72,175.72,175.72,68
2024-10-31T13:17:00+01:00,175.56,175.56,175.56,175.56,80
2024-10-31T13:19:00+01:00,175.52,175.56,175.52,175.56,500
2024-10-31T13:21:00+01:00,175.46,175.46,175.46,175.46,109
2024-10-31T13:25:30+01:00,175.52,175.52,175.52,175.52,50
2024-10-31T13:27:00+01:00,175.62,175.7,175.62,175.7,184
2024-10-31T13:28:00+01:00,175.72,175.74,175.72,175.74,132
2024-10-31T13:29:30+01:00,175.8,175.84,175.8,175.84,75
2024-10-31T13:32:30+01:00,175.74,175.74,175.64,175.64,200
2024-10-31T13:34:00+01:00,175.44,175.44,175.44,175.44,67
2024-10-31T13:36:30+01:00,175.16,175.16,175.16,175.16,168
2024-10-31T13:38:00+01:00,175.16,175.16,175.16,175.16,2
2024-10-31T13:38:30+01:00,175.16,175.16,175.04,175.04,75
2024-10-31T13:40:30+01:00,175.14,175.14,175.14,175.14,20
2024-10-31T13:41:00+01:00,175.1,175.14,175.1,175.14,65
2024-10-31T13:41:30+01:00,175.16,175.16,175.16,175.16,100
2024-10-31T13:42:00+01:00,175.1,175.1,175.04,175.04,1101
2024-10-31T13:45:00+01:00,175.38,175.38,175.38,175.38,14
2024-10-31T13:46:00+01:00,175.34,175.34,175.34,175.34,1
2024-10-31T13:47:30+01:00,175.28,175.28,175.28,175.28,300
2024-10-31T13:48:00+01:00,175.34,175.34,175.22,175.22,476
2024-10-31T13:49:30+01:00,175.04,175.04,175.04,175.04,270
2024-10-31T13:51:30+01:00,175,175.02,175,175.02,160
2024-10-31T13:52:00+01:00,175.1,175.12,175.1,175.12,422
2024-10-31T13:53:30+01:00,175,175,174.8,174.8,587
2024-10-31T13:56:30+01:00,174.8,174.8,174.8,174.8,30
2024-10-31T13:57:00+01:00,175,175,174.86,174.86,2001
2024-10-31T13:57:30+01:00,174.88,174.96,174.88,174.96,124
2024-10-31T14:00:30+01:00,175,175.02,175,175.02,562
2024-10-31T14:01:30+01:00,175.08,175.08,175.08,175.08,96
2024-10-31T14:02:00+01:00,175,175.02,174.94,174.94,2048
2024-10-31T14:02:30+01:00,174.88,174.9,174.88,174.9,415
2024-10-31T14:04:30+01:00,174.96,175,174.96,175,247
2024-10-31T14:05:00+01:00,174.92,174.92,174.92,174.92,47
2024-10-31T14:08:30+01:00,174.8,174.8,174.7,174.72,2473
2024-10-31T14:15:00+01:00,174.94,174.94,174.94,174.94,67
2024-10-31T14:17:30+01:00,175.1,175.1,175.1,175.1,18
2024-10-31T14:19:00+01:00,175,175,174.96,174.96,23
2024-10-31T14:20:00+01:00,174.98,175.14,174.98,175.14,192
2024-10-31T14:23:00+01:00,175.3,175.34,175.3,175.34,734
2024-10-31T14:24:30+01:00,175.54,175.54,175.54,175.54,75
2024-10-31T14:26:30+01:00,175.18,175.18,175.1,175.1,105
2024-10-31T14:30:00+01:00,174.82,175.08,174.7,175.08,3448
2024-10-31T14:30:30+01:00,174.5,174.68,174.5,174.68,225
2024-10-31T14:31:00+01:00,174.72,174.72,174.72,174.72,300
2024-10-31T14:32:00+01:00,174.38,174.38,174,174.24,232
2024-10-31T14:32:30+01:00,174.18,174.18,174.1,174.1,134
2024-10-31T14:33:00+01:00,174,174,173.98,173.98,135
2024-10-31T14:33:30+01:00,173.94,173.94,173.9,173.9,143
2024-10-31T14:34:30+01:00,174.04,174.38,174.04,174.32,470
2024-10-31T14:35:00+01:00,174.36,174.44,174.34,174.34,371
2024-10-31T14:36:30+01:00,174.44,174.86,174.44,174.86,36
2024-10-31T14:37:30+01:00,174.76,174.76,174.76,174.76,300
2024-10-31T14:38:00+01:00,175.14,175.14,174.98,174.98,73
2024-10-31T14:38:30+01:00,175.14,175.14,174.66,174.66,25
2024-10-31T14:39:30+01:00,174.76,174.76,174.76,174.76,67
2024-10-31T14:40:00+01:00,174.54,174.54,174.54,174.54,25
2024-10-31T14:41:30+01:00,174.78,174.88,174.78,174.88,108
2024-10-31T14:43:30+01:00,174.66,174.66,174.52,174.52,70
2024-10-31T14:45:00+01:00,174.54,174.54,174.38,174.38,49
2024-10-31T14:47:30+01:00,174.08,174.08,174.08,174.08,15
2024-10-31T14:49:00+01:00,173.82,173.82,173.82,173.82,1
2024-10-31T14:50:30+01:00,173.62,173.62,173.58,173.58,134
2024-10-31T14:51:00+01:00,173.56,173.8,173.56,173.8,628
2024-10-31T14:54:00+01:00,173.48,173.48,173.48,173.48,9
2024-10-31T14:54:30+01:00,173.46,173.46,173.46,173.46,67
2024-10-31T14:55:30+01:00,173.32,173.36,173.32,173.36,669
2024-10-31T14:57:00+01:00,173.54,173.54,173.54,173.54,19
2024-10-31T14:58:00+01:00,173.68,173.68,173.68,173.68,3
2024-10-31T14:59:30+01:00,173.44,173.56,173.44,173.56,358
2024-10-31T15:00:30+01:00,173.12,173.12,173.12,173.12,67
2024-10-31T15:01:00+01:00,173.08,173.08,173.06,173.06,18
2024-10-31T15:01:30+01:00,172.92,172.92,172.88,172.88,1503
2024-10-31T15:02:00+01:00,173,173,173,173,8
2024-10-31T15:04:30+01:00,173.46,173.46,173.46,173.46,1
2024-10-31T15:06:00+01:00,173.78,173.78,173.78,173.78,300
2024-10-31T15:07:30+01:00,173.84,173.84,173.84,173.84,2
2024-10-31T15:08:00+01:00,173.78,173.78,173.78,173.78,300
2024-10-31T15:08:30+01:00,173.78,173.78,173.78,173.78,300
2024-10-31T15:09:30+01:00,173.78,173.78,173.78,173.78,67
2024-10-31T15:11:00+01:00,173.42,173.42,173.38,173.38,47
2024-10-31T15:13:30+01:00,173.18,173.18,173.18,173.18,6
2024-10-31T15:14:00+01:00,173.24,173.24,173.24,173.24,1
2024-10-31T15:16:30+01:00,173.18,173.26,173.18,173.26,295
2024-10-31T15:17:30+01:00,173.5,173.5,173.5,173.5,235
2024-10-31T15:18:00+01:00,173.36,173.36,173.36,173.36,30
2024-10-31T15:18:30+01:00,173.32,173.36,173.32,173.36,32
2024-10-31T15:19:00+01:00,173.44,173.5,173.44,173.5,388
2024-10-31T15:20:30+01:00,173.2,173.2,173.2,173.2,3
2024-10-31T15:21:00+01:00,173.28,173.28,173.26,173.26,390
2024-10-31T15:22:00+01:00,173.3,173.3,173.3,173.3,390
2024-10-31T15:23:30+01:00,173.4,173.4,173.3,173.3,439
2024-10-31T15:24:00+01:00,173.4,173.4,173.4,173.4,95
2024-10-31T15:25:30+01:00,173,173,173,173,35
2024-10-31T15:26:00+01:00,172.98,173,172.98,173,127
2024-10-31T15:27:30+01:00,172.8,172.8,172.76,172.76,176
2024-10-31T15:28:30+01:00,172.74,172.74,172.68,172.68,58
2024-10-31T15:29:00+01:00,172.56,172.56,172.56,172.56,3
2024-10-31T15:30:00+01:00,172.36,172.36,172.24,172.3,1000
2024-10-31T15:30:30+01:00,172.3,172.3,172.18,172.18,25
2024-10-31T15:32:00+01:00,172.5,172.5,172.5,172.5,115
2024-10-31T15:32:30+01:00,172.48,172.48,172.48,172.48,280
2024-10-31T15:33:00+01:00,172.44,172.44,172.44,172.44,67
2024-10-31T15:33:30+01:00,172.46,172.48,172.42,172.42,1444
2024-10-31T15:34:00+01:00,172.68,172.68,172.68,172.68,2
2024-10-31T15:34:30+01:00,172.44,172.48,172.42,172.46,617
2024-10-31T15:35:00+01:00,172.5,172.58,172.5,172.58,44
2024-10-31T15:35:30+01:00,172.6,172.62,172.6,172.62,114
2024-10-31T15:37:00+01:00,172.52,172.52,172.46,172.46,75
2024-10-31T15:38:30+01:00,172.32,172.32,172.32,172.32,21
2024-10-31T15:40:30+01:00,172.56,172.56,172.56,172.56,1
2024-10-31T15:41:00+01:00,172.46,172.46,172.46,172.46,2
2024-10-31T15:41:30+01:00,172.46,172.46,172.46,172.46,11
2024-10-31T15:43:30+01:00,172.6,172.6,172.6,172.6,10
2024-10-31T15:46:00+01:00,172.32,172.32,172.3,172.3,67
2024-10-31T15:46:30+01:00,172.32,172.32,172.32,172.32,3
2024-10-31T15:48:30+01:00,172.28,172.28,172.28,172.28,176
2024-10-31T15:49:00+01:00,172.28,172.28,172.26,172.26,24
2024-10-31T15:51:30+01:00,172.12,172.12,172.12,172.12,4
2024-10-31T15:53:30+01:00,172.22,172.22,172.22,172.22,8
2024-10-31T15:55:00+01:00,172.1,172.1,172.1,172.1,120
2024-10-31T15:55:30+01:00,172.06,172.06,171.98,171.98,102
2024-10-31T15:56:00+01:00,171.96,172,171.94,172,26
2024-10-31T15:56:30+01:00,172.02,172.02,172.02,172.02,55
2024-10-31T15:57:00+01:00,172.14,172.14,172.14,172.14,15
2024-10-31T15:57:30+01:00,172.14,172.14,172.08,172.08,16
2024-10-31T15:59:30+01:00,172.14,172.14,172.14,172.14,67
2024-10-31T16:00:00+01:00,172.16,172.16,172.16,172.16,40
2024-10-31T16:01:00+01:00,172.42,172.42,172.4,172.42,115
2024-10-31T16:01:30+01:00,172.44,172.44,172.38,172.38,105
2024-10-31T16:02:00+01:00,172.4,172.4,172.34,172.34,14
2024-10-31T16:07:30+01:00,172.56,172.56,172.56,172.56,67
2024-10-31T16:09:00+01:00,172.6,172.62,172.6,172.62,10
2024-10-31T16:09:30+01:00,172.54,172.54,172.54,172.54,8
2024-10-31T16:10:00+01:00,172.5,172.5,172.5,172.5,8
2024-10-31T16:16:30+01:00,171.92,171.92,171.92,171.92,55
2024-10-31T16:17:30+01:00,171.8,171.8,171.8,171.8,500
2024-10-31T16:18:00+01:00,171.9,171.98,171.9,171.96,364
2024-10-31T16:18:30+01:00,172,172,172,172,100
2024-10-31T16:19:00+01:00,171.96,171.96,171.96,171.96,33
2024-10-31T16:19:30+01:00,172,172.04,172,172.04,535
2024-10-31T16:20:00+01:00,171.86,171.9,171.86,171.9,431
2024-10-31T16:20:30+01:00,171.96,171.96,171.96,171.96,2
2024-10-31T16:22:30+01:00,172.34,172.36,172.34,172.36,560
2024-10-31T16:23:00+01:00,172.4,172.4,172.4,172.4,1000
2024-10-31T16:24:00+01:00,172.34,172.34,172.34,172.34,52
2024-10-31T16:24:30+01:00,172.34,172.38,172.34,172.34,951
2024-10-31T16:25:00+01:00,172.28,172.28,172.2,172.2,91
2024-10-31T16:25:30+01:00,172.24,172.24,172.24,172.24,1000
2024-10-31T16:26:30+01:00,172.6,172.6,172.46,172.46,16
2024-10-31T16:27:30+01:00,172.5,172.52,172.5,172.52,320
2024-10-31T16:28:00+01:00,172.5,172.5,172.42,172.42,707
2024-10-31T16:28:30+01:00,172.5,172.5,172.5,172.5,252
2024-10-31T16:29:00+01:00,172.38,172.38,172.38,172.38,50
2024-10-31T16:29:30+01:00,172.48,172.5,172.48,172.5,1000
2024-10-31T16:30:00+01:00,172.5,172.52,172.5,172.52,247
2024-10-31T16:30:30+01:00,172.44,172.44,172.4,172.4,1002
2024-10-31T16:33:00+01:00,172.3,172.3,172.3,172.3,3
2024-10-31T16:33:30+01:00,172.34,172.36,172.24,172.24,1067
2024-10-31T16:35:30+01:00,172.34,172.38,172.32,172.34,904
2024-10-31T16:36:30+01:00,172.28,172.28,172.28,172.28,10
2024-10-31T16:41:00+01:00,172.14,172.14,172.14,172.14,2
2024-10-31T16:42:00+01:00,172,172,171.92,171.92,13
2024-10-31T16:43:00+01:00,171.98,171.98,171.98,171.98,77
2024-10-31T16:43:30+01:00,172.08,172.08,172.08,172.08,2
2024-10-31T16:45:30+01:00,172,172,172,172,20
2024-10-31T16:46:00+01:00,171.9,171.9,171.9,171.9,10
2024-10-31T16:47:00+01:00,171.78,171.78,171.78,171.78,20
2024-10-31T16:47:30+01:00,171.62,171.62,171.62,171.62,241
2024-10-31T16:48:30+01:00,171.68,171.68,171.68,171.68,18
2024-10-31T16:50:30+01:00,171.72,171.72,171.72,171.72,152
2024-10-31T16:51:30+01:00,171.72,171.72,171.7,171.7,44
2024-10-31T16:52:30+01:00,171.66,171.66,171.64,171.64,100
2024-10-31T16:53:30+01:00,171.68,171.68,171.68,171.68,15
2024-10-31T16:54:30+01:00,171.5,171.5,171.5,171.5,760
2024-10-31T16:55:00+01:00,171.48,171.48,171.46,171.46,148
2024-10-31T16:56:00+01:00,171.6,171.6,171.6,171.6,9
2024-10-31T16:58:30+01:00,171.5,171.5,171.48,171.48,529
2024-10-31T16:59:00+01:00,171.5,171.5,171.5,171.5,19
2024-10-31T17:00:00+01:00,171.36,171.36,171.36,171.36,152
2024-10-31T17:01:00+01:00,171.4,171.4,171.4,171.4,35
2024-10-31T17:03:30+01:00,171.04,171.04,171,171,636
2024-10-31T17:04:00+01:00,171.04,171.04,171.04,171.04,29
2024-10-31T17:04:30+01:00,171.04,171.04,171.04,171.04,1106
2024-10-31T17:05:00+01:00,171.08,171.12,171.08,171.08,514
2024-10-31T17:05:30+01:00,171.22,171.22,171.14,171.14,337
2024-10-31T17:07:30+01:00,171.44,171.44,171.34,171.34,133
2024-10-31T17:08:00+01:00,171.4,171.4,171.4,171.4,71
2024-10-31T17:09:00+01:00,171.4,171.4,171.4,171.4,100
2024-10-31T17:09:30+01:00,171.54,171.6,171.54,171.6,6
2024-10-31T17:10:00+01:00,171.46,171.46,171.42,171.42,97
2024-10-31T17:14:30+01:00,171.62,171.62,171.6,171.6,117
2024-10-31T17:15:00+01:00,171.62,171.62,171.62,171.62,30
2024-10-31T17:16:00+01:00,171.58,171.74,171.58,171.72,262
2024-10-31T17:16:30+01:00,171.74,171.74,171.74,171.74,115
2024-10-31T17:18:00+01:00,172,172,172,172,6
2024-10-31T17:19:00+01:00,171.98,171.98,171.94,171.94,153
2024-10-31T17:19:30+01:00,171.96,171.98,171.96,171.96,166
2024-10-31T17:20:30+01:00,171.92,171.92,171.92,171.92,40
2024-10-31T17:21:00+01:00,171.9,171.9,171.9,171.9,67
2024-10-31T17:22:00+01:00,172.02,172.02,172.02,172.02,67
2024-10-31T17:22:30+01:00,172.02,172.02,172.02,172.02,67
2024-10-31T17:23:00+01:00,171.98,171.98,171.98,171.98,89
2024-10-31T17:27:30+01:00,171.74,171.9,171.74,171.9,90
2024-10-31T17:29:30+01:00,171.78,171.78,171.78,171.78,60
2024-11-01T09:07:00+01:00,181.8,181.8,181.64,181.64,3853
2024-11-01T09:07:30+01:00,181.68,181.68,181.58,181.6,664
2024-11-01T09:08:00+01:00,181.62,181.62,181.58,181.58,42
2024-11-01T09:10:00+01:00,181.54,181.54,181.54,181.54,13
2024-11-01T09:10:30+01:00,181.58,181.58,181.58,181.58,20
2024-11-01T09:12:00+01:00,181.5,181.5,181.5,181.5,22
2024-11-01T09:13:30+01:00,181.54,181.54,181.54,181.54,100
2024-11-01T09:15:30+01:00,181.44,181.44,181.44,181.44,500
2024-11-01T09:16:30+01:00,181.48,181.48,181.48,181.48,4
2024-11-01T09:17:00+01:00,181.5,181.5,181.48,181.48,152
2024-11-01T09:17:30+01:00,181.44,181.44,181.4,181.4,80
2024-11-01T09:18:30+01:00,181.28,181.28,181.28,181.28,1
2024-11-01T09:19:00+01:00,181.42,181.42,181.3,181.3,259
2024-11-01T09:19:30+01:00,181.3,181.3,181.3,181.3,35
2024-11-01T09:20:00+01:00,181.28,181.28,181.22,181.22,718
2024-11-01T09:20:30+01:00,181.28,181.3,181.24,181.3,1619
2024-11-01T09:21:00+01:00,181.24,181.24,181.24,181.24,230
2024-11-01T09:21:30+01:00,181.24,181.3,181.24,181.3,944
2024-11-01T09:22:00+01:00,181.3,181.3,181.3,181.3,604
2024-11-01T09:22:30+01:00,181.36,181.36,181.36,181.36,12
2024-11-01T09:23:00+01:00,181.32,181.34,181.18,181.18,485
2024-11-01T09:24:00+01:00,181.18,181.18,181.08,181.08,1045
2024-11-01T09:24:30+01:00,181.1,181.14,181.1,181.14,500
2024-11-01T09:25:00+01:00,181,181,180.96,180.96,830
2024-11-01T09:25:30+01:00,181,181,181,181,2177
2024-11-01T09:26:00+01:00,181.12,181.22,181.12,181.16,729
2024-11-01T09:26:30+01:00,181.2,181.2,181.2,181.2,70
2024-11-01T09:28:00+01:00,181.28,181.28,181.28,181.28,29
2024-11-01T09:28:30+01:00,181.44,181.46,181.44,181.46,191
2024-11-01T09:29:00+01:00,181.5,181.62,181.5,181.62,3488
2024-11-01T09:30:00+01:00,181.6,181.6,181.5,181.54,288
2024-11-01T09:30:30+01:00,181.5,181.5,181.5,181.5,60
2024-11-01T09:31:00+01:00,181.54,181.54,181.54,181.54,80
2024-11-01T09:31:30+01:00,181.54,181.54,181.54,181.54,121
2024-11-01T09:33:30+01:00,181.48,181.48,181.48,181.48,43
2024-11-01T09:34:00+01:00,181.4,181.4,181.32,181.34,662
2024-11-01T09:34:30+01:00,181.44,181.44,181.44,181.44,268
2024-11-01T09:35:00+01:00,181.44,181.44,181.44,181.44,2
2024-11-01T09:36:00+01:00,181.48,181.48,181.42,181.42,214
2024-11-01T09:36:30+01:00,181.42,181.42,181.42,181.42,100
2024-11-01T09:38:00+01:00,181.3,181.3,181.28,181.28,77
2024-11-01T09:38:30+01:00,181.28,181.28,181.2,181.2,55
2024-11-01T09:39:00+01:00,181.26,181.26,181.26,181.26,168
2024-11-01T09:40:30+01:00,181.2,181.2,181.2,181.2,35
2024-11-01T09:41:00+01:00,181.2,181.2,181.2,181.2,218
2024-11-01T09:41:30+01:00,181.24,181.3,181.24,181.3,710
2024-11-01T09:42:00+01:00,181.16,181.16,181.16,181.16,9
2024-11-01T09:44:30+01:00,181.16,181.16,181.16,181.16,170
2024-11-01T09:45:00+01:00,181.12,181.3,181.12,181.3,85
2024-11-01T09:46:00+01:00,181.24,181.24,181.24,181.24,230
2024-11-01T09:46:30+01:00,181.14,181.14,181.12,181.12,200
2024-11-01T09:50:00+01:00,181.12,181.12,181.12,181.12,5
2024-11-01T09:50:30+01:00,181.18,181.18,181.18,181.18,52
2024-11-01T09:51:00+01:00,181.12,181.12,181.08,181.08,569
2024-11-01T09:52:30+01:00,181.14,181.16,181.14,181.16,1100
2024-11-01T09:54:00+01:00,181.08,181.08,181.08,181.08,10
2024-11-01T09:55:30+01:00,181.06,181.1,181.06,181.1,29
2024-11-01T09:56:00+01:00,181.1,181.1,181.1,181.1,46
2024-11-01T09:56:30+01:00,181.1,181.1,181.1,181.1,269
2024-11-01T09:57:30+01:00,181.16,181.16,181.12,181.12,255
2024-11-01T09:58:00+01:00,181.12,181.12,181.12,181.12,1121
2024-11-01T09:58:30+01:00,181.1,181.12,181.08,181.08,3264
2024-11-01T09:59:30+01:00,181.1,181.1,181.08,181.08,1538
2024-11-01T10:00:00+01:00,181.16,181.16,181.16,181.16,168
2024-11-01T10:00:30+01:00,181.2,181.2,181.2,181.2,23
2024-11-01T10:01:30+01:00,181.28,181.32,181.28,181.32,376
2024-11-01T10:02:00+01:00,181.32,181.32,181.3,181.3,228
2024-11-01T10:03:00+01:00,181.36,181.36,181.36,181.36,13
2024-11-01T10:03:30+01:00,181.38,181.42,181.38,181.42,173
2024-11-01T10:04:00+01:00,181.46,181.46,181.46,181.46,168
2024-11-01T10:04:30+01:00,181.5,181.5,181.48,181.5,368
2024-11-01T10:05:00+01:00,181.5,181.66,181.5,181.66,1833
2024-11-01T10:05:30+01:00,181.66,181.66,181.58,181.6,439
2024-11-01T10:06:00+01:00,181.58,181.58,181.58,181.58,672
2024-11-01T10:06:30+01:00,181.5,181.58,181.5,181.58,198
2024-11-01T10:08:00+01:00,181.52,181.52,181.5,181.5,538
2024-11-01T10:09:00+01:00,181.52,181.52,181.52,181.52,70
2024-11-01T10:10:00+01:00,181.56,181.56,181.56,181.56,157
2024-11-01T10:11:00+01:00,181.56,181.56,181.56,181.56,172
2024-11-01T10:12:00+01:00,181.62,181.62,181.62,181.62,171
2024-11-01T10:12:30+01:00,181.6,181.6,181.6,181.6,24
2024-11-01T10:13:00+01:00,181.6,181.72,181.6,181.72,509
2024-11-01T10:13:30+01:00,181.84,181.84,181.84,181.84,30
2024-11-01T10:15:00+01:00,181.84,181.86,181.84,181.86,163
2024-11-01T10:15:30+01:00,182,182,181.94,181.98,626
2024-11-01T10:16:00+01:00,182,182,182,182,270
2024-11-01T10:17:00+01:00,181.98,181.98,181.98,181.98,266
2024-11-01T10:18:00+01:00,181.92,181.92,181.92,181.92,60
2024-11-01T10:18:30+01:00,181.94,182,181.94,182,100
2024-11-01T10:20:00+01:00,182,182,182,182,110
2024-11-01T10:20:30+01:00,182,182,182,182,79
2024-11-01T10:21:00+01:00,182,182,182,182,92
2024-11-01T10:22:30+01:00,182,182,182,182,131
2024-11-01T10:23:00+01:00,181.96,181.98,181.92,181.98,257
2024-11-01T10:23:30+01:00,181.94,181.94,181.94,181.94,10
2024-11-01T10:24:00+01:00,181.92,181.92,181.9,181.9,200
2024-11-01T10:24:30+01:00,182,182.16,182,182.16,7249
2024-11-01T10:25:00+01:00,182.06,182.06,182.06,182.06,167
2024-11-01T10:26:00+01:00,182.04,182.04,182.04,182.04,50
2024-11-01T10:26:30+01:00,182.16,182.26,182.16,182.2,196
2024-11-01T10:27:00+01:00,182.14,182.14,182.14,182.14,827
2024-11-01T10:28:00+01:00,182.3,182.3,182.3,182.3,320
2024-11-01T10:28:30+01:00,182.3,182.3,182.3,182.3,680
2024-11-01T10:30:00+01:00,182.5,182.5,182.5,182.5,71
2024-11-01T10:31:00+01:00,182.34,182.48,182.34,182.48,1383
2024-11-01T10:33:30+01:00,182.28,182.28,182.28,182.28,188
2024-11-01T10:36:00+01:00,182.16,182.16,182.06,182.06,1649
2024-11-01T10:37:00+01:00,182.08,182.08,182.06,182.06,1548
2024-11-01T10:37:30+01:00,182.2,182.2,182.2,182.2,18
2024-11-01T10:39:00+01:00,182.06,182.06,182.04,182.04,981
2024-11-01T10:39:30+01:00,182.08,182.08,182.08,182.08,60
2024-11-01T10:40:00+01:00,182.1,182.14,182.08,182.14,2565
2024-11-01T10:40:30+01:00,182.08,182.08,182.08,182.08,283
2024-11-01T10:41:00+01:00,182.04,182.04,182.04,182.04,29
2024-11-01T10:42:00+01:00,182.1,182.1,182.1,182.1,700
2024-11-01T10:42:30+01:00,182.14,182.14,182.1,182.1,2
2024-11-01T10:43:00+01:00,182.12,182.16,182.12,182.16,16
2024-11-01T10:43:30+01:00,182.16,182.26,182.16,182.24,54
2024-11-01T10:44:00+01:00,182.28,182.3,182.28,182.3,14
2024-11-01T10:45:00+01:00,182.26,182.26,182.24,182.26,1596
2024-11-01T10:45:30+01:00,182.28,182.28,182.28,182.28,2
2024-11-01T10:47:00+01:00,182.24,182.24,182.24,182.24,5
2024-11-01T10:48:30+01:00,182.26,182.26,182.26,182.26,2
2024-11-01T10:51:30+01:00,182.12,182.12,182.12,182.12,70
2024-11-01T10:52:30+01:00,182.16,182.16,182.16,182.16,57
2024-11-01T10:53:00+01:00,182.2,182.2,182.16,182.16,337
2024-11-01T10:54:30+01:00,182.12,182.12,182.12,182.12,6
2024-11-01T10:55:30+01:00,182.14,182.14,182.14,182.14,40
2024-11-01T10:56:00+01:00,182.14,182.14,182.14,182.14,2
2024-11-01T10:57:00+01:00,182.18,182.18,182.18,182.18,60
2024-11-01T10:57:30+01:00,182.2,182.2,182.2,182.2,10
2024-11-01T10:58:00+01:00,182.2,182.2,182.18,182.18,14
2024-11-01T10:58:30+01:00,182.2,182.2,182.2,182.2,1
2024-11-01T11:00:00+01:00,182.26,182.26,182.26,182.26,4
2024-11-01T11:00:30+01:00,182.26,182.26,182.26,182.26,415
2024-11-01T11:02:00+01:00,182.22,182.22,182.22,182.22,3
2024-11-01T11:03:30+01:00,182.14,182.14,182.14,182.14,20
2024-11-01T11:08:00+01:00,182.14,182.14,182.14,182.14,20
2024-11-01T11:09:00+01:00,182.14,182.14,182.14,182.14,100
2024-11-01T11:09:30+01:00,182.12,182.28,182.12,182.26,26
2024-11-01T11:10:00+01:00,182.28,182.3,182.28,182.3,16
2024-11-01T11:10:30+01:00,182.22,182.22,182.22,182.22,10
2024-11-01T11:11:00+01:00,182.2,182.28,182.2,182.28,182
2024-11-01T11:14:00+01:00,182.3,182.3,182.3,182.3,153
2024-11-01T11:16:30+01:00,182.14,182.14,182.12,182.14,49
2024-11-01T11:17:30+01:00,182.24,182.34,182.2,182.2,120
2024-11-01T11:18:30+01:00,182.22,182.22,182.22,182.22,11
2024-11-01T11:19:00+01:00,182.28,182.34,182.28,182.34,38
2024-11-01T11:19:30+01:00,182.28,182.28,182.28,182.28,15
2024-11-01T11:20:00+01:00,182.28,182.28,182.28,182.28,6
2024-11-01T11:21:30+01:00,182.36,182.36,182.32,182.32,136
2024-11-01T11:22:00+01:00,182.36,182.4,182.36,182.4,1047
2024-11-01T11:24:30+01:00,182.28,182.28,182.28,182.28,125
2024-11-01T11:28:30+01:00,182.18,182.18,182.18,182.18,10
2024-11-01T11:29:00+01:00,182.18,182.18,182.18,182.18,2
2024-11-01T11:30:00+01:00,182.42,182.5,182.28,182.5,234
2024-11-01T11:30:30+01:00,182.44,182.44,182.44,182.44,5
2024-11-01T11:31:00+01:00,182.48,182.48,182.48,182.48,1
2024-11-01T11:32:00+01:00,182.5,182.64,182.5,182.6,955
2024-11-01T11:33:30+01:00,182.6,182.6,182.54,182.58,8
2024-11-01T11:34:00+01:00,182.62,182.68,182.62,182.68,164
2024-11-01T11:35:00+01:00,182.6,182.6,182.54,182.56,33
2024-11-01T11:35:30+01:00,182.54,182.6,182.54,182.58,30
2024-11-01T11:36:00+01:00,182.52,182.66,182.52,182.66,2
2024-11-01T11:36:30+01:00,182.74,182.74,182.74,182.74,1
2024-11-01T11:37:30+01:00,183,183.08,183,183.08,56
2024-11-01T11:38:00+01:00,183.08,183.08,183.08,183.08,3
2024-11-01T11:38:30+01:00,183.26,183.26,183.26,183.26,172
2024-11-01T11:39:00+01:00,183.08,183.14,183.04,183.04,5108
2024-11-01T11:39:30+01:00,182.96,182.96,182.96,182.96,2
2024-11-01T11:40:00+01:00,183,183.02,182.94,182.94,179
2024-11-01T11:40:30+01:00,182.98,182.98,182.96,182.96,46
2024-11-01T11:41:00+01:00,183.06,183.06,183.02,183.02,12
2024-11-01T11:41:30+01:00,183.16,183.2,183.1,183.1,1976
2024-11-01T11:42:00+01:00,183.1,183.2,183.1,183.2,765
2024-11-01T11:42:30+01:00,183.14,183.22,183.14,183.22,15
2024-11-01T11:44:00+01:00,183.18,183.18,183.18,183.18,552
2024-11-01T11:45:00+01:00,183.18,183.18,183.18,183.18,50
2024-11-01T11:48:30+01:00,183.26,183.26,183.16,183.16,231
2024-11-01T11:49:00+01:00,183.26,183.26,183.26,183.26,244
2024-11-01T11:51:30+01:00,183.3,183.3,183.3,183.3,20
2024-11-01T11:52:30+01:00,183.46,183.46,183.46,183.46,4
2024-11-01T11:53:00+01:00,183.38,183.38,183.38,183.38,3
2024-11-01T11:53:30+01:00,183.3,183.34,183.3,183.34,201
2024-11-01T11:54:00+01:00,183.4,183.4,183.4,183.4,200
2024-11-01T11:57:00+01:00,183.5,183.5,183.5,183.5,64
2024-11-01T11:57:30+01:00,183.36,183.44,183.36,183.44,8
2024-11-01T11:58:00+01:00,183.38,183.4,183.38,183.4,6
2024-11-01T11:58:30+01:00,183.2,183.22,183.18,183.2,116
2024-11-01T11:59:00+01:00,183.26,183.26,183.26,183.26,3
2024-11-01T11:59:30+01:00,183.16,183.16,183.16,183.16,1
2024-11-01T12:00:00+01:00,182.86,182.86,182.78,182.78,513
2024-11-01T12:01:00+01:00,182.88,182.88,182.78,182.78,670
2024-11-01T12:05:30+01:00,182.9,182.9,182.9,182.9,4
2024-11-01T12:07:00+01:00,182.92,182.92,182.92,182.92,2
2024-11-01T12:07:30+01:00,182.7,182.7,182.7,182.7,3
2024-11-01T12:09:30+01:00,182.58,182.62,182.58,182.62,8
2024-11-01T12:10:00+01:00,182.62,182.64,182.6,182.64,1423
2024-11-01T12:11:00+01:00,182.84,182.84,182.82,182.82,250
2024-11-01T12:12:30+01:00,183,183,183,183,8
2024-11-01T12:13:00+01:00,183.18,183.18,183.18,183.18,50
2024-11-01T12:13:30+01:00,183.2,183.2,183.2,183.2,360
2024-11-01T12:16:00+01:00,183.16,183.16,183.16,183.16,59
2024-11-01T12:17:00+01:00,183.22,183.22,183.16,183.2,1131
2024-11-01T12:18:30+01:00,183.28,183.28,183.28,183.28,25
2024-11-01T12:20:30+01:00,183.34,183.34,183.34,183.34,605
2024-11-01T12:21:00+01:00,183.34,183.34,183.34,183.34,213
2024-11-01T12:23:00+01:00,183.34,183.36,183.34,183.36,571
2024-11-01T12:24:30+01:00,183.36,183.38,183.36,183.36,394
2024-11-01T12:29:30+01:00,183.36,183.36,183.34,183.34,200
2024-11-01T12:30:00+01:00,183.5,183.58,183.5,183.58,2160
2024-11-01T12:30:30+01:00,183.6,183.6,183.6,183.6,1
2024-11-01T12:31:00+01:00,183.62,183.7,183.62,183.7,707
2024-11-01T12:32:30+01:00,183.62,183.62,183.62,183.62,10
2024-11-01T12:33:30+01:00,183.5,183.5,183.5,183.5,66
2024-11-01T12:34:00+01:00,183.5,183.68,183.5,183.68,1266
2024-11-01T12:35:00+01:00,183.8,183.86,183.8,183.86,2814
2024-11-01T12:35:30+01:00,183.84,183.86,183.84,183.86,1915
2024-11-01T12:36:00+01:00,183.8,183.82,183.8,183.82,372
2024-11-01T12:38:00+01:00,183.94,183.96,183.94,183.96,325
2024-11-01T12:38:30+01:00,183.92,183.94,183.9,183.94,250
2024-11-01T12:39:30+01:00,183.92,183.92,183.92,183.92,5
2024-11-01T12:41:30+01:00,184,184,184,184,3690
2024-11-01T12:42:00+01:00,184,184,184,184,424
2024-11-01T12:42:30+01:00,183.98,184,183.98,184,1771
2024-11-01T12:43:00+01:00,184,184.12,184,184.04,3667
2024-11-01T12:43:30+01:00,184.16,184.16,184.16,184.16,3
2024-11-01T12:44:00+01:00,184.1,184.1,184.1,184.1,1
2024-11-01T12:45:00+01:00,183.86,183.86,183.86,183.86,290
2024-11-01T12:45:30+01:00,183.72,183.76,183.66,183.76,625
2024-11-01T12:46:30+01:00,184,184,183.94,183.94,694
2024-11-01T12:49:00+01:00,184,184,184,184,52
2024-11-01T12:49:30+01:00,183.9,183.9,183.9,183.9,345
2024-11-01T12:50:30+01:00,184,184,184,184,50
2024-11-01T12:53:00+01:00,183.98,184,183.98,184,77
2024-11-01T12:53:30+01:00,183.96,183.96,183.94,183.94,885
2024-11-01T12:54:00+01:00,183.94,183.94,183.94,183.94,20
2024-11-01T12:55:00+01:00,184,184,183.96,183.96,108
2024-11-01T12:55:30+01:00,183.96,183.96,183.96,183.96,50
2024-11-01T12:59:00+01:00,184.16,184.16,184.16,184.16,17
2024-11-01T13:02:30+01:00,184,184,184,184,6
2024-11-01T13:05:00+01:00,184.06,184.08,184.06,184.08,46
2024-11-01T13:06:30+01:00,184.06,184.08,184.06,184.08,17
2024-11-01T13:07:00+01:00,184,184.1,184,184.1,77
2024-11-01T13:08:00+01:00,184.08,184.08,184.08,184.08,10
2024-11-01T13:08:30+01:00,184.04,184.04,184.04,184.04,7
2024-11-01T13:09:00+01:00,184.06,184.06,184.06,184.06,20
2024-11-01T13:11:00+01:00,183.9,183.94,183.9,183.94,514
2024-11-01T13:12:30+01:00,184.02,184.02,184.02,184.02,19
2024-11-01T13:17:00+01:00,184.02,184.06,184.02,184.06,136
2024-11-01T13:19:30+01:00,184.02,184.02,184.02,184.02,123
2024-11-01T13:20:30+01:00,183.94,183.94,183.94,183.94,54
2024-11-01T13:21:30+01:00,184.02,184.02,184.02,184.02,1
2024-11-01T13:22:00+01:00,183.96,183.96,183.96,183.96,150
2024-11-01T13:25:30+01:00,183.96,183.98,183.96,183.98,76
2024-11-01T13:27:00+01:00,183.96,183.96,183.96,183.96,4
2024-11-01T13:28:00+01:00,183.9,183.9,183.9,183.9,17
2024-11-01T13:29:00+01:00,183.84,183.88,183.84,183.88,154
2024-11-01T13:30:00+01:00,183.36,183.36,183.36,183.36,150
2024-11-01T13:30:30+01:00,183.32,183.7,183.32,183.7,225
2024-11-01T13:31:30+01:00,183.34,183.34,183.34,183.34,100
2024-11-01T13:32:00+01:00,183.42,183.46,183.42,183.46,15
2024-11-01T13:32:30+01:00,183.52,183.52,183.52,183.52,1
2024-11-01T13:33:30+01:00,183.4,183.4,183.4,183.4,25
2024-11-01T13:34:00+01:00,183.42,183.42,183.42,183.42,184
2024-11-01T13:37:00+01:00,183.16,183.16,183.16,183.16,100
2024-11-01T13:38:00+01:00,182.8,182.82,182.78,182.82,277
2024-11-01T13:39:00+01:00,182.74,182.74,182.74,182.74,573
2024-11-01T13:40:30+01:00,182.78,182.78,182.78,182.78,75
2024-11-01T13:41:00+01:00,182.8,182.8,182.78,182.78,498
2024-11-01T13:43:00+01:00,182.84,182.84,182.84,182.84,20
2024-11-01T13:43:30+01:00,182.9,182.9,182.9,182.9,165
2024-11-01T13:44:00+01:00,182.8,182.88,182.8,182.88,885
2024-11-01T13:45:00+01:00,182.84,182.9,182.84,182.88,1054
2024-11-01T13:45:30+01:00,183,183,183,183,1
2024-11-01T13:48:00+01:00,182.72,182.72,182.72,182.72,75
2024-11-01T13:52:00+01:00,182.98,182.98,182.98,182.98,17
2024-11-01T13:55:00+01:00,182.74,183.08,182.74,183.08,438
2024-11-01T13:57:00+01:00,182.92,182.92,182.8,182.8,685
2024-11-01T13:58:00+01:00,182.96,182.96,182.96,182.96,15
2024-11-01T13:59:30+01:00,182.8,182.8,182.78,182.78,40
2024-11-01T14:01:30+01:00,182.48,182.48,182.48,182.48,552
2024-11-01T14:02:30+01:00,182.7,182.7,182.7,182.7,60
2024-11-01T14:03:00+01:00,182.6,182.6,182.6,182.6,303
2024-11-01T14:05:00+01:00,182.84,182.84,182.84,182.84,133
2024-11-01T14:05:30+01:00,183,183,183,183,13
2024-11-01T14:06:00+01:00,183.04,183.04,183.04,183.04,162
2024-11-01T14:06:30+01:00,183.02,183.02,183,183,1100
2024-11-01T14:07:00+01:00,183.1,183.1,183.1,183.1,4
2024-11-01T14:07:30+01:00,183.12,183.12,183.1,183.1,275
2024-11-01T14:08:30+01:00,183.18,183.18,183.18,183.18,75
2024-11-01T14:11:00+01:00,183.2,183.2,183.2,183.2,95
2024-11-01T14:11:30+01:00,183.12,183.12,183.06,183.06,50
2024-11-01T14:13:30+01:00,183.3,183.36,183.3,183.36,50
2024-11-01T14:14:30+01:00,183.22,183.22,183.22,183.22,4
2024-11-01T14:15:00+01:00,183.18,183.18,183.18,183.18,200
2024-11-01T14:16:00+01:00,183.4,183.4,183.4,183.4,15
2024-11-01T14:17:30+01:00,183.36,183.36,183.36,183.36,80
2024-11-01T14:21:00+01:00,183.3,183.3,183.3,183.3,40
2024-11-01T14:25:00+01:00,183.18,183.18,182.88,182.88,600
2024-11-01T14:25:30+01:00,183.26,183.26,183,183,1952
2024-11-01T14:26:00+01:00,183.16,183.34,183.16,183.34,316
2024-11-01T14:26:30+01:00,183.26,183.26,183,183,3891
2024-11-01T14:28:00+01:00,183.18,183.2,183.14,183.14,551
2024-11-01T14:28:30+01:00,183.04,183.04,183.04,183.04,62
2024-11-01T14:29:30+01:00,183.02,183.02,183.02,183.02,1
2024-11-01T14:30:00+01:00,183.3,183.3,183.22,183.22,86
2024-11-01T14:31:00+01:00,182.5,183.08,182.5,183.08,1616
2024-11-01T14:31:30+01:00,183.2,183.82,183.2,183.82,519
2024-11-01T14:32:00+01:00,183.7,183.98,183.66,183.66,250
2024-11-01T14:32:30+01:00,183.94,184,183.94,184,145
2024-11-01T14:35:00+01:00,183.24,183.24,183.24,183.24,165
2024-11-01T14:35:30+01:00,182.64,182.66,181.94,181.94,544
2024-11-01T14:36:00+01:00,182.02,182.02,182.02,182.02,5
2024-11-01T14:37:00+01:00,182.02,182.12,182,182,5135
2024-11-01T14:37:30+01:00,181.86,181.86,181.86,181.86,6
2024-11-01T14:38:00+01:00,182,182.06,182,182.06,301
2024-11-01T14:38:30+01:00,181.5,181.52,181.3,181.36,140
2024-11-01T14:39:00+01:00,182,182.04,182,182.04,95
2024-11-01T14:39:30+01:00,182.18,182.18,182.18,182.18,15
2024-11-01T14:40:00+01:00,182.4,182.4,182.4,182.4,140
2024-11-01T14:41:00+01:00,182.84,182.84,182.58,182.58,313
2024-11-01T14:42:30+01:00,182.6,182.6,182.6,182.6,1
2024-11-01T14:43:30+01:00,182.78,182.78,182.78,182.78,1
2024-11-01T14:44:30+01:00,182.8,182.8,182.8,182.8,1
2024-11-01T14:45:30+01:00,182.62,182.8,182.62,182.8,228
2024-11-01T14:47:30+01:00,183,183,183,183,70
2024-11-01T14:51:30+01:00,183.44,183.44,183.44,183.44,1
2024-11-01T14:52:00+01:00,183.44,183.44,183.44,183.44,400
2024-11-01T14:53:00+01:00,183.7,183.7,183.7,183.7,5
2024-11-01T14:53:30+01:00,183.78,183.94,183.7,183.7,83
2024-11-01T14:55:00+01:00,183.74,183.74,183.74,183.74,90
2024-11-01T14:57:00+01:00,183.72,183.72,183.72,183.72,21
2024-11-01T14:58:30+01:00,183.34,183.34,183.34,183.34,278
2024-11-01T15:00:00+01:00,183.38,183.38,183.32,183.32,16
2024-11-01T15:00:30+01:00,183.02,183.02,183.02,183.02,75
2024-11-01T15:02:00+01:00,182.6,182.82,182.6,182.82,361
2024-11-01T15:04:00+01:00,182.1,182.44,182.1,182.44,137
2024-11-01T15:04:30+01:00,182.3,182.38,182.3,182.38,416
2024-11-01T15:05:00+01:00,182.32,182.32,182.32,182.32,378
2024-11-01T15:06:30+01:00,182.14,182.14,182.14,182.14,1
2024-11-01T15:07:00+01:00,182.6,182.6,182.6,182.6,16
2024-11-01T15:07:30+01:00,182.72,182.72,182.72,182.72,1
2024-11-01T15:08:00+01:00,182.6,182.6,182.6,182.6,1
2024-11-01T15:15:00+01:00,182.9,182.9,182.9,182.9,26
2024-11-01T15:16:00+01:00,182.78,182.78,182.78,182.78,424
2024-11-01T15:17:00+01:00,182.36,182.36,182.36,182.36,300
2024-11-01T15:17:30+01:00,182.56,182.56,182.56,182.56,1
2024-11-01T15:18:00+01:00,182.8,182.8,182.8,182.8,28
2024-11-01T15:18:30+01:00,183.2,183.2,183.2,183.2,20
2024-11-01T15:20:30+01:00,183.08,183.08,183.08,183.08,5
2024-11-01T15:21:00+01:00,183.22,183.22,183.22,183.22,1
2024-11-01T15:21:30+01:00,183.2,183.2,183.2,183.2,251
2024-11-01T15:22:00+01:00,183.14,183.14,183.06,183.06,864
2024-11-01T15:23:30+01:00,183.18,183.18,183.18,183.18,33
2024-11-01T15:24:00+01:00,183.26,183.26,183.26,183.26,300
2024-11-01T15:24:30+01:00,183.24,183.24,183.24,183.24,4
2024-11-01T15:26:00+01:00,183.66,183.66,183.66,183.66,6
2024-11-01T15:26:30+01:00,183.6,183.72,183.58,183.72,572
2024-11-01T15:27:30+01:00,183.74,183.74,183.74,183.74,1
2024-11-01T15:28:00+01:00,183.68,183.78,183.68,183.78,6
2024-11-01T15:28:30+01:00,183.86,183.9,183.86,183.9,5130
2024-11-01T15:29:00+01:00,184,184.04,184,184.04,801
2024-11-01T15:29:30+01:00,184.1,184.1,184.08,184.08,929
2024-11-01T15:30:00+01:00,184.08,184.08,184.08,184.08,216
2024-11-01T15:30:30+01:00,184,184,184,184,1
2024-11-01T15:31:00+01:00,184.06,184.16,184.06,184.16,4268
2024-11-01T15:31:30+01:00,184.18,184.18,184.1,184.1,388
2024-11-01T15:32:00+01:00,184.16,184.16,184.16,184.16,354
2024-11-01T15:32:30+01:00,184.48,184.5,184.3,184.3,818
2024-11-01T15:33:00+01:00,183.68,183.68,183.48,183.58,235
2024-11-01T15:33:30+01:00,183.58,183.58,183.58,183.58,380
2024-11-01T15:34:00+01:00,183.7,183.7,183.7,183.7,7
2024-11-01T15:36:30+01:00,184.04,184.04,184.02,184.02,3
2024-11-01T15:37:00+01:00,184.16,184.16,184.16,184.16,3
2024-11-01T15:37:30+01:00,183.92,183.92,183.92,183.92,135
2024-11-01T15:38:00+01:00,183.54,183.54,183.54,183.54,75
2024-11-01T15:38:30+01:00,183.88,183.9,183.88,183.9,412
2024-11-01T15:39:30+01:00,183.9,183.9,183.9,183.9,7
2024-11-01T15:40:30+01:00,184.16,184.16,184.16,184.16,110
2024-11-01T15:43:30+01:00,183.5,183.5,183.4,183.4,290
2024-11-01T15:44:00+01:00,183.42,183.42,183.42,183.42,4
2024-11-01T15:44:30+01:00,183.72,183.72,183.72,183.72,9
2024-11-01T15:46:00+01:00,183.58,183.82,183.58,183.82,536
2024-11-01T15:46:30+01:00,183.72,183.72,183.46,183.46,4
2024-11-01T15:48:00+01:00,183.76,183.76,183.76,183.76,33
2024-11-01T15:49:00+01:00,184,184,184,184,55
2024-11-01T15:49:30+01:00,183.94,183.96,183.94,183.96,21
2024-11-01T15:50:00+01:00,183.6,183.7,183.6,183.7,26
2024-11-01T15:50:30+01:00,183.72,183.72,183.72,183.72,18
2024-11-01T15:51:30+01:00,183.8,183.8,183.8,183.8,2
2024-11-01T15:52:00+01:00,183.74,183.76,183.74,183.76,6
2024-11-01T15:52:30+01:00,184.02,184.02,184.02,184.02,11
2024-11-01T15:55:00+01:00,183.9,183.9,183.9,183.9,11
2024-11-01T15:55:30+01:00,183.8,183.8,183.8,183.8,78
2024-11-01T15:57:00+01:00,184.08,184.18,184.08,184.18,16
2024-11-01T15:59:30+01:00,184.16,184.24,184.16,184.2,1024
2024-11-01T16:01:30+01:00,184.1,184.1,184.1,184.1,51
2024-11-01T16:03:00+01:00,184.24,184.24,184.24,184.24,2
2024-11-01T16:05:00+01:00,184.1,184.1,184.1,184.1,125
2024-11-01T16:06:30+01:00,183.9,183.9,183.9,183.9,58
2024-11-01T16:07:00+01:00,183.96,183.96,183.96,183.96,2
2024-11-01T16:09:00+01:00,184.02,184.02,183.94,183.94,2
2024-11-01T16:10:00+01:00,183.86,183.86,183.68,183.68,16
2024-11-01T16:10:30+01:00,183.8,183.8,183.74,183.74,21
2024-11-01T16:12:00+01:00,184,184,184,184,10
2024-11-01T16:13:30+01:00,183.86,183.94,183.86,183.94,120
2024-11-01T16:16:00+01:00,184.08,184.08,184.08,184.08,30
2024-11-01T16:18:30+01:00,183.82,183.82,183.82,183.82,1
2024-11-01T16:20:00+01:00,183.92,183.92,183.92,183.92,2
2024-11-01T16:20:30+01:00,183.86,183.86,183.86,183.86,1
2024-11-01T16:22:00+01:00,184,184,184,184,30
2024-11-01T16:23:00+01:00,184.2,184.2,184.2,184.2,19
2024-11-01T16:23:30+01:00,184.16,184.16,184.16,184.16,1
2024-11-01T16:25:00+01:00,184.24,184.24,184.24,184.24,1
2024-11-01T16:25:30+01:00,184.3,184.3,184.22,184.22,78
2024-11-01T16:26:00+01:00,184.2,184.2,184.2,184.2,198
2024-11-01T16:26:30+01:00,184.28,184.28,184.26,184.26,149
2024-11-01T16:27:00+01:00,184.3,184.3,184.3,184.3,7
2024-11-01T16:28:00+01:00,184.32,184.32,184.32,184.32,6
2024-11-01T16:28:30+01:00,184.18,184.2,184.18,184.2,2
2024-11-01T16:29:30+01:00,184.2,184.2,184.2,184.2,1
2024-11-01T16:30:30+01:00,184.16,184.16,184.16,184.16,80
2024-11-01T16:32:30+01:00,184.28,184.28,184.28,184.28,75
2024-11-01T16:34:00+01:00,184.4,184.58,184.28,184.38,3265
2024-11-01T16:35:30+01:00,184.24,184.24,184.24,184.24,10
2024-11-01T16:36:00+01:00,183.98,183.98,183.98,183.98,1
2024-11-01T16:38:30+01:00,184.08,184.08,184.08,184.08,20
2024-11-01T16:40:00+01:00,184.26,184.26,184.26,184.26,300
2024-11-01T16:40:30+01:00,184.22,184.22,184.22,184.22,56
2024-11-01T16:41:30+01:00,184.04,184.04,183.96,184.04,850
2024-11-01T16:42:30+01:00,184.2,184.2,184.2,184.2,5
2024-11-01T16:45:00+01:00,184.24,184.24,184.24,184.24,1
2024-11-01T16:45:30+01:00,184.24,184.24,184.24,184.24,20
2024-11-01T16:46:00+01:00,184.14,184.14,184.14,184.14,15
2024-11-01T16:48:00+01:00,184.08,184.08,184.08,184.08,1
2024-11-01T16:49:00+01:00,184,184,184,184,50
2024-11-01T16:51:30+01:00,183.5,183.52,183.5,183.52,303
2024-11-01T16:54:00+01:00,183.78,183.78,183.78,183.78,30
2024-11-01T16:55:30+01:00,183.82,183.82,183.82,183.82,33
2024-11-01T16:56:00+01:00,183.76,183.82,183.76,183.82,626
2024-11-01T17:00:00+01:00,183.62,183.62,183.62,183.62,13
2024-11-01T17:01:00+01:00,183.76,183.76,183.72,183.74,1040
2024-11-01T17:01:30+01:00,183.88,184,183.88,184,73
2024-11-01T17:02:00+01:00,184,184,184,184,1000
2024-11-01T17:02:30+01:00,184.08,184.08,184.08,184.08,900
2024-11-01T17:03:00+01:00,184.06,184.06,184.06,184.06,70
2024-11-01T17:06:30+01:00,183.8,183.8,183.8,183.8,3
2024-11-01T17:10:00+01:00,183.9,183.9,183.9,183.9,3
2024-11-01T17:10:30+01:00,183.8,183.92,183.78,183.88,387
2024-11-01T17:11:00+01:00,183.9,183.9,183.9,183.9,20
2024-11-01T17:13:30+01:00,183.88,183.88,183.88,183.88,115
2024-11-01T17:14:00+01:00,183.86,183.86,183.86,183.86,3
2024-11-01T17:15:00+01:00,183.84,183.84,183.84,183.84,3
2024-11-01T17:15:30+01:00,183.8,183.8,183.8,183.8,75
2024-11-01T17:17:00+01:00,184,184,184,184,150
2024-11-01T17:18:00+01:00,183.7,183.7,183.66,183.7,1090
2024-11-01T17:19:30+01:00,183.74,183.74,183.74,183.74,176
2024-11-01T17:20:00+01:00,183.62,183.62,183.62,183.62,28
2024-11-01T17:21:30+01:00,183,183,182.96,182.96,345
2024-11-01T17:22:00+01:00,183.28,183.38,183.28,183.38,500
2024-11-01T17:22:30+01:00,183.42,183.42,183.42,183.42,300
2024-11-01T17:23:00+01:00,183.48,183.48,183.48,183.48,3
2024-11-01T17:25:00+01:00,183.44,183.44,183.44,183.44,1
2024-11-01T17:26:30+01:00,182.98,183.12,182.98,183.12,11
2024-11-01T17:27:30+01:00,183.1,183.1,183.1,183.1,3
2024-11-04T09:06:30+01:00,180.8,180.98,180.8,180.8,2694
2024-11-04T09:08:00+01:00,180.84,180.84,180.84,180.84,35
2024-11-04T09:10:00+01:00,180.9,180.9,180.9,180.9,157
2024-11-04T09:10:30+01:00,180.86,180.86,180.86,180.86,358
2024-11-04T09:11:00+01:00,180.86,180.86,180.8,180.8,3747
2024-11-04T09:12:30+01:00,180.86,180.86,180.86,180.86,148
2024-11-04T09:13:30+01:00,180.86,180.9,180.86,180.9,300
2024-11-04T09:14:00+01:00,180.76,180.76,180.74,180.74,186
2024-11-04T09:14:30+01:00,180.88,180.9,180.74,180.74,26
2024-11-04T09:15:00+01:00,180.9,180.9,180.9,180.9,150
2024-11-04T09:16:00+01:00,180.92,180.92,180.92,180.92,17
2024-11-04T09:16:30+01:00,180.92,180.92,180.92,180.92,242
2024-11-04T09:17:00+01:00,180.8,180.8,180.8,180.8,180
2024-11-04T09:17:30+01:00,180.8,180.8,180.74,180.74,1000
2024-11-04T09:20:30+01:00,180.74,180.74,180.74,180.74,111
2024-11-04T09:22:00+01:00,180.74,180.74,180.74,180.74,225
2024-11-04T09:24:00+01:00,180.8,180.8,180.8,180.8,40
2024-11-04T09:25:30+01:00,180.74,180.74,180.74,180.74,420
2024-11-04T09:27:30+01:00,180.66,180.66,180.64,180.64,175
2024-11-04T09:30:30+01:00,180.66,180.66,180.66,180.66,202
2024-11-04T09:32:30+01:00,180.7,180.72,180.7,180.7,1480
2024-11-04T09:33:00+01:00,180.68,180.68,180.6,180.6,90
2024-11-04T09:34:00+01:00,180.6,180.6,180.6,180.6,38
2024-11-04T09:35:30+01:00,180.6,180.6,180.6,180.6,10
2024-11-04T09:36:00+01:00,180.66,180.7,180.6,180.6,177
2024-11-04T09:39:30+01:00,180.6,180.6,180.6,180.6,41
2024-11-04T09:41:00+01:00,180.6,180.6,180.6,180.6,365
2024-11-04T09:41:30+01:00,180.6,180.6,180.6,180.6,205
2024-11-04T09:42:00+01:00,180.58,180.58,180.58,180.58,3
2024-11-04T09:43:00+01:00,180.56,180.56,180.56,180.56,306
2024-11-04T09:45:00+01:00,180.58,180.58,180.58,180.58,25
2024-11-04T09:45:30+01:00,180.44,180.44,180.42,180.42,70
2024-11-04T09:47:30+01:00,180.6,180.6,180.6,180.6,57
2024-11-04T09:49:00+01:00,180.56,180.56,180.56,180.56,5
2024-11-04T09:52:00+01:00,180.46,180.5,180.46,180.5,580
2024-11-04T09:54:30+01:00,180.5,180.5,180.5,180.5,9
2024-11-04T09:55:00+01:00,180.42,180.42,180.42,180.42,20
2024-11-04T09:59:00+01:00,180.48,180.48,180.48,180.48,35
2024-11-04T09:59:30+01:00,180.48,180.48,180.48,180.48,325
2024-11-04T10:00:00+01:00,180.48,180.92,180.48,180.82,2734
2024-11-04T10:00:30+01:00,180.76,180.76,180.76,180.76,3
2024-11-04T10:02:30+01:00,180.72,180.72,180.44,180.44,355
2024-11-04T10:03:30+01:00,180.54,180.54,180.54,180.54,179
2024-11-04T10:04:30+01:00,180.5,180.5,180.5,180.5,52
2024-11-04T10:08:00+01:00,180.62,180.62,180.62,180.62,20
2024-11-04T10:09:00+01:00,180.54,180.54,180.5,180.5,1045
2024-11-04T10:09:30+01:00,180.48,180.52,180.42,180.42,2084
2024-11-04T10:10:00+01:00,180.36,180.36,180.36,180.36,99
2024-11-04T10:11:00+01:00,180.36,180.36,180.36,180.36,6
2024-11-04T10:11:30+01:00,180.36,180.36,180.36,180.36,44
2024-11-04T10:12:00+01:00,180.32,180.32,180.32,180.32,50
2024-11-04T10:17:00+01:00,180.3,180.3,180.3,180.3,50
2024-11-04T10:20:00+01:00,180.5,180.5,180.5,180.5,30
2024-11-04T10:23:00+01:00,180.54,180.54,180.54,180.54,5
2024-11-04T10:23:30+01:00,180.54,180.54,180.52,180.52,500
2024-11-04T10:25:30+01:00,180.36,180.36,180.36,180.36,25
2024-11-04T10:30:30+01:00,180.54,180.54,180.54,180.54,180
2024-11-04T10:32:00+01:00,180.52,180.52,180.52,180.52,1
2024-11-04T10:32:30+01:00,180.34,180.34,180.26,180.26,36
2024-11-04T10:33:00+01:00,180.26,180.26,180.26,180.26,17
2024-11-04T10:33:30+01:00,180,180,179.72,179.72,780
2024-11-04T10:35:00+01:00,179.82,179.82,179.82,179.82,45
2024-11-04T10:40:30+01:00,180,180,180,180,56
2024-11-04T10:41:00+01:00,180,180,180,180,80
2024-11-04T10:43:30+01:00,180.02,180.02,180,180,12
2024-11-04T10:44:30+01:00,180.2,180.2,180.2,180.2,2
2024-11-04T10:48:30+01:00,180.2,180.2,180.2,180.2,63
2024-11-04T10:54:00+01:00,180.24,180.24,180.24,180.24,10
2024-11-04T10:57:30+01:00,180.14,180.14,180.14,180.14,100
2024-11-04T10:58:30+01:00,180.12,180.2,180.12,180.2,103
2024-11-04T10:59:00+01:00,180.28,180.28,180.28,180.28,3
2024-11-04T11:01:00+01:00,180.2,180.2,180.2,180.2,50
2024-11-04T11:03:00+01:00,180.2,180.2,180.2,180.2,180
2024-11-04T11:04:30+01:00,180.34,180.34,180.34,180.34,93
2024-11-04T11:10:30+01:00,180.44,180.44,180.34,180.34,115
2024-11-04T11:11:30+01:00,180.48,180.48,180.48,180.48,3
2024-11-04T11:13:00+01:00,180.38,180.38,180.36,180.36,4
2024-11-04T11:17:00+01:00,180.32,180.32,180.32,180.32,10
2024-11-04T11:18:30+01:00,180.2,180.2,180.2,180.2,60
2024-11-04T11:20:30+01:00,180.2,180.2,180.2,180.2,100
2024-11-04T11:24:00+01:00,180.38,180.38,180.38,180.38,1
2024-11-04T11:25:30+01:00,180.26,180.26,180.24,180.24,67
2024-11-04T11:26:30+01:00,180.26,180.26,180.26,180.26,30
2024-11-04T11:31:00+01:00,180.24,180.24,180.24,180.24,10
2024-11-04T11:32:30+01:00,180.44,180.44,180.44,180.44,44
2024-11-04T11:35:00+01:00,180.5,180.5,180.5,180.5,3
2024-11-04T11:35:30+01:00,180.32,180.42,180.32,180.42,231
2024-11-04T11:37:30+01:00,180.3,180.36,180.28,180.36,273
2024-11-04T11:41:30+01:00,180.32,180.32,180.32,180.32,39
2024-11-04T11:42:00+01:00,180.3,180.3,180.3,180.3,52
2024-11-04T11:46:30+01:00,180.36,180.42,180.36,180.42,280
2024-11-04T11:48:00+01:00,180.48,180.48,180.48,180.48,6
2024-11-04T11:52:30+01:00,180.5,180.5,180.5,180.5,1
2024-11-04T11:53:00+01:00,180.44,180.44,180.36,180.36,334
2024-11-04T11:54:30+01:00,180.44,180.46,180.44,180.46,110
2024-11-04T12:05:00+01:00,180.44,180.44,180.44,180.44,27
2024-11-04T12:05:30+01:00,180.38,180.38,180.34,180.34,481
2024-11-04T12:06:30+01:00,180.28,180.28,180.28,180.28,275
2024-11-04T12:07:30+01:00,180.34,180.34,180.2,180.2,2950
2024-11-04T12:08:30+01:00,180.2,180.2,180.2,180.2,2280
2024-11-04T12:14:30+01:00,180.18,180.18,180.16,180.16,50
2024-11-04T12:15:00+01:00,180.22,180.22,180.22,180.22,40
2024-11-04T12:15:30+01:00,180.22,180.36,180.22,180.36,1668
2024-11-04T12:19:30+01:00,180.2,180.2,180.2,180.2,50
2024-11-04T12:20:00+01:00,180.26,180.26,180.26,180.26,168
2024-11-04T12:21:00+01:00,180.38,180.38,180.38,180.38,230
2024-11-04T12:26:30+01:00,180.34,180.38,180.34,180.38,197
2024-11-04T12:27:00+01:00,180.28,180.38,180.26,180.38,106
2024-11-04T12:27:30+01:00,180.38,180.38,180.32,180.34,408
2024-11-04T12:29:30+01:00,180.36,180.36,180.36,180.36,1
2024-11-04T12:31:30+01:00,180.34,180.34,180.34,180.34,102
2024-11-04T12:32:00+01:00,180.34,180.34,180.34,180.34,168
2024-11-04T12:32:30+01:00,180.34,180.34,180.34,180.34,3
2024-11-04T12:34:00+01:00,180.22,180.22,180.22,180.22,100
2024-11-04T12:43:30+01:00,180.14,180.14,180.14,180.14,168
2024-11-04T12:46:30+01:00,180.06,180.06,180.06,180.06,301
2024-11-04T12:47:00+01:00,180.1,180.1,180.1,180.1,100
2024-11-04T12:49:30+01:00,180.06,180.06,180,180,268
2024-11-04T12:55:00+01:00,179.88,179.88,179.88,179.88,5
2024-11-04T12:58:00+01:00,179.9,179.9,179.9,179.9,500
2024-11-04T13:00:00+01:00,180,180.06,180,180.06,58
2024-11-04T13:01:00+01:00,180,180,180,180,20
2024-11-04T13:02:00+01:00,180.18,180.18,180.18,180.18,4
2024-11-04T13:06:00+01:00,180.02,180.02,180,180,4
2024-11-04T13:06:30+01:00,179.86,179.86,179.86,179.86,309
2024-11-04T13:10:30+01:00,180.1,180.1,180.1,180.1,39
2024-11-04T13:11:30+01:00,180.08,180.08,180.08,180.08,150
2024-11-04T13:13:00+01:00,180.2,180.32,180.18,180.24,729
2024-11-04T13:13:30+01:00,180.24,180.24,180.24,180.24,4
2024-11-04T13:14:00+01:00,180.24,180.24,180.22,180.24,1106
2024-11-04T13:14:30+01:00,180.22,180.22,180.22,180.22,504
2024-11-04T13:17:00+01:00,180.32,180.32,180.32,180.32,1
2024-11-04T13:18:00+01:00,180.16,180.16,180.16,180.16,175
2024-11-04T13:18:30+01:00,180.18,180.2,180.18,180.18,1264
2024-11-04T13:19:00+01:00,180.2,180.3,180.2,180.3,734
2024-11-04T13:21:00+01:00,180.32,180.32,180.32,180.32,210
2024-11-04T13:21:30+01:00,180.4,180.48,180.38,180.48,1998
2024-11-04T13:22:00+01:00,180.3,180.4,180.24,180.24,809
2024-11-04T13:22:30+01:00,180.22,180.22,180.22,180.22,238
2024-11-04T13:24:30+01:00,180.06,180.06,180.04,180.04,682
2024-11-04T13:25:00+01:00,180.12,180.14,180.12,180.14,177
2024-11-04T13:27:30+01:00,180.14,180.14,180.14,180.14,1740
2024-11-04T13:28:30+01:00,180.04,180.04,180.04,180.04,20
2024-11-04T13:29:00+01:00,179.98,179.98,179.98,179.98,3
2024-11-04T13:31:30+01:00,179.9,179.9,179.9,179.9,3
2024-11-04T13:33:00+01:00,179.94,179.94,179.94,179.94,1740
2024-11-04T13:35:30+01:00,179.82,179.98,179.82,179.98,322
2024-11-04T13:40:00+01:00,179.8,179.8,179.8,179.8,2
2024-11-04T13:42:00+01:00,179.56,179.56,179.56,179.56,30
2024-11-04T13:43:00+01:00,179.6,179.84,179.6,179.8,332
2024-11-04T13:48:00+01:00,179.98,179.98,179.98,179.98,21
2024-11-04T13:48:30+01:00,179.92,179.92,179.92,179.92,2
2024-11-04T13:52:30+01:00,180.1,180.1,180.1,180.1,4
2024-11-04T13:56:00+01:00,180.1,180.1,180.1,180.1,179
2024-11-04T13:56:30+01:00,180.08,180.08,180.08,180.08,1
2024-11-04T13:57:30+01:00,180.12,180.12,180.12,180.12,143
2024-11-04T14:02:30+01:00,180.16,180.16,180.16,180.16,591
2024-11-04T14:05:00+01:00,180.08,180.08,180.08,180.08,120
2024-11-04T14:07:00+01:00,180.12,180.12,180.12,180.12,1
2024-11-04T14:11:00+01:00,180,180,180,180,3
2024-11-04T14:14:00+01:00,179.96,179.96,179.96,179.96,1
2024-11-04T14:14:30+01:00,179.92,179.92,179.9,179.9,600
2024-11-04T14:15:30+01:00,179.8,179.8,179.8,179.8,50
2024-11-04T14:16:30+01:00,179.9,179.9,179.9,179.9,1750
2024-11-04T14:17:00+01:00,179.84,179.84,179.84,179.84,75
2024-11-04T14:17:30+01:00,179.9,179.9,179.9,179.9,24
2024-11-04T14:20:30+01:00,180,180,180,180,100
2024-11-04T14:21:00+01:00,180,180.02,180,180.02,1696
2024-11-04T14:22:00+01:00,180.06,180.06,180.06,180.06,300
2024-11-04T14:25:00+01:00,180.02,180.02,180.02,180.02,2
2024-11-04T14:25:30+01:00,179.98,179.98,179.98,179.98,100
2024-11-04T14:30:00+01:00,180,180,180,180,3
2024-11-04T14:31:30+01:00,180.1,180.1,180.1,180.1,143
2024-11-04T14:32:30+01:00,180.04,180.04,180.04,180.04,50
2024-11-04T14:33:00+01:00,180.1,180.1,180,180,3270
2024-11-04T14:38:00+01:00,180.04,180.12,180.04,180.12,363
2024-11-04T14:40:30+01:00,180.08,180.08,180.08,180.08,301
2024-11-04T14:41:00+01:00,180.08,180.08,180.08,180.08,10
2024-11-04T14:41:30+01:00,180.1,180.1,180.1,180.1,3
2024-11-04T14:42:00+01:00,180.1,180.1,180.1,180.1,10
2024-11-04T14:44:00+01:00,180.02,180.02,179.96,180,817
2024-11-04T14:46:00+01:00,179.88,179.88,179.88,179.88,70
2024-11-04T14:46:30+01:00,179.9,179.9,179.88,179.88,190
2024-11-04T14:48:00+01:00,179.98,179.98,179.9,179.9,2634
2024-11-04T14:51:00+01:00,179.98,179.98,179.84,179.84,207
2024-11-04T14:52:00+01:00,179.76,179.76,179.76,179.76,3
2024-11-04T14:52:30+01:00,179.78,179.78,179.78,179.78,39
2024-11-04T14:57:00+01:00,179.66,179.66,179.66,179.66,20
2024-11-04T14:59:30+01:00,179.88,179.88,179.88,179.88,10
2024-11-04T15:00:00+01:00,179.92,179.92,179.86,179.86,555
2024-11-04T15:01:00+01:00,180.1,180.1,180.1,180.1,111
2024-11-04T15:01:30+01:00,179.96,179.96,179.96,179.96,200
2024-11-04T15:04:30+01:00,179.92,179.92,179.92,179.92,3
2024-11-04T15:05:00+01:00,179.88,179.88,179.88,179.88,1
2024-11-04T15:05:30+01:00,179.9,179.9,179.86,179.9,1110
2024-11-04T15:07:00+01:00,179.96,179.96,179.96,179.96,3
2024-11-04T15:08:00+01:00,180,180.02,180,180.02,80
2024-11-04T15:09:00+01:00,180.06,180.08,179.92,180.08,267
2024-11-04T15:14:00+01:00,179.96,179.96,179.96,179.96,10
2024-11-04T15:17:30+01:00,180.02,180.02,179.94,179.94,100
2024-11-04T15:20:00+01:00,179.92,179.92,179.88,179.88,4
2024-11-04T15:21:30+01:00,179.92,179.92,179.92,179.92,60
2024-11-04T15:25:00+01:00,179.7,179.7,179.5,179.5,399
2024-11-04T15:25:30+01:00,179.68,179.68,179.68,179.68,30
2024-11-04T15:26:00+01:00,179.6,179.6,179.6,179.6,1
2024-11-04T15:27:00+01:00,179.62,179.62,179.62,179.62,60
2024-11-04T15:27:30+01:00,179.86,180.54,179.86,179.88,965
2024-11-04T15:29:30+01:00,180.02,180.02,180.02,180.02,196
2024-11-04T15:30:00+01:00,180.32,180.64,179.76,180.48,1693
2024-11-04T15:31:30+01:00,179.9,179.9,179.88,179.88,21
2024-11-04T15:32:00+01:00,179.72,179.96,179.72,179.96,308
2024-11-04T15:32:30+01:00,179.8,180,179.8,180,151
2024-11-04T15:34:00+01:00,179.82,179.82,179.82,179.82,20
2024-11-04T15:35:00+01:00,180,180,180,180,1277
2024-11-04T15:35:30+01:00,180.06,180.06,180.06,180.06,1
2024-11-04T15:36:30+01:00,179.72,179.72,179.68,179.68,305
2024-11-04T15:37:00+01:00,179.54,179.54,179.54,179.54,1
2024-11-04T15:38:00+01:00,179.8,179.8,179.8,179.8,30
2024-11-04T15:38:30+01:00,179.74,179.9,179.74,179.9,63
2024-11-04T15:39:00+01:00,180,180,180,180,304
2024-11-04T15:40:00+01:00,179.88,179.88,179.88,179.88,56
2024-11-04T15:40:30+01:00,179.62,179.72,179.62,179.72,197
2024-11-04T15:42:00+01:00,179.92,179.96,179.92,179.96,509
2024-11-04T15:43:00+01:00,180.16,180.16,180.16,180.16,2
2024-11-04T15:43:30+01:00,180.28,180.28,180.28,180.28,7
2024-11-04T15:44:00+01:00,180.5,180.5,180.5,180.5,166
2024-11-04T15:44:30+01:00,180.52,180.52,180.52,180.52,1
2024-11-04T15:45:30+01:00,180.52,180.84,180.24,180.84,4738
2024-11-04T15:46:00+01:00,180.82,180.82,180.82,180.82,3
2024-11-04T15:47:30+01:00,180.62,180.62,180.62,180.62,300
2024-11-04T15:48:00+01:00,180.28,180.28,180.28,180.28,68
2024-11-04T15:49:00+01:00,180.14,180.14,179.9,179.9,580
2024-11-04T15:49:30+01:00,180.1,180.34,180.1,180.34,409
2024-11-04T15:50:00+01:00,180.5,180.5,180.22,180.22,1753
2024-11-04T15:50:30+01:00,180.38,180.42,180.26,180.26,319
2024-11-04T15:51:00+01:00,180.3,180.32,180.3,180.32,101
2024-11-04T15:52:30+01:00,180.32,180.34,180.32,180.32,185
2024-11-04T15:53:30+01:00,180.2,180.2,180.2,180.2,28
2024-11-04T15:55:00+01:00,180.32,180.32,180.32,180.32,1
2024-11-04T15:56:30+01:00,180.04,180.04,180.04,180.04,78
2024-11-04T15:57:00+01:00,179.86,179.96,179.86,179.96,101
2024-11-04T15:57:30+01:00,179.96,179.96,179.96,179.96,57
2024-11-04T15:58:30+01:00,180.04,180.04,180.04,180.04,12
2024-11-04T15:59:00+01:00,179.98,180.04,179.98,180.04,42
2024-11-04T16:00:00+01:00,180.12,180.12,180.12,180.12,1
2024-11-04T16:03:00+01:00,180.08,180.08,180.08,180.08,1
2024-11-04T16:08:00+01:00,180.24,180.24,180.24,180.24,20
2024-11-04T16:10:30+01:00,180.24,180.24,180.24,180.24,1
2024-11-04T16:11:00+01:00,180.2,180.2,180.2,180.2,388
2024-11-04T16:12:00+01:00,180.22,180.22,180.22,180.22,1
2024-11-04T16:14:00+01:00,180,180,179.94,179.94,242
2024-11-04T16:15:00+01:00,179.96,179.96,179.96,179.96,109
2024-11-04T16:19:00+01:00,180.14,180.14,180.14,180.14,104
2024-11-04T16:20:00+01:00,180.22,180.22,180.22,180.22,30
2024-11-04T16:20:30+01:00,180.36,180.36,180.36,180.36,1
2024-11-04T16:22:30+01:00,180.36,180.36,180.36,180.36,300
2024-11-04T16:23:00+01:00,180.46,180.46,180.46,180.46,5
2024-11-04T16:23:30+01:00,180.6,180.6,180.6,180.6,60
2024-11-04T16:25:00+01:00,180.58,180.58,180.58,180.58,1
2024-11-04T16:28:00+01:00,180.1,180.1,180.1,180.1,30
2024-11-04T16:30:00+01:00,180.16,180.16,180.16,180.16,1
2024-11-04T16:31:00+01:00,180.16,180.16,180.16,180.16,77
2024-11-04T16:33:00+01:00,180.5,180.5,180.5,180.5,1
2024-11-04T16:34:00+01:00,180.56,180.56,180.56,180.56,27
2024-11-04T16:36:00+01:00,180.6,180.6,180.6,180.6,100
2024-11-04T16:36:30+01:00,180.66,180.66,180.66,180.66,1
2024-11-04T16:38:30+01:00,180.78,180.82,180.78,180.82,121
2024-11-04T16:39:00+01:00,180.72,180.72,180.72,180.72,12
2024-11-04T16:41:00+01:00,180.66,180.66,180.66,180.66,15
2024-11-04T16:41:30+01:00,180.74,180.74,180.74,180.74,1
2024-11-04T16:43:00+01:00,180.7,180.7,180.7,180.7,9
2024-11-04T16:44:00+01:00,180.8,180.8,180.8,180.8,29
2024-11-04T16:45:00+01:00,180.84,180.84,180.8,180.8,31
2024-11-04T16:46:00+01:00,180.72,180.72,180.72,180.72,42
2024-11-04T16:46:30+01:00,180.68,180.68,180.68,180.68,10
2024-11-04T16:47:00+01:00,180.76,180.76,180.76,180.76,14
2024-11-04T16:47:30+01:00,180.86,180.88,180.86,180.88,28
2024-11-04T16:48:00+01:00,181,181,181,181,140
2024-11-04T16:49:30+01:00,180.96,181,180.96,181,50
2024-11-04T16:50:00+01:00,181,181,181,181,1
2024-11-04T16:51:00+01:00,180.9,180.94,180.9,180.94,111
2024-11-04T16:53:30+01:00,180.8,180.8,180.8,180.8,100
2024-11-04T16:54:00+01:00,180.78,180.8,180.78,180.8,106
2024-11-04T16:55:30+01:00,180.76,180.76,180.76,180.76,1
2024-11-04T16:56:00+01:00,180.82,180.82,180.82,180.82,50
2024-11-04T16:57:30+01:00,180.88,180.88,180.88,180.88,5
2024-11-04T16:59:00+01:00,180.94,180.94,180.94,180.94,13
2024-11-04T17:00:30+01:00,180.84,180.84,180.84,180.84,10
2024-11-04T17:02:30+01:00,180.7,180.7,180.7,180.7,406
2024-11-04T17:03:00+01:00,180.72,180.72,180.72,180.72,1
2024-11-04T17:05:30+01:00,180.56,180.56,180.56,180.56,179
2024-11-04T17:07:00+01:00,180.52,180.52,180.52,180.52,6
2024-11-04T17:07:30+01:00,180.58,180.58,180.58,180.58,35
2024-11-04T17:08:00+01:00,180.6,180.6,180.6,180.6,1
2024-11-04T17:09:30+01:00,180.38,180.38,180.38,180.38,3
2024-11-04T17:16:00+01:00,180.78,180.78,180.78,180.78,95
2024-11-04T17:16:30+01:00,180.68,180.68,180.68,180.68,3
2024-11-04T17:17:00+01:00,180.6,180.6,180.6,180.6,280
2024-11-04T17:19:30+01:00,180.44,180.44,180.44,180.44,1
2024-11-04T17:20:30+01:00,180.5,180.5,180.5,180.5,75
2024-11-04T17:23:00+01:00,180.42,180.42,180.38,180.38,21
2024-11-04T17:24:00+01:00,180.28,180.28,180.28,180.28,100
2024-11-04T17:25:00+01:00,180.32,180.32,180.32,180.32,1
2024-11-04T17:25:30+01:00,180.4,180.4,180.4,180.4,97
2024-11-04T17:27:30+01:00,180.28,180.28,180.28,180.28,81
2024-11-04T17:28:00+01:00,180.24,180.24,180.24,180.24,12
2024-11-05T09:04:00+01:00,179.8,179.8,179.8,179.8,1223
2024-11-05T09:05:00+01:00,179.82,179.82,179.8,179.8,120
2024-11-05T09:07:30+01:00,179.8,179.8,179.8,179.8,100
2024-11-05T09:08:30+01:00,179.8,179.8,179.74,179.74,426
2024-11-05T09:23:30+01:00,179.68,179.7,179.68,179.7,199
2024-11-05T09:27:30+01:00,179.76,179.84,179.76,179.84,172
2024-11-05T09:34:00+01:00,179.86,179.86,179.86,179.86,10
2024-11-05T09:40:00+01:00,179.94,180.04,179.94,180.04,158
2024-11-05T09:40:30+01:00,179.88,179.88,179.86,179.86,168
2024-11-05T09:42:30+01:00,180.06,180.1,180.06,180.1,3
2024-11-05T09:44:30+01:00,180.06,180.06,180.06,180.06,5
2024-11-05T09:48:00+01:00,180.12,180.26,180.12,180.22,318
2024-11-05T09:51:30+01:00,180.26,180.26,180.26,180.26,28
2024-11-05T09:56:00+01:00,180.06,180.06,180.06,180.06,50
2024-11-05T09:59:30+01:00,180.2,180.2,180.2,180.2,20
2024-11-05T10:00:00+01:00,180.12,180.12,179.88,179.88,2013
2024-11-05T10:04:30+01:00,179.98,179.98,179.98,179.98,26
2024-11-05T10:06:30+01:00,179.88,179.88,179.88,179.88,522
2024-11-05T10:08:30+01:00,179.9,179.9,179.88,179.88,150
2024-11-05T10:09:00+01:00,179.86,179.86,179.86,179.86,18
2024-11-05T10:10:00+01:00,179.92,179.92,179.92,179.92,6
2024-11-05T10:12:30+01:00,179.94,179.94,179.94,179.94,140
2024-11-05T10:13:00+01:00,179.96,179.96,179.96,179.96,10
2024-11-05T10:17:00+01:00,179.9,179.9,179.9,179.9,83
2024-11-05T10:36:30+01:00,180.12,180.12,180.12,180.12,56
2024-11-05T10:51:30+01:00,180.08,180.08,180,180,29
2024-11-05T10:52:00+01:00,180,180,180,180,53
2024-11-05T10:55:00+01:00,180,180.08,180,180.08,211
2024-11-05T10:56:00+01:00,180.1,180.1,180.1,180.1,6
2024-11-05T10:57:30+01:00,180.06,180.06,180.06,180.06,22
2024-11-05T10:59:30+01:00,180.04,180.04,180.04,180.04,74
2024-11-05T11:00:00+01:00,179.94,179.94,179.94,179.94,5
2024-11-05T11:00:30+01:00,179.94,179.94,179.86,179.86,37
2024-11-05T11:01:00+01:00,179.88,179.98,179.86,179.98,121
2024-11-05T11:01:30+01:00,179.9,179.9,179.82,179.82,628
2024-11-05T11:03:00+01:00,179.88,179.88,179.88,179.88,26
2024-11-05T11:04:00+01:00,179.96,179.96,179.96,179.96,22
2024-11-05T11:06:00+01:00,179.94,179.94,179.94,179.94,9
2024-11-05T11:07:00+01:00,180.02,180.02,180.02,180.02,15
2024-11-05T11:08:00+01:00,179.98,180.04,179.98,180.04,16
2024-11-05T11:10:30+01:00,179.9,179.9,179.84,179.84,309
2024-11-05T11:11:30+01:00,179.88,179.88,179.88,179.88,3
2024-11-05T11:13:00+01:00,179.96,179.96,179.96,179.96,10
2024-11-05T11:13:30+01:00,179.84,179.84,179.84,179.84,6
2024-11-05T11:17:00+01:00,179.8,179.8,179.8,179.8,19
2024-11-05T11:30:30+01:00,179.98,179.98,179.98,179.98,90
2024-11-05T11:32:30+01:00,179.9,179.9,179.88,179.88,25
2024-11-05T11:38:00+01:00,179.94,179.94,179.86,179.86,298
2024-11-05T11:39:30+01:00,179.92,179.92,179.92,179.92,3
2024-11-05T11:40:00+01:00,179.86,179.88,179.86,179.88,84
2024-11-05T11:40:30+01:00,179.8,179.8,179.8,179.8,30
2024-11-05T11:41:00+01:00,179.8,179.8,179.8,179.8,6
2024-11-05T11:41:30+01:00,179.88,179.88,179.88,179.88,27
2024-11-05T11:42:30+01:00,179.78,179.78,179.78,179.78,12
2024-11-05T11:45:00+01:00,179.76,179.76,179.76,179.76,100
2024-11-05T11:48:00+01:00,179.82,179.82,179.82,179.82,64
2024-11-05T11:51:30+01:00,179.82,179.82,179.82,179.82,1
2024-11-05T11:59:00+01:00,179.86,179.9,179.86,179.9,52
2024-11-05T12:02:00+01:00,179.82,179.82,179.74,179.74,17
2024-11-05T12:04:30+01:00,179.76,179.76,179.76,179.76,159
2024-11-05T12:07:00+01:00,179.88,179.88,179.88,179.88,56
2024-11-05T12:14:00+01:00,179.84,179.9,179.84,179.9,57
2024-11-05T12:17:30+01:00,179.88,179.96,179.88,179.96,75
2024-11-05T12:19:30+01:00,179.92,179.92,179.92,179.92,20
2024-11-05T12:20:30+01:00,180,180,180,180,6
2024-11-05T12:21:30+01:00,179.92,179.92,179.92,179.92,10
2024-11-05T12:22:30+01:00,180,180,180,180,15
2024-11-05T12:25:30+01:00,179.92,179.92,179.92,179.92,23
2024-11-05T12:28:30+01:00,179.9,179.9,179.9,179.9,41
2024-11-05T12:30:30+01:00,179.9,179.9,179.9,179.9,1037
2024-11-05T12:31:00+01:00,179.9,179.9,179.88,179.88,194
2024-11-05T12:32:30+01:00,180,180.16,180,180.16,180
2024-11-05T12:33:00+01:00,180.16,180.16,180.16,180.16,1
2024-11-05T12:36:00+01:00,180.2,180.3,180.18,180.3,548
2024-11-05T12:39:30+01:00,180.2,180.2,180.2,180.2,10
2024-11-05T12:47:00+01:00,180.14,180.14,180.14,180.14,38
2024-11-05T12:47:30+01:00,180.24,180.26,180.24,180.26,166
2024-11-05T12:48:00+01:00,180.26,180.26,180.26,180.26,8
2024-11-05T12:48:30+01:00,180.16,180.16,180.16,180.16,30
2024-11-05T12:49:30+01:00,180.24,180.24,180.24,180.24,10
2024-11-05T12:59:00+01:00,180.2,180.2,180.2,180.2,10
2024-11-05T13:00:00+01:00,180.1,180.1,180.1,180.1,2
2024-11-05T13:01:30+01:00,180.04,180.04,180.04,180.04,1
2024-11-05T13:12:30+01:00,179.98,179.98,179.98,179.98,1
2024-11-05T13:14:30+01:00,179.98,179.98,179.98,179.98,90
2024-11-05T13:17:00+01:00,180,180,180,180,10
2024-11-05T13:18:00+01:00,180,180,180,180,30
2024-11-05T13:18:30+01:00,180.02,180.02,180.02,180.02,3
2024-11-05T13:20:00+01:00,179.98,179.98,179.98,179.98,33
2024-11-05T13:20:30+01:00,179.88,179.88,179.88,179.88,1
2024-11-05T13:21:30+01:00,179.86,179.86,179.86,179.86,15
2024-11-05T13:23:00+01:00,179.78,179.78,179.78,179.78,47
2024-11-05T13:24:00+01:00,179.76,179.76,179.7,179.7,3024
2024-11-05T13:31:00+01:00,179.84,179.84,179.84,179.84,1
2024-11-05T13:33:30+01:00,179.82,179.82,179.82,179.82,1
2024-11-05T13:34:00+01:00,179.82,179.82,179.82,179.82,30
2024-11-05T13:34:30+01:00,179.78,179.78,179.78,179.78,1
2024-11-05T13:38:00+01:00,179.74,179.74,179.74,179.74,76
2024-11-05T13:40:00+01:00,179.76,179.76,179.76,179.76,1
2024-11-05T13:42:00+01:00,179.82,179.82,179.82,179.82,50
2024-11-05T13:43:00+01:00,179.82,179.9,179.82,179.9,83
2024-11-05T13:43:30+01:00,179.8,179.8,179.78,179.78,200
2024-11-05T13:45:00+01:00,179.8,179.8,179.8,179.8,4
2024-11-05T13:53:30+01:00,179.84,179.84,179.84,179.84,1
2024-11-05T13:56:30+01:00,179.84,179.84,179.84,179.84,1
2024-11-05T13:59:30+01:00,179.8,179.8,179.8,179.8,100
2024-11-05T14:02:30+01:00,179.86,179.86,179.86,179.86,1
2024-11-05T14:03:00+01:00,179.86,179.86,179.86,179.86,1
2024-11-05T14:05:00+01:00,179.86,179.86,179.78,179.78,23
2024-11-05T14:13:00+01:00,179.9,179.9,179.84,179.84,62
2024-11-05T14:19:30+01:00,179.92,179.92,179.92,179.92,1
2024-11-05T14:20:00+01:00,179.92,179.92,179.92,179.92,6
2024-11-05T14:20:30+01:00,179.94,179.94,179.94,179.94,67
2024-11-05T14:21:00+01:00,179.9,179.9,179.9,179.9,2
2024-11-05T14:24:00+01:00,179.96,179.96,179.92,179.92,25
2024-11-05T14:24:30+01:00,179.98,180.02,179.98,180.02,16
2024-11-05T14:27:00+01:00,180.02,180.08,180.02,180.08,292
2024-11-05T14:28:30+01:00,180,180,180,180,21
2024-11-05T14:30:30+01:00,180.14,180.14,180.14,180.14,19
2024-11-05T14:31:30+01:00,180.12,180.12,180.12,180.12,1
2024-11-05T14:33:30+01:00,180,180,180,180,27
2024-11-05T14:35:00+01:00,179.92,179.92,179.9,179.9,4
2024-11-05T14:35:30+01:00,179.84,179.84,179.84,179.84,207
2024-11-05T14:38:30+01:00,180.02,180.02,180,180,29
2024-11-05T14:41:00+01:00,179.98,179.98,179.9,179.9,120
2024-11-05T14:43:00+01:00,179.9,179.9,179.88,179.88,300
2024-11-05T14:44:30+01:00,180,180,180,180,20
2024-11-05T14:51:30+01:00,180.02,180.02,180.02,180.02,1
2024-11-05T14:52:00+01:00,180.08,180.08,180.08,180.08,84
2024-11-05T14:56:00+01:00,180.02,180.02,179.98,179.98,170
2024-11-05T14:58:00+01:00,179.94,180.02,179.94,180.02,16
2024-11-05T14:59:30+01:00,179.94,179.94,179.94,179.94,3
2024-11-05T15:00:00+01:00,180.02,180.02,180.02,180.02,5
2024-11-05T15:02:00+01:00,179.92,179.92,179.92,179.92,1
2024-11-05T15:07:00+01:00,180,180,180,180,80
2024-11-05T15:08:30+01:00,180.02,180.02,180.02,180.02,10
2024-11-05T15:12:30+01:00,180,180,180,180,10
2024-11-05T15:13:00+01:00,179.98,179.98,179.98,179.98,15
2024-11-05T15:14:00+01:00,180.08,180.08,180.08,180.08,15
2024-11-05T15:14:30+01:00,180.08,180.08,180.08,180.08,10
2024-11-05T15:19:30+01:00,180.08,180.16,180.08,180.16,159
2024-11-05T15:22:00+01:00,180.1,180.1,180.1,180.1,20
2024-11-05T15:25:00+01:00,179.96,179.96,179.42,179.42,2155
2024-11-05T15:27:30+01:00,179.5,179.5,179.28,179.28,21
2024-11-05T15:28:00+01:00,179.6,179.6,179.6,179.6,76
2024-11-05T15:30:00+01:00,180.26,180.42,180.22,180.32,1258
2024-11-05T15:30:30+01:00,180.56,180.56,180.5,180.5,4
2024-11-05T15:31:00+01:00,180.56,180.56,180.56,180.56,6
2024-11-05T15:31:30+01:00,180.96,180.96,180.8,180.8,11
2024-11-05T15:32:30+01:00,180.18,180.18,180.18,180.18,36
2024-11-05T15:33:00+01:00,180.26,180.26,180.26,180.26,9
2024-11-05T15:34:30+01:00,180.42,180.42,180.42,180.42,3
2024-11-05T15:35:00+01:00,180.14,180.14,180.14,180.14,42
2024-11-05T15:35:30+01:00,180.02,180.02,180.02,180.02,134
2024-11-05T15:36:00+01:00,180.1,180.1,180.1,180.1,2
2024-11-05T15:36:30+01:00,180.12,180.12,180.12,180.12,3
2024-11-05T15:37:30+01:00,180.5,180.5,180.5,180.5,2
2024-11-05T15:38:30+01:00,180.08,180.08,180.08,180.08,3
2024-11-05T15:39:30+01:00,180.2,180.2,180.2,180.2,14
2024-11-05T15:44:30+01:00,180,180,179.98,179.98,6
2024-11-05T15:45:30+01:00,180,180,180,180,80
2024-11-05T15:47:00+01:00,180.08,180.08,180.08,180.08,1
2024-11-05T15:47:30+01:00,179.86,179.86,179.86,179.86,3
2024-11-05T15:49:00+01:00,180.26,180.36,180.26,180.36,14
2024-11-05T15:50:30+01:00,180.54,180.54,180.54,180.54,75
2024-11-05T15:52:30+01:00,180.62,180.62,180.62,180.62,80
2024-11-05T15:53:30+01:00,180.46,180.46,180.46,180.46,2
2024-11-05T15:54:30+01:00,180.66,180.66,180.66,180.66,303
2024-11-05T15:55:00+01:00,180.6,180.6,180.6,180.6,482
2024-11-05T15:56:30+01:00,180.74,180.74,180.74,180.74,1
2024-11-05T16:00:00+01:00,180.8,181,180.8,181,128
2024-11-05T16:00:30+01:00,180.76,180.76,180.76,180.76,10
2024-11-05T16:02:30+01:00,180.94,180.94,180.94,180.94,45
2024-11-05T16:05:30+01:00,180.54,180.54,180.54,180.54,15
2024-11-05T16:06:00+01:00,180.6,180.6,180.6,180.6,5
2024-11-05T16:07:30+01:00,180.58,180.66,180.58,180.58,41
2024-11-05T16:10:30+01:00,180.52,180.62,180.52,180.62,309
2024-11-05T16:11:00+01:00,180.58,180.58,180.58,180.58,1
2024-11-05T16:12:00+01:00,180.58,180.58,180.58,180.58,200
2024-11-05T16:15:00+01:00,180.48,180.48,180.48,180.48,200
2024-11-05T16:16:00+01:00,180.6,180.6,180.6,180.6,16
2024-11-05T16:18:30+01:00,180.66,180.66,180.66,180.66,1
2024-11-05T16:23:00+01:00,180.66,180.66,180.66,180.66,1
2024-11-05T16:24:00+01:00,180.78,180.78,180.78,180.78,5
2024-11-05T16:25:30+01:00,180.78,180.78,180.78,180.78,76
2024-11-05T16:26:00+01:00,180.72,180.72,180.72,180.72,10
2024-11-05T16:28:00+01:00,180.56,180.6,180.56,180.6,151
2024-11-05T16:31:30+01:00,180.52,180.52,180.52,180.52,52
2024-11-05T16:32:30+01:00,180.3,180.3,180.3,180.3,100
2024-11-05T16:33:30+01:00,180.2,180.2,180.2,180.2,6
2024-11-05T16:43:00+01:00,180.76,180.76,180.74,180.74,2
2024-11-05T16:48:30+01:00,180.84,180.84,180.84,180.84,20
2024-11-05T16:49:30+01:00,181,181,181,181,18
2024-11-05T16:50:30+01:00,180.92,180.92,180.92,180.92,1
2024-11-05T16:52:30+01:00,180.86,180.86,180.86,180.86,60
2024-11-05T16:53:00+01:00,180.84,180.84,180.84,180.84,16
2024-11-05T16:55:00+01:00,180.74,180.74,180.74,180.74,24
2024-11-05T17:01:00+01:00,180.8,180.8,180.8,180.8,60
2024-11-05T17:05:00+01:00,180.96,181,180.96,181,2780
2024-11-05T17:05:30+01:00,181,181,180.94,180.96,2422
2024-11-05T17:06:00+01:00,181,181,181,181,474
2024-11-05T17:06:30+01:00,181,181.12,181,181.12,1012
2024-11-05T17:07:00+01:00,181.2,181.2,181.2,181.2,157
2024-11-05T17:07:30+01:00,181.3,181.38,181.3,181.38,367
2024-11-05T17:08:00+01:00,181.26,181.26,181.26,181.26,3
2024-11-05T17:09:30+01:00,181.42,181.42,181.42,181.42,2
2024-11-05T17:14:00+01:00,181.3,181.3,181.3,181.3,28
2024-11-05T17:15:00+01:00,181.22,181.22,181.22,181.22,87
2024-11-05T17:16:00+01:00,181.28,181.28,181.28,181.28,4
2024-11-05T17:17:00+01:00,181.12,181.12,181.12,181.12,15
2024-11-05T17:22:00+01:00,181.28,181.28,181.28,181.28,27
2024-11-05T17:25:00+01:00,181.38,181.48,181.38,181.48,51
2024-11-05T17:28:30+01:00,181.38,181.4,181.36,181.4,600
2024-11-05T17:29:00+01:00,181.4,181.4,181.4,181.4,10
2024-11-06T09:06:30+01:00,187.16,187.78,187.16,187.78,4737
2024-11-06T09:07:00+01:00,187.92,187.92,187.24,187.9,288
2024-11-06T09:08:00+01:00,187.7,187.7,187.7,187.7,300
2024-11-06T09:09:00+01:00,187.62,187.62,187.62,187.62,965
2024-11-06T09:10:00+01:00,187.62,187.62,187.62,187.62,55
2024-11-06T09:11:00+01:00,187.62,187.62,187.62,187.62,215
2024-11-06T09:11:30+01:00,187.6,187.6,187.5,187.5,1420
2024-11-06T09:12:00+01:00,187.5,187.5,187.5,187.5,1599
2024-11-06T09:12:30+01:00,187.48,187.5,187.48,187.5,641
2024-11-06T09:13:00+01:00,187.48,187.48,187.48,187.48,118
2024-11-06T09:13:30+01:00,187.48,187.48,187.48,187.48,244
2024-11-06T09:14:00+01:00,187.48,187.5,187.48,187.5,2134
2024-11-06T09:14:30+01:00,187.48,187.48,187.48,187.48,122
2024-11-06T09:15:30+01:00,187.4,187.4,187.4,187.4,210
2024-11-06T09:16:00+01:00,187.14,187.4,187.12,187.4,130
2024-11-06T09:16:30+01:00,187.4,187.4,187.4,187.4,210
2024-11-06T09:17:00+01:00,187.38,187.4,187.18,187.18,400
2024-11-06T09:18:00+01:00,187.3,187.3,187.3,187.3,203
2024-11-06T09:18:30+01:00,187.4,187.46,187.4,187.46,40
2024-11-06T09:20:00+01:00,187.4,187.4,187.4,187.4,29
2024-11-06T09:21:00+01:00,187.3,187.3,187,187,2000
2024-11-06T09:21:30+01:00,187.36,187.44,187.36,187.44,500
2024-11-06T09:22:00+01:00,187.36,187.38,187.36,187.38,120
2024-11-06T09:22:30+01:00,187.44,187.44,187.44,187.44,24
2024-11-06T09:23:30+01:00,187.44,187.44,187.44,187.44,60
2024-11-06T09:25:00+01:00,187.08,187.08,187,187,300
2024-11-06T09:25:30+01:00,187.26,187.26,187.26,187.26,74
2024-11-06T09:26:00+01:00,187.32,187.42,187.32,187.42,178
2024-11-06T09:26:30+01:00,187.42,187.42,187.42,187.42,369
2024-11-06T09:27:00+01:00,187.4,187.42,187.4,187.42,155
2024-11-06T09:27:30+01:00,187.4,187.4,187.4,187.4,10
2024-11-06T09:28:30+01:00,187.42,187.42,187.42,187.42,369
2024-11-06T09:29:00+01:00,187.34,187.34,187.08,187.08,178
2024-11-06T09:29:30+01:00,187.1,187.38,187.1,187.3,100
2024-11-06T09:30:00+01:00,187.3,187.3,187.1,187.1,1474
2024-11-06T09:30:30+01:00,187.1,187.1,187.1,187.1,170
2024-11-06T09:31:00+01:00,187.1,187.1,187.1,187.1,170
2024-11-06T09:32:00+01:00,187.16,187.16,187.16,187.16,100
2024-11-06T09:33:00+01:00,187.12,187.12,187.1,187.1,157
2024-11-06T09:34:00+01:00,187.26,187.26,187.26,187.26,20
2024-11-06T09:34:30+01:00,187.1,187.2,187.08,187.2,205
2024-11-06T09:36:30+01:00,187.24,187.26,187.1,187.1,262
2024-11-06T09:37:00+01:00,187.18,187.18,187.18,187.18,74
2024-11-06T09:37:30+01:00,187.12,187.2,186.94,187.2,676
2024-11-06T09:38:00+01:00,187.18,187.22,187.02,187.02,380
2024-11-06T09:38:30+01:00,187.08,187.08,186.98,187,2838
2024-11-06T09:39:00+01:00,187,187,186.88,187,1768
2024-11-06T09:40:00+01:00,187.02,187.02,187.02,187.02,137
2024-11-06T09:41:00+01:00,187,187.24,187,187.22,257
2024-11-06T09:41:30+01:00,187.24,187.24,187.24,187.24,113
2024-11-06T09:42:00+01:00,187.14,187.14,187,187,395
2024-11-06T09:43:00+01:00,187.1,187.12,187.1,187.12,100
2024-11-06T09:45:00+01:00,187.08,187.08,187.08,187.08,10
2024-11-06T09:46:30+01:00,187,187.12,187,187.12,36
2024-11-06T09:47:00+01:00,187.2,187.2,187.2,187.2,40
2024-11-06T09:47:30+01:00,187.18,187.18,187.18,187.18,15
2024-11-06T09:48:30+01:00,187.06,187.06,187.06,187.06,155
2024-11-06T09:49:30+01:00,187.24,187.24,187.24,187.24,4
2024-11-06T09:50:00+01:00,187.3,187.34,187.3,187.34,154
2024-11-06T09:51:30+01:00,187.38,187.38,187.38,187.38,5
2024-11-06T09:52:00+01:00,187.3,187.3,187.2,187.2,400
2024-11-06T09:53:30+01:00,187.38,187.44,187.38,187.44,350
2024-11-06T09:54:00+01:00,187.48,187.48,187.48,187.48,15
2024-11-06T09:55:30+01:00,187.42,187.54,187.42,187.52,502
2024-11-06T09:56:30+01:00,187.48,187.48,187.48,187.48,100
2024-11-06T09:57:30+01:00,187.68,187.68,187.68,187.68,1055
2024-11-06T09:58:00+01:00,187.52,187.52,187.24,187.24,162
2024-11-06T09:59:00+01:00,187.54,187.54,187.54,187.54,50
2024-11-06T10:00:00+01:00,187.42,187.42,187.4,187.4,172
2024-11-06T10:00:30+01:00,187.32,187.52,187.32,187.52,190
2024-11-06T10:01:00+01:00,187.32,187.32,187.2,187.2,25
2024-11-06T10:01:30+01:00,187.04,187.04,187.04,187.04,60
2024-11-06T10:02:30+01:00,187.3,187.3,187.2,187.2,90
2024-11-06T10:03:00+01:00,187.18,187.18,187,187,251
2024-11-06T10:03:30+01:00,187.04,187.04,187.04,187.04,632
2024-11-06T10:04:00+01:00,187,187.28,187,187.28,4554
2024-11-06T10:05:00+01:00,186.92,186.92,186.92,186.92,10
2024-11-06T10:06:00+01:00,186.78,186.78,186.78,186.78,192
2024-11-06T10:07:00+01:00,186.72,186.72,186.72,186.72,210
2024-11-06T10:10:00+01:00,186.3,186.32,186.3,186.3,232
2024-11-06T10:12:30+01:00,186.44,186.44,186.44,186.44,50
2024-11-06T10:13:00+01:00,186.48,186.48,186.48,186.48,51
2024-11-06T10:14:30+01:00,186.58,186.58,186.58,186.58,35
2024-11-06T10:16:30+01:00,186.66,186.66,186.66,186.66,25
2024-11-06T10:19:30+01:00,186.6,186.6,186.46,186.46,160
2024-11-06T10:20:00+01:00,186.44,186.44,186.44,186.44,50
2024-11-06T10:21:00+01:00,186.24,186.44,186.24,186.44,2025
2024-11-06T10:21:30+01:00,186.44,186.44,186.44,186.44,1012
2024-11-06T10:22:30+01:00,186.44,186.46,186.44,186.46,314
2024-11-06T10:24:00+01:00,186.38,186.38,186.38,186.38,10
2024-11-06T10:24:30+01:00,186.54,186.54,186.54,186.54,3
2024-11-06T10:27:00+01:00,186.82,186.82,186.82,186.82,20
2024-11-06T10:28:00+01:00,186.94,186.94,186.94,186.94,200
2024-11-06T10:32:00+01:00,186.88,186.88,186.88,186.88,64
2024-11-06T10:33:00+01:00,186.88,187.02,186.88,187.02,4117
2024-11-06T10:33:30+01:00,187.12,187.28,187.12,187.28,62
2024-11-06T10:35:30+01:00,187.28,187.28,187.28,187.28,28
2024-11-06T10:36:00+01:00,187.32,187.32,187.3,187.3,584
2024-11-06T10:36:30+01:00,187.16,187.16,187.16,187.16,20
2024-11-06T10:37:00+01:00,187.46,187.46,187.46,187.46,41
2024-11-06T10:38:00+01:00,187.54,187.54,187.54,187.54,1
2024-11-06T10:39:00+01:00,187.48,187.48,187.3,187.3,120
2024-11-06T10:40:30+01:00,187.04,187.04,187,187,186
2024-11-06T10:42:30+01:00,187.1,187.1,187.1,187.1,2
2024-11-06T10:43:00+01:00,187.32,187.34,187.32,187.34,180
2024-11-06T10:43:30+01:00,187.38,187.4,187.38,187.4,516
2024-11-06T10:44:00+01:00,187.36,187.36,187.36,187.36,10
2024-11-06T10:44:30+01:00,187.24,187.26,187.06,187.06,202
2024-11-06T10:45:00+01:00,187.04,187.04,187.04,187.04,5
2024-11-06T10:45:30+01:00,187,187,187,187,14
2024-11-06T10:48:00+01:00,186.8,186.8,186.8,186.8,40
2024-11-06T10:50:30+01:00,186.68,186.68,186.62,186.68,377
2024-11-06T10:51:00+01:00,186.7,186.7,186.7,186.7,350
2024-11-06T10:52:30+01:00,186.5,186.5,186.5,186.5,40
2024-11-06T10:54:00+01:00,186.8,186.8,186.8,186.8,100
2024-11-06T10:55:30+01:00,186.88,186.88,186.88,186.88,10
2024-11-06T11:01:00+01:00,187,187,187,187,15
2024-11-06T11:01:30+01:00,187.06,187.06,187.06,187.06,1000
2024-11-06T11:02:00+01:00,187.1,187.1,187.1,187.1,62
2024-11-06T11:03:00+01:00,187.08,187.28,187.08,187.28,51
2024-11-06T11:05:00+01:00,187.04,187.04,187.02,187.02,618
2024-11-06T11:07:30+01:00,186.86,186.88,186.86,186.88,212
2024-11-06T11:08:00+01:00,186.88,186.9,186.88,186.9,617
2024-11-06T11:10:00+01:00,186.96,186.96,186.96,186.96,80
2024-11-06T11:11:00+01:00,186.98,186.98,186.98,186.98,10
2024-11-06T11:12:00+01:00,186.94,187,186.94,187,720
2024-11-06T11:13:00+01:00,187.04,187.04,187,187,669
2024-11-06T11:13:30+01:00,186.94,186.96,186.92,186.92,567
2024-11-06T11:14:00+01:00,187,187,186.88,186.88,21
2024-11-06T11:15:30+01:00,186.74,186.74,186.74,186.74,325
2024-11-06T11:16:00+01:00,186.88,186.88,186.88,186.88,10
2024-11-06T11:17:00+01:00,186.84,186.84,186.84,186.84,23
2024-11-06T11:17:30+01:00,186.74,186.74,186.74,186.74,25
2024-11-06T11:18:00+01:00,186.78,186.78,186.78,186.78,23
2024-11-06T11:18:30+01:00,186.78,186.78,186.78,186.78,158
2024-11-06T11:22:00+01:00,186.92,186.92,186.92,186.92,10
2024-11-06T11:23:00+01:00,186.92,186.92,186.92,186.92,3
2024-11-06T11:24:30+01:00,186.6,186.6,186.58,186.58,663
2024-11-06T11:27:00+01:00,186.58,186.58,186.58,186.58,200
2024-11-06T11:28:00+01:00,186.62,186.62,186.62,186.62,10
2024-11-06T11:30:00+01:00,186.6,186.6,186.6,186.6,13
2024-11-06T11:31:00+01:00,186.66,186.74,186.66,186.74,212
2024-11-06T11:31:30+01:00,186.64,186.64,186.64,186.64,10
2024-11-06T11:32:30+01:00,186.74,186.74,186.74,186.74,57
2024-11-06T11:33:30+01:00,186.92,186.92,186.92,186.92,10
2024-11-06T11:40:00+01:00,186.7,186.7,186.68,186.68,93
2024-11-06T11:41:00+01:00,186.68,186.68,186.68,186.68,68
2024-11-06T11:43:00+01:00,186.6,186.6,186.5,186.5,441
2024-11-06T11:44:30+01:00,186.64,186.64,186.64,186.64,2
2024-11-06T11:46:00+01:00,186.44,186.44,186.14,186.14,1383
2024-11-06T11:46:30+01:00,186.34,186.34,186.22,186.22,67
2024-11-06T11:47:00+01:00,186.26,186.26,186.26,186.26,2
2024-11-06T11:49:00+01:00,186.26,186.26,186.26,186.26,100
2024-11-06T11:49:30+01:00,186.28,186.28,186.28,186.28,45
2024-11-06T11:50:00+01:00,186.06,186.06,186.06,186.06,9
2024-11-06T11:50:30+01:00,186,186,186,186,60
2024-11-06T11:51:00+01:00,185.98,185.98,185.98,185.98,10
2024-11-06T11:52:30+01:00,185.84,185.84,185.84,185.84,10
2024-11-06T11:54:00+01:00,185.86,185.86,185.86,185.86,2
2024-11-06T11:54:30+01:00,185.74,185.9,185.74,185.9,339
2024-11-06T11:55:30+01:00,185.88,185.88,185.88,185.88,2
2024-11-06T11:57:30+01:00,185.9,185.92,185.9,185.92,91
2024-11-06T11:58:00+01:00,186,186,186,186,20
2024-11-06T11:59:00+01:00,185.86,185.86,185.86,185.86,20
2024-11-06T11:59:30+01:00,185.94,185.94,185.94,185.94,4
2024-11-06T12:00:00+01:00,186.14,186.14,186.14,186.14,40
2024-11-06T12:00:30+01:00,186.3,186.3,186.3,186.3,10
2024-11-06T12:01:00+01:00,186.1,186.1,186.1,186.1,20
2024-11-06T12:01:30+01:00,186.12,186.12,186.12,186.12,1
2024-11-06T12:03:00+01:00,186.24,186.26,186.24,186.26,96
2024-11-06T12:04:00+01:00,186.06,186.06,186.06,186.06,30
2024-11-06T12:05:30+01:00,186.16,186.26,186.04,186.04,1020
2024-11-06T12:06:30+01:00,186.1,186.1,186.04,186.04,384
2024-11-06T12:07:30+01:00,186.3,186.3,186.3,186.3,18
2024-11-06T12:10:30+01:00,186.3,186.3,186.3,186.3,597
2024-11-06T12:13:00+01:00,186.26,186.28,186.26,186.28,107
2024-11-06T12:17:00+01:00,186.22,186.22,186.22,186.22,5
2024-11-06T12:18:00+01:00,186.38,186.38,186.38,186.38,61
2024-11-06T12:19:00+01:00,186.38,186.42,186.38,186.42,150
2024-11-06T12:20:00+01:00,186.48,186.48,186.48,186.48,100
2024-11-06T12:21:00+01:00,186.32,186.32,186.32,186.32,2
2024-11-06T12:21:30+01:00,186.5,186.5,186.5,186.5,6
2024-11-06T12:22:30+01:00,186.5,186.54,186.5,186.54,272
2024-11-06T12:25:00+01:00,186.68,186.68,186.68,186.68,796
2024-11-06T12:28:00+01:00,186.66,186.66,186.66,186.66,13
2024-11-06T12:29:30+01:00,186.6,186.6,186.6,186.6,10
2024-11-06T12:32:00+01:00,186.56,186.56,186.56,186.56,30
2024-11-06T12:32:30+01:00,186.32,186.32,186.28,186.28,122
2024-11-06T12:33:30+01:00,186.32,186.32,186.32,186.32,120
2024-11-06T12:34:00+01:00,186.44,186.44,186.44,186.44,30
2024-11-06T12:42:30+01:00,186.22,186.26,186.22,186.26,868
2024-11-06T12:43:00+01:00,186.3,186.3,186.3,186.3,63
2024-11-06T12:44:00+01:00,186.12,186.12,186.12,186.12,373
2024-11-06T12:45:00+01:00,185.74,185.74,185.62,185.62,150
2024-11-06T12:45:30+01:00,185.88,185.88,185.88,185.88,100
2024-11-06T12:46:30+01:00,185.68,185.68,185.68,185.68,54
2024-11-06T12:50:00+01:00,185.18,185.18,185.18,185.18,100
2024-11-06T12:50:30+01:00,185.28,185.28,185.28,185.28,130
2024-11-06T12:51:00+01:00,185.12,185.12,185,185,611
2024-11-06T12:52:30+01:00,184.88,184.96,184.8,184.96,1572
2024-11-06T12:53:30+01:00,184.8,184.84,184.8,184.84,56
2024-11-06T12:54:00+01:00,184.76,185.06,184.76,185.06,767
2024-11-06T12:55:30+01:00,185,185,185,185,6
2024-11-06T12:57:00+01:00,185,185.04,185,185.04,125
2024-11-06T12:58:30+01:00,185.24,185.32,185.24,185.32,138
2024-11-06T13:00:00+01:00,185.24,185.24,185.24,185.24,296
2024-11-06T13:01:00+01:00,185.24,185.24,185.24,185.24,272
2024-11-06T13:01:30+01:00,185.14,185.14,185.14,185.14,100
2024-11-06T13:03:30+01:00,185.46,185.58,185.46,185.58,213
2024-11-06T13:05:00+01:00,185.72,185.72,185.72,185.72,127
2024-11-06T13:05:30+01:00,185.78,185.82,185.78,185.82,50
2024-11-06T13:11:00+01:00,185.86,185.86,185.86,185.86,7
2024-11-06T13:13:00+01:00,185.92,185.94,185.92,185.94,1000
2024-11-06T13:13:30+01:00,185.8,185.8,185.8,185.8,102
2024-11-06T13:14:00+01:00,186,186,186,186,20
2024-11-06T13:17:00+01:00,186.16,186.16,186.16,186.16,80
2024-11-06T13:18:30+01:00,186.16,186.28,186.16,186.28,514
2024-11-06T13:19:00+01:00,186.4,186.42,186.4,186.42,113
2024-11-06T13:19:30+01:00,186.22,186.22,186.22,186.22,129
2024-11-06T13:22:00+01:00,186.56,186.56,186.56,186.56,242
2024-11-06T13:26:00+01:00,186.38,186.38,186.38,186.38,50
2024-11-06T13:30:00+01:00,186.62,186.62,186.62,186.62,50
2024-11-06T13:32:00+01:00,186.52,186.68,186.52,186.68,108
2024-11-06T13:32:30+01:00,186.74,186.8,186.74,186.8,42
2024-11-06T13:34:30+01:00,186.7,186.7,186.7,186.7,20
2024-11-06T13:35:30+01:00,186.66,186.66,186.6,186.62,882
2024-11-06T13:37:00+01:00,186.62,186.62,186.62,186.62,48
2024-11-06T13:40:30+01:00,186.56,186.56,186.56,186.56,100
2024-11-06T13:43:30+01:00,186.52,186.52,186.52,186.52,48
2024-11-06T13:45:30+01:00,186.74,186.74,186.74,186.74,51
2024-11-06T13:46:00+01:00,186.76,186.76,186.76,186.76,51
2024-11-06T13:46:30+01:00,186.84,187,186.74,186.74,4628
2024-11-06T13:49:30+01:00,186.84,186.84,186.82,186.82,102
2024-11-06T13:53:00+01:00,186.84,186.84,186.84,186.84,25
2024-11-06T13:53:30+01:00,186.9,186.9,186.9,186.9,2
2024-11-06T13:54:00+01:00,186.88,186.88,186.88,186.88,6
2024-11-06T14:01:30+01:00,186.94,186.94,186.94,186.94,40
2024-11-06T14:02:00+01:00,186.94,186.94,186.94,186.94,16
2024-11-06T14:03:30+01:00,187,187,187,187,39
2024-11-06T14:07:30+01:00,187.06,187.06,187.06,187.06,29
2024-11-06T14:10:30+01:00,186.74,186.74,186.74,186.74,195
2024-11-06T14:11:00+01:00,186.78,186.78,186.78,186.78,20
2024-11-06T14:16:30+01:00,186.66,186.66,186.66,186.66,285
2024-11-06T14:17:30+01:00,186.7,186.7,186.7,186.7,165
2024-11-06T14:20:30+01:00,186.92,187,186.92,187,103
2024-11-06T14:24:00+01:00,187.08,187.08,187.08,187.08,90
2024-11-06T14:24:30+01:00,187.12,187.12,187.12,187.12,9
2024-11-06T14:25:30+01:00,187.2,187.2,187.2,187.2,40
2024-11-06T14:27:30+01:00,187.32,187.32,187.32,187.32,20
2024-11-06T14:31:00+01:00,187.12,187.12,187.12,187.12,10
2024-11-06T14:38:00+01:00,187.14,187.22,187.14,187.22,330
2024-11-06T14:39:00+01:00,187.18,187.18,187.14,187.14,3
2024-11-06T14:41:30+01:00,187.12,187.12,187.12,187.12,590
2024-11-06T14:42:00+01:00,187.08,187.08,187.08,187.08,94
2024-11-06T14:45:30+01:00,187.1,187.1,187.08,187.08,403
2024-11-06T14:46:00+01:00,187.1,187.12,187.08,187.1,1160
2024-11-06T14:46:30+01:00,187.3,187.32,187.3,187.32,45
2024-11-06T14:47:00+01:00,187.34,187.34,187.34,187.34,36
2024-11-06T14:49:00+01:00,187.34,187.34,187.34,187.34,45
2024-11-06T14:55:30+01:00,187.02,187.02,187.02,187.02,21
2024-11-06T14:57:00+01:00,187.14,187.24,187.14,187.24,449
2024-11-06T14:57:30+01:00,187.3,187.3,187.3,187.3,580
2024-11-06T15:01:00+01:00,187.08,187.08,187.08,187.08,12
2024-11-06T15:04:00+01:00,187.08,187.08,187.08,187.08,49
2024-11-06T15:05:30+01:00,187.06,187.06,187.06,187.06,10
2024-11-06T15:08:00+01:00,187.2,187.2,187.2,187.2,130
2024-11-06T15:09:00+01:00,187.18,187.18,187.18,187.18,32
2024-11-06T15:14:30+01:00,187.04,187.04,187.04,187.04,235
2024-11-06T15:15:00+01:00,187.04,187.04,186.98,186.98,214
2024-11-06T15:16:30+01:00,187.06,187.06,187.06,187.06,1
2024-11-06T15:17:00+01:00,187.14,187.14,187.14,187.14,5
2024-11-06T15:18:00+01:00,187.14,187.14,187.14,187.14,56
2024-11-06T15:19:30+01:00,187.18,187.18,187.18,187.18,136
2024-11-06T15:24:30+01:00,187.24,187.24,187.24,187.24,17
2024-11-06T15:25:00+01:00,186.96,186.96,186.7,186.7,434
2024-11-06T15:26:30+01:00,186.74,186.74,186.72,186.72,197
2024-11-06T15:27:00+01:00,186.68,186.68,186.68,186.68,50
2024-11-06T15:27:30+01:00,186.58,186.58,186.4,186.4,1011
2024-11-06T15:29:00+01:00,186.8,186.8,186.8,186.8,52
2024-11-06T15:30:00+01:00,186.98,187.5,186.98,187.3,485
2024-11-06T15:30:30+01:00,186.94,186.94,186.72,186.72,25
2024-11-06T15:31:00+01:00,186.62,186.62,186.62,186.62,18
2024-11-06T15:31:30+01:00,186.16,186.34,186.16,186.34,17
2024-11-06T15:32:00+01:00,186.86,186.86,186.86,186.86,30
2024-11-06T15:33:00+01:00,186.74,186.74,186.74,186.74,29
2024-11-06T15:33:30+01:00,186.9,186.9,186.9,186.9,26
2024-11-06T15:34:00+01:00,186.82,186.82,186.74,186.74,104
2024-11-06T15:35:00+01:00,187.02,187.06,187.02,187.06,211
2024-11-06T15:36:00+01:00,187,187.2,186.96,187.2,47
2024-11-06T15:36:30+01:00,187.52,187.52,187.52,187.52,24
2024-11-06T15:37:00+01:00,187.9,187.92,187.9,187.92,190
2024-11-06T15:38:00+01:00,187.98,188.1,187.98,188.1,2692
2024-11-06T15:38:30+01:00,188.04,188.04,188.04,188.04,100
2024-11-06T15:40:00+01:00,187.24,187.7,187.24,187.7,258
2024-11-06T15:41:00+01:00,186.9,186.9,186.9,186.9,50
2024-11-06T15:42:00+01:00,187.6,187.62,187.6,187.62,91
2024-11-06T15:42:30+01:00,187.66,187.66,187.66,187.66,100
2024-11-06T15:44:00+01:00,187.76,187.76,187.74,187.74,136
2024-11-06T15:45:00+01:00,187.82,188,187.8,188,578
2024-11-06T15:45:30+01:00,187.84,187.84,187.82,187.82,300
2024-11-06T15:47:30+01:00,187.02,187.02,186.8,186.8,52
2024-11-06T15:51:00+01:00,186.76,186.76,186.76,186.76,27
2024-11-06T15:52:00+01:00,186.74,186.74,186.74,186.74,70
2024-11-06T15:52:30+01:00,186.84,186.96,186.84,186.96,36
2024-11-06T15:53:00+01:00,187.08,187.08,187.06,187.06,601
2024-11-06T15:53:30+01:00,187.22,187.22,187.22,187.22,1
2024-11-06T15:54:00+01:00,187.28,187.28,187.28,187.28,66
2024-11-06T15:55:00+01:00,187.34,187.34,187.34,187.34,3
2024-11-06T15:55:30+01:00,187.32,187.32,187.28,187.28,327
2024-11-06T15:56:00+01:00,187.42,187.54,187.14,187.14,746
2024-11-06T15:57:00+01:00,187.08,187.08,187.08,187.08,300
2024-11-06T15:57:30+01:00,187.04,187.04,187.04,187.04,150
2024-11-06T15:59:00+01:00,187.38,187.38,187.38,187.38,10
2024-11-06T15:59:30+01:00,187.38,187.38,187.38,187.38,163
2024-11-06T16:00:00+01:00,187.32,187.32,187.32,187.32,14
2024-11-06T16:00:30+01:00,187.26,187.26,187.26,187.26,2
2024-11-06T16:01:30+01:00,187.66,187.7,187.66,187.7,77
2024-11-06T16:02:00+01:00,187.62,187.62,187.62,187.62,160
2024-11-06T16:02:30+01:00,187.74,187.74,187.74,187.74,2500
2024-11-06T16:03:00+01:00,187.68,187.68,187.68,187.68,14
2024-11-06T16:03:30+01:00,187.88,187.9,187.88,187.9,104
2024-11-06T16:04:30+01:00,187.9,188.1,187.9,188.1,472
2024-11-06T16:05:00+01:00,188.12,188.18,188.1,188.12,1151
2024-11-06T16:06:00+01:00,187.88,187.88,187.7,187.74,330
2024-11-06T16:07:00+01:00,187.72,187.74,187.7,187.7,3067
2024-11-06T16:08:00+01:00,187.82,187.82,187.82,187.82,10
2024-11-06T16:09:00+01:00,187.96,188.26,187.96,188.26,746
2024-11-06T16:09:30+01:00,188.18,188.5,188.16,188.48,1933
2024-11-06T16:10:00+01:00,188.5,188.5,188.36,188.36,3181
2024-11-06T16:10:30+01:00,188.46,188.78,188.44,188.68,1941
2024-11-06T16:11:00+01:00,188.68,188.78,188.66,188.78,689
2024-11-06T16:11:30+01:00,188.6,188.62,188.6,188.6,1000
2024-11-06T16:12:00+01:00,188.52,188.52,188.34,188.34,1906
2024-11-06T16:13:00+01:00,188.5,188.52,188.5,188.52,378
2024-11-06T16:13:30+01:00,188.78,188.8,188.78,188.8,1019
2024-11-06T16:14:00+01:00,188.72,188.72,188.7,188.7,500
2024-11-06T16:14:30+01:00,188.7,188.88,188.7,188.84,813
2024-11-06T16:15:00+01:00,188.84,188.88,188.82,188.88,800
2024-11-06T16:15:30+01:00,188.84,188.94,188.82,188.94,800
2024-11-06T16:16:00+01:00,189,189.02,188.82,188.96,4535
2024-11-06T16:16:30+01:00,189.08,189.32,189.08,189.3,1500
2024-11-06T16:17:00+01:00,189.32,189.5,189.3,189.5,1110
2024-11-06T16:17:30+01:00,189.52,189.6,189.48,189.48,1710
2024-11-06T16:18:00+01:00,189.66,189.8,189.58,189.8,1697
2024-11-06T16:18:30+01:00,189.86,189.86,189.8,189.82,3443
2024-11-06T16:19:00+01:00,189.98,190.12,189.9,190.12,2707
2024-11-06T16:19:30+01:00,190.1,190.1,189.98,189.98,1416
2024-11-06T16:20:00+01:00,189.96,189.96,189.92,189.96,1637
2024-11-06T16:20:30+01:00,190,190,190,190,700
2024-11-06T16:21:30+01:00,190.1,190.22,190.1,190.2,2718
2024-11-06T16:22:00+01:00,190.4,190.5,190.4,190.5,218
2024-11-06T16:22:30+01:00,190.6,190.6,190.6,190.6,25
2024-11-06T16:23:00+01:00,190.8,190.92,190.8,190.92,167
2024-11-06T16:23:30+01:00,190.94,191.1,190.94,191.08,817
2024-11-06T16:24:00+01:00,191.12,191.12,191.12,191.12,12
2024-11-06T16:24:30+01:00,191.08,191.22,191.08,191.22,758
2024-11-06T16:25:00+01:00,191.1,191.12,191.1,191.12,540
2024-11-06T16:26:30+01:00,191.26,191.4,191.22,191.24,1968
2024-11-06T16:27:00+01:00,191.14,191.14,191.06,191.06,111
2024-11-06T16:27:30+01:00,191.12,191.12,191.12,191.12,89
2024-11-06T16:28:00+01:00,190.9,190.9,190.9,190.9,200
2024-11-06T16:28:30+01:00,191.2,191.2,191.04,191.04,384
2024-11-06T16:30:00+01:00,191.18,191.26,191.18,191.22,120
2024-11-06T16:30:30+01:00,191.26,191.26,191.26,191.26,22
2024-11-06T16:31:00+01:00,191.38,191.38,191.38,191.38,9
2024-11-06T16:31:30+01:00,191.48,191.66,191.48,191.52,828
2024-11-06T16:32:00+01:00,191.8,191.8,191.8,191.8,36
2024-11-06T16:32:30+01:00,192,192.08,191.94,191.94,987
2024-11-06T16:33:00+01:00,191.66,191.66,191.58,191.58,576
2024-11-06T16:33:30+01:00,191.78,191.78,191.78,191.78,300
2024-11-06T16:34:00+01:00,191.94,191.94,191.92,191.92,613
2024-11-06T16:34:30+01:00,191.94,191.94,191.7,191.7,92
2024-11-06T16:35:00+01:00,191.72,191.72,191.72,191.72,185
2024-11-06T16:35:30+01:00,191.8,191.8,191.8,191.8,40
2024-11-06T16:36:30+01:00,191.38,191.38,191.38,191.38,32
2024-11-06T16:37:30+01:00,191.38,191.38,191.38,191.38,9
2024-11-06T16:38:30+01:00,191.38,191.38,191.38,191.38,50
2024-11-06T16:39:30+01:00,191.28,191.28,191.28,191.28,1
2024-11-06T16:40:00+01:00,191.16,191.16,191.16,191.16,30
2024-11-06T16:40:30+01:00,191,191,191,191,70
2024-11-06T16:42:00+01:00,190.84,190.84,190.84,190.84,80
2024-11-06T16:42:30+01:00,190.82,190.82,190.8,190.8,399
2024-11-06T16:44:30+01:00,190.78,190.78,190.68,190.74,451
2024-11-06T16:45:30+01:00,190.86,190.86,190.86,190.86,26
2024-11-06T16:46:00+01:00,190.82,190.82,190.78,190.78,32
2024-11-06T16:46:30+01:00,190.72,190.72,190.72,190.72,493
2024-11-06T16:47:00+01:00,190.82,190.82,190.8,190.8,189
2024-11-06T16:47:30+01:00,190.78,190.82,190.78,190.82,361
2024-11-06T16:49:30+01:00,190.58,190.68,190.58,190.68,799
2024-11-06T16:50:00+01:00,190.66,190.66,190.66,190.66,194
2024-11-06T16:50:30+01:00,190.3,190.3,190.3,190.3,200
2024-11-06T16:51:30+01:00,190.08,190.26,190.08,190.26,375
2024-11-06T16:52:30+01:00,190.14,190.14,190.08,190.08,100
2024-11-06T16:53:30+01:00,190.06,190.06,190.06,190.06,12
2024-11-06T16:54:00+01:00,190.12,190.12,190.12,190.12,35
2024-11-06T16:54:30+01:00,190.28,190.28,190.28,190.28,155
2024-11-06T16:55:30+01:00,190.16,190.36,190.16,190.36,706
2024-11-06T16:56:00+01:00,190.24,190.24,190.24,190.24,7
2024-11-06T16:56:30+01:00,190.2,190.2,190.2,190.2,200
2024-11-06T16:58:00+01:00,190.2,190.2,190.16,190.16,821
2024-11-06T16:58:30+01:00,190,190,189.96,189.96,757
2024-11-06T16:59:00+01:00,190.04,190.04,189.82,189.82,740
2024-11-06T17:00:00+01:00,189.84,189.84,189.84,189.84,423
2024-11-06T17:00:30+01:00,189.84,189.84,189.76,189.8,378
2024-11-06T17:01:00+01:00,189.76,189.8,189.76,189.8,59
2024-11-06T17:02:30+01:00,189.66,189.66,189.66,189.66,2
2024-11-06T17:03:00+01:00,189.42,189.42,189.42,189.42,900
2024-11-06T17:03:30+01:00,189.5,189.5,189.5,189.5,215
2024-11-06T17:05:00+01:00,189.68,189.76,189.66,189.76,1020
2024-11-06T17:05:30+01:00,189.78,189.8,189.78,189.78,140
2024-11-06T17:06:00+01:00,189.88,189.88,189.68,189.82,344
2024-11-06T17:08:00+01:00,189.78,189.8,189.68,189.8,1189
2024-11-06T17:08:30+01:00,189.88,189.88,189.88,189.88,100
2024-11-06T17:09:00+01:00,189.96,190,189.96,190,147
2024-11-06T17:10:30+01:00,189.94,189.94,189.94,189.94,210
2024-11-06T17:11:00+01:00,190.06,190.06,189.92,189.92,25
2024-11-06T17:12:30+01:00,189.6,189.6,189.6,189.6,30
2024-11-06T17:13:30+01:00,189.9,189.9,189.9,189.9,100
2024-11-06T17:14:30+01:00,190.08,190.2,190.08,190.2,637
2024-11-06T17:15:00+01:00,190.36,190.36,190.36,190.36,64
2024-11-06T17:15:30+01:00,190.32,190.32,190.32,190.32,80
2024-11-06T17:16:00+01:00,190.3,190.3,190.3,190.3,35
2024-11-06T17:16:30+01:00,190.34,190.34,190.34,190.34,109
2024-11-06T17:19:30+01:00,189.86,189.86,189.76,189.76,1442
2024-11-06T17:20:00+01:00,189.8,189.8,189.8,189.8,163
2024-11-06T17:21:00+01:00,189.64,189.64,189.64,189.64,222
2024-11-06T17:21:30+01:00,189.84,189.84,189.84,189.84,35
2024-11-06T17:24:30+01:00,189.96,189.96,189.96,189.96,13
2024-11-06T17:28:00+01:00,190.32,190.34,190.32,190.34,100
2024-11-06T17:29:30+01:00,190.48,190.52,190.38,190.52,2160
2024-11-07T09:04:00+01:00,191.5,191.78,191.3,191.32,3132
2024-11-07T09:04:30+01:00,191.44,191.86,191.44,191.86,317
2024-11-07T09:05:00+01:00,191.86,191.9,191.86,191.9,214
2024-11-07T09:06:00+01:00,191.78,191.78,191.78,191.78,89
2024-11-07T09:07:00+01:00,191.56,191.56,191.5,191.5,50
2024-11-07T09:08:30+01:00,191.76,191.84,191.76,191.84,50
2024-11-07T09:10:00+01:00,191.72,191.72,191.72,191.72,50
2024-11-07T09:11:30+01:00,191.6,191.6,191.6,191.6,52
2024-11-07T09:12:30+01:00,191.62,191.62,191.6,191.62,340
2024-11-07T09:15:00+01:00,191.64,191.64,191.6,191.6,372
2024-11-07T09:15:30+01:00,191.66,191.7,191.66,191.7,750
2024-11-07T09:18:00+01:00,191.5,191.5,191.46,191.46,614
2024-11-07T09:18:30+01:00,191.38,191.38,191.38,191.38,25
2024-11-07T09:19:30+01:00,191.52,191.52,191.52,191.52,50
2024-11-07T09:20:00+01:00,191.44,191.44,191.44,191.44,100
2024-11-07T09:22:00+01:00,191.36,191.36,191.36,191.36,500
2024-11-07T09:22:30+01:00,191.58,191.6,191.58,191.6,150
2024-11-07T09:23:00+01:00,191.52,191.52,191.52,191.52,184
2024-11-07T09:24:30+01:00,191.36,191.36,191.36,191.36,1
2024-11-07T09:25:30+01:00,191.5,191.5,191.5,191.5,5
2024-11-07T09:26:00+01:00,191.46,191.5,191.46,191.5,332
2024-11-07T09:26:30+01:00,191.5,191.52,191.5,191.52,104
2024-11-07T09:30:00+01:00,191.52,191.52,191.52,191.52,1
2024-11-07T09:30:30+01:00,191.52,191.52,191.52,191.52,116
2024-11-07T09:31:00+01:00,191.7,191.7,191.7,191.7,200
2024-11-07T09:32:00+01:00,191.66,191.66,191.66,191.66,16
2024-11-07T09:32:30+01:00,191.48,191.48,191.48,191.48,3
2024-11-07T09:34:00+01:00,191.5,191.5,191.48,191.48,100
2024-11-07T09:34:30+01:00,191.48,191.48,191.48,191.48,30
2024-11-07T09:35:00+01:00,191.66,191.68,191.66,191.68,113
2024-11-07T09:35:30+01:00,191.58,191.58,191.58,191.58,164
2024-11-07T09:36:30+01:00,191.56,191.56,191.56,191.56,15
2024-11-07T09:37:00+01:00,191.56,191.62,191.56,191.6,359
2024-11-07T09:37:30+01:00,191.6,191.62,191.6,191.62,296
2024-11-07T09:38:00+01:00,191.62,191.62,191.62,191.62,76
2024-11-07T09:40:30+01:00,191.62,191.62,191.62,191.62,16
2024-11-07T09:41:00+01:00,191.66,191.66,191.66,191.66,50
2024-11-07T09:41:30+01:00,191.7,191.7,191.68,191.68,349
2024-11-07T09:45:00+01:00,191.7,191.7,191.7,191.7,614
2024-11-07T09:47:30+01:00,191.9,191.9,191.9,191.9,104
2024-11-07T09:48:00+01:00,191.72,191.72,191.6,191.6,403
2024-11-07T09:50:00+01:00,191.84,191.84,191.84,191.84,75
2024-11-07T09:51:00+01:00,191.64,191.64,191.64,191.64,25
2024-11-07T09:57:30+01:00,191.64,191.64,191.6,191.6,982
2024-11-07T09:58:00+01:00,191.56,191.56,191.44,191.44,1213
2024-11-07T09:58:30+01:00,191.52,191.52,191.52,191.52,32
2024-11-07T10:00:00+01:00,191.5,191.5,191.44,191.44,1206
2024-11-07T10:02:00+01:00,191.5,191.5,191.5,191.5,16
2024-11-07T10:02:30+01:00,191.48,191.52,191.42,191.52,542
2024-11-07T10:03:30+01:00,191.46,191.46,191.46,191.46,55
2024-11-07T10:04:00+01:00,191.48,191.48,191.48,191.48,100
2024-11-07T10:05:00+01:00,191.36,191.36,191.36,191.36,190
2024-11-07T10:06:30+01:00,191.2,191.2,191.14,191.14,231
2024-11-07T10:09:00+01:00,191.24,191.24,191.24,191.24,27
2024-11-07T10:10:00+01:00,191.12,191.26,191.12,191.26,177
2024-11-07T10:10:30+01:00,191.2,191.2,191.1,191.1,2500
2024-11-07T10:11:30+01:00,191.14,191.14,191.14,191.14,10
2024-11-07T10:13:00+01:00,191.34,191.34,191.34,191.34,5
2024-11-07T10:13:30+01:00,191.48,191.48,191.48,191.48,1112
2024-11-07T10:14:00+01:00,191.48,191.48,191.42,191.42,321
2024-11-07T10:18:30+01:00,191.66,191.66,191.64,191.64,680
2024-11-07T10:19:30+01:00,191.78,191.78,191.78,191.78,80
2024-11-07T10:24:00+01:00,191.56,191.56,191.56,191.56,98
2024-11-07T10:25:30+01:00,191.5,191.5,191.5,191.5,200
2024-11-07T10:29:30+01:00,191.62,191.66,191.62,191.66,320
2024-11-07T10:30:00+01:00,191.48,191.48,191.48,191.48,52
2024-11-07T10:30:30+01:00,191.5,191.5,191.5,191.5,41
2024-11-07T10:31:00+01:00,191.5,191.5,191.5,191.5,8
2024-11-07T10:33:00+01:00,191.72,191.72,191.72,191.72,30
2024-11-07T10:33:30+01:00,191.6,191.6,191.56,191.56,300
2024-11-07T10:35:30+01:00,191.74,191.74,191.74,191.74,15
2024-11-07T10:37:00+01:00,191.76,191.8,191.66,191.66,230
2024-11-07T10:39:00+01:00,191.56,191.58,191.56,191.56,204
2024-11-07T10:39:30+01:00,191.56,191.56,191.56,191.56,411
2024-11-07T10:40:00+01:00,191.44,191.44,191.44,191.44,100
2024-11-07T10:41:00+01:00,191.44,191.44,191.44,191.44,20
2024-11-07T10:42:30+01:00,191.52,191.52,191.52,191.52,50
2024-11-07T10:43:30+01:00,191.32,191.32,191.32,191.32,100
2024-11-07T10:44:30+01:00,191.3,191.3,191.3,191.3,6
2024-11-07T10:46:30+01:00,191.52,191.52,191.52,191.52,15
2024-11-07T10:47:00+01:00,191.42,191.42,191.42,191.42,218
2024-11-07T10:48:30+01:00,191.58,191.58,191.58,191.58,79
2024-11-07T10:52:30+01:00,191.6,191.62,191.6,191.62,50
2024-11-07T10:56:30+01:00,191.6,191.6,191.6,191.6,240
2024-11-07T10:58:00+01:00,191.48,191.48,191.48,191.48,7
2024-11-07T10:58:30+01:00,191.6,191.62,191.6,191.62,350
2024-11-07T11:00:30+01:00,191.7,191.7,191.7,191.7,6
2024-11-07T11:05:00+01:00,191.5,191.5,191.5,191.5,5
2024-11-07T11:09:00+01:00,191.56,191.56,191.56,191.56,26
2024-11-07T11:10:30+01:00,191.48,191.48,191.48,191.48,40
2024-11-07T11:14:00+01:00,191.5,191.5,191.46,191.46,7
2024-11-07T11:14:30+01:00,191.5,191.5,191.48,191.48,940
2024-11-07T11:24:00+01:00,191.46,191.46,191.44,191.44,927
2024-11-07T11:25:30+01:00,191.38,191.38,191.38,191.38,409
2024-11-07T11:27:00+01:00,191.5,191.5,191.5,191.5,30
2024-11-07T11:28:30+01:00,191.54,191.54,191.54,191.54,1
2024-11-07T11:30:30+01:00,191.54,191.54,191.54,191.54,4
2024-11-07T11:33:30+01:00,191.6,191.6,191.6,191.6,2
2024-11-07T11:34:30+01:00,191.54,191.54,191.54,191.54,20
2024-11-07T11:38:30+01:00,191.68,191.7,191.6,191.6,156
2024-11-07T11:40:00+01:00,191.78,191.78,191.78,191.78,50
2024-11-07T11:41:00+01:00,191.64,191.64,191.64,191.64,50
2024-11-07T11:41:30+01:00,191.62,191.62,191.62,191.62,55
2024-11-07T11:42:00+01:00,191.66,191.66,191.66,191.66,150
2024-11-07T11:42:30+01:00,191.78,191.78,191.66,191.66,10
2024-11-07T11:43:00+01:00,191.78,191.78,191.78,191.78,41
2024-11-07T11:45:00+01:00,191.76,191.76,191.76,191.76,30
2024-11-07T11:52:30+01:00,191.8,191.82,191.8,191.82,47
2024-11-07T11:54:00+01:00,191.9,191.9,191.9,191.9,78
2024-11-07T11:55:00+01:00,191.62,191.62,191.62,191.62,315
2024-11-07T11:57:00+01:00,191.6,191.6,191.6,191.6,3
2024-11-07T12:02:30+01:00,191.64,191.64,191.64,191.64,20
2024-11-07T12:03:30+01:00,191.56,191.56,191.56,191.56,67
2024-11-07T12:06:30+01:00,191.64,191.66,191.64,191.66,40
2024-11-07T12:13:00+01:00,191.62,191.62,191.62,191.62,115
2024-11-07T12:20:00+01:00,191.6,191.6,191.6,191.6,44
2024-11-07T12:21:00+01:00,191.64,191.64,191.62,191.62,50
2024-11-07T12:22:00+01:00,191.62,191.62,191.62,191.62,40
2024-11-07T12:22:30+01:00,191.76,191.76,191.76,191.76,6
2024-11-07T12:23:00+01:00,191.8,191.86,191.7,191.7,115
2024-11-07T12:26:00+01:00,191.68,191.68,191.66,191.66,30
2024-11-07T12:28:30+01:00,191.76,191.76,191.76,191.76,11
2024-11-07T12:30:30+01:00,191.56,191.56,191.56,191.56,59
2024-11-07T12:32:00+01:00,191.68,191.76,191.68,191.76,122
2024-11-07T12:33:00+01:00,191.7,191.7,191.7,191.7,20
2024-11-07T12:33:30+01:00,191.56,191.56,191.54,191.54,60
2024-11-07T12:34:00+01:00,191.64,191.64,191.64,191.64,100
2024-11-07T12:34:30+01:00,191.6,191.6,191.6,191.6,75
2024-11-07T12:38:30+01:00,191.66,191.66,191.64,191.64,100
2024-11-07T12:39:00+01:00,191.8,191.8,191.8,191.8,15
2024-11-07T12:43:30+01:00,191.74,191.8,191.74,191.8,241
2024-11-07T12:45:00+01:00,191.62,191.62,191.56,191.56,400
2024-11-07T12:46:00+01:00,191.6,191.6,191.6,191.6,8
2024-11-07T12:48:00+01:00,191.74,191.74,191.74,191.74,8
2024-11-07T12:50:30+01:00,191.66,191.66,191.64,191.64,10
2024-11-07T13:00:30+01:00,191.86,191.86,191.86,191.86,144
2024-11-07T13:02:00+01:00,191.86,191.9,191.86,191.9,224
2024-11-07T13:04:30+01:00,191.9,191.9,191.9,191.9,52
2024-11-07T13:05:00+01:00,191.9,191.92,191.9,191.92,180
2024-11-07T13:06:30+01:00,192,192.06,192,192.06,824
2024-11-07T13:07:00+01:00,192.2,192.2,192.2,192.2,26
2024-11-07T13:10:00+01:00,192.1,192.1,192.1,192.1,300
2024-11-07T13:10:30+01:00,192.1,192.1,192.1,192.1,404
2024-11-07T13:11:00+01:00,192.2,192.2,192.2,192.2,500
2024-11-07T13:13:30+01:00,192.1,192.1,192.1,192.1,3
2024-11-07T13:14:30+01:00,192.22,192.22,192.22,192.22,1
2024-11-07T13:17:00+01:00,192.48,192.48,192.4,192.4,134
2024-11-07T13:17:30+01:00,192.4,192.4,192.4,192.4,52
2024-11-07T13:18:00+01:00,192.44,192.48,192.44,192.48,186
2024-11-07T13:18:30+01:00,192.48,192.5,192.48,192.5,156
2024-11-07T13:22:00+01:00,192.38,192.38,192.38,192.38,30
2024-11-07T13:22:30+01:00,192.38,192.38,192.38,192.38,10
2024-11-07T13:23:30+01:00,192.2,192.2,192.2,192.2,100
2024-11-07T13:24:30+01:00,192.36,192.42,192.36,192.42,132
2024-11-07T13:25:00+01:00,192.44,192.44,192.44,192.44,100
2024-11-07T13:26:00+01:00,192.5,192.5,192.5,192.5,208
2024-11-07T13:29:30+01:00,192.78,192.8,192.78,192.8,139
2024-11-07T13:30:00+01:00,192.74,192.74,192.74,192.74,421
2024-11-07T13:33:00+01:00,192.7,192.7,192.7,192.7,3
2024-11-07T13:36:30+01:00,192.74,192.74,192.74,192.74,15
2024-11-07T13:37:30+01:00,192.7,192.7,192.7,192.7,3
2024-11-07T13:41:30+01:00,192.6,192.6,192.52,192.52,345
2024-11-07T13:44:30+01:00,192.44,192.44,192.44,192.44,3
2024-11-07T13:45:00+01:00,192.5,192.5,192.5,192.5,139
2024-11-07T13:45:30+01:00,192.5,192.5,192.5,192.5,864
2024-11-07T13:47:30+01:00,192.52,192.52,192.52,192.52,1
2024-11-07T13:50:30+01:00,192.42,192.42,192.42,192.42,1
2024-11-07T13:52:30+01:00,192.48,192.48,192.4,192.4,71
2024-11-07T13:53:00+01:00,192.4,192.4,192.4,192.4,35
2024-11-07T13:56:30+01:00,192.52,192.54,192.52,192.54,8
2024-11-07T13:58:00+01:00,192.6,192.6,192.6,192.6,100
2024-11-07T13:59:30+01:00,192.7,192.7,192.54,192.54,75
2024-11-07T14:08:00+01:00,192.74,192.74,192.68,192.68,401
2024-11-07T14:12:00+01:00,192.78,192.78,192.78,192.78,1
2024-11-07T14:16:00+01:00,192.7,192.82,192.7,192.82,109
2024-11-07T14:18:00+01:00,192.68,192.68,192.68,192.68,2
2024-11-07T14:20:00+01:00,192.66,192.66,192.66,192.66,10
2024-11-07T14:21:00+01:00,192.5,192.5,192.5,192.5,1
2024-11-07T14:23:30+01:00,192.46,192.46,192.46,192.46,21
2024-11-07T14:25:00+01:00,192.44,192.44,192.44,192.44,20
2024-11-07T14:27:00+01:00,192.58,192.66,192.58,192.66,44
2024-11-07T14:29:00+01:00,192.56,192.56,192.54,192.54,260
2024-11-07T14:31:30+01:00,192.48,192.48,192.48,192.48,76
2024-11-07T14:37:00+01:00,192.38,192.38,192.38,192.38,100
2024-11-07T14:37:30+01:00,192.46,192.46,192.4,192.4,303
2024-11-07T14:38:00+01:00,192.48,192.5,192.48,192.5,175
2024-11-07T14:39:30+01:00,192.6,192.62,192.6,192.62,105
2024-11-07T14:41:00+01:00,192.48,192.48,192.48,192.48,1
2024-11-07T14:45:30+01:00,192.7,192.74,192.7,192.74,185
2024-11-07T14:47:30+01:00,192.64,192.64,192.64,192.64,501
2024-11-07T14:48:30+01:00,192.78,192.78,192.78,192.78,3
2024-11-07T14:49:00+01:00,192.78,192.92,192.78,192.92,249
2024-11-07T14:49:30+01:00,192.94,192.98,192.94,192.98,102
2024-11-07T14:50:00+01:00,193,193.06,193,193.06,732
2024-11-07T14:50:30+01:00,193.1,193.1,193.1,193.1,40
2024-11-07T14:53:00+01:00,192.98,192.98,192.98,192.98,52
2024-11-07T14:58:00+01:00,192.68,192.68,192.68,192.68,1
2024-11-07T14:58:30+01:00,192.78,192.78,192.78,192.78,100
2024-11-07T14:59:00+01:00,192.66,192.7,192.56,192.56,35
2024-11-07T15:01:00+01:00,192.82,192.82,192.82,192.82,33
2024-11-07T15:02:00+01:00,192.88,192.92,192.88,192.92,67
2024-11-07T15:03:30+01:00,192.94,192.94,192.88,192.88,7
2024-11-07T15:04:30+01:00,193.02,193.02,193.02,193.02,25
2024-11-07T15:05:30+01:00,192.96,192.96,192.96,192.96,5
2024-11-07T15:07:00+01:00,193,193,193,193,30
2024-11-07T15:09:30+01:00,193.06,193.06,193.06,193.06,1
2024-11-07T15:10:00+01:00,193.06,193.06,193,193,106
2024-11-07T15:13:00+01:00,192.92,192.92,192.92,192.92,3
2024-11-07T15:14:00+01:00,192.92,192.92,192.92,192.92,85
2024-11-07T15:15:00+01:00,192.82,192.82,192.82,192.82,35
2024-11-07T15:17:00+01:00,192.98,192.98,192.98,192.98,6
2024-11-07T15:18:00+01:00,192.96,192.96,192.96,192.96,10
2024-11-07T15:23:00+01:00,192.7,192.7,192.7,192.7,19
2024-11-07T15:24:00+01:00,192.62,192.62,192.62,192.62,1
2024-11-07T15:25:00+01:00,192.34,192.34,192.22,192.22,661
2024-11-07T15:26:30+01:00,192.14,192.14,192.14,192.14,30
2024-11-07T15:27:30+01:00,192.3,192.3,192.3,192.3,40
2024-11-07T15:28:30+01:00,192.08,192.08,192.08,192.08,22
2024-11-07T15:30:00+01:00,192.12,192.66,192.12,192.36,544
2024-11-07T15:30:30+01:00,192.4,192.6,192.4,192.6,102
2024-11-07T15:31:00+01:00,192.6,192.6,192.6,192.6,201
2024-11-07T15:32:00+01:00,192.8,192.8,192.8,192.8,42
2024-11-07T15:32:30+01:00,192.74,192.74,192.74,192.74,18
2024-11-07T15:33:00+01:00,192.88,193.1,192.88,193.1,552
2024-11-07T15:33:30+01:00,193.04,193.04,193.04,193.04,4
2024-11-07T15:35:00+01:00,193.28,193.28,193.22,193.22,1221
2024-11-07T15:36:00+01:00,193.12,193.2,193.12,193.2,219
2024-11-07T15:36:30+01:00,193.5,193.5,193.5,193.5,71
2024-11-07T15:37:00+01:00,193.48,193.48,193.46,193.46,105
2024-11-07T15:37:30+01:00,193.4,193.4,193.4,193.4,2
2024-11-07T15:38:00+01:00,193.46,193.46,193.38,193.4,201
2024-11-07T15:38:30+01:00,193.8,193.8,193.8,193.8,30
2024-11-07T15:39:30+01:00,193.84,193.84,193.84,193.84,10
2024-11-07T15:40:00+01:00,193.76,193.76,193.76,193.76,16
2024-11-07T15:41:00+01:00,193.88,193.9,193.88,193.9,648
2024-11-07T15:41:30+01:00,194,194.06,193.88,193.92,1412
2024-11-07T15:42:00+01:00,194.1,194.1,194.1,194.1,113
2024-11-07T15:43:00+01:00,193.84,193.84,193.82,193.82,604
2024-11-07T15:45:30+01:00,193.86,193.86,193.86,193.86,300
2024-11-07T15:46:00+01:00,193.86,193.86,193.86,193.86,301
2024-11-07T15:46:30+01:00,193.86,193.9,193.86,193.9,204
2024-11-07T15:48:00+01:00,194.02,194.02,194.02,194.02,60
2024-11-07T15:49:00+01:00,194.08,194.08,194.08,194.08,300
2024-11-07T15:50:00+01:00,194.4,194.54,194.4,194.54,464
2024-11-07T15:50:30+01:00,194.6,194.6,194.44,194.46,1027
2024-11-07T15:51:00+01:00,194.5,194.5,194.48,194.5,290
2024-11-07T15:51:30+01:00,194.7,194.7,194.7,194.7,14
2024-11-07T15:53:00+01:00,194.54,194.54,194.5,194.5,6
2024-11-07T15:53:30+01:00,194.28,194.28,194.28,194.28,20
2024-11-07T15:55:00+01:00,194.14,194.14,194.14,194.14,300
2024-11-07T15:55:30+01:00,194.1,194.24,194.1,194.24,436
2024-11-07T15:57:00+01:00,194.4,194.4,194.4,194.4,80
2024-11-07T15:57:30+01:00,194.4,194.44,194.4,194.44,318
2024-11-07T15:59:00+01:00,194.62,194.62,194.62,194.62,130
2024-11-07T15:59:30+01:00,194.86,195,194.86,194.98,2585
2024-11-07T16:00:00+01:00,195,195.14,195,195.14,2460
2024-11-07T16:00:30+01:00,195.02,195.42,195,195.42,611
2024-11-07T16:01:00+01:00,195.24,195.24,195.24,195.24,157
2024-11-07T16:02:00+01:00,195.58,195.58,195.46,195.46,231
2024-11-07T16:03:00+01:00,195.48,195.48,195.26,195.26,53
2024-11-07T16:05:00+01:00,195.4,195.4,195.4,195.4,342
2024-11-07T16:06:00+01:00,195.36,195.36,195.36,195.36,80
2024-11-07T16:06:30+01:00,195.42,195.54,195.42,195.54,95
2024-11-07T16:07:00+01:00,195.56,195.66,195.52,195.62,498
2024-11-07T16:07:30+01:00,195.8,195.8,195.74,195.74,31
2024-11-07T16:08:00+01:00,195.64,195.64,195.64,195.64,3
2024-11-07T16:09:00+01:00,195.62,195.68,195.62,195.68,356
2024-11-07T16:10:30+01:00,195.86,195.86,195.86,195.86,350
2024-11-07T16:11:30+01:00,195.9,196.1,195.9,196.1,588
2024-11-07T16:12:00+01:00,196.04,196.12,196.02,196.04,712
2024-11-07T16:12:30+01:00,196.06,196.06,196.06,196.06,180
2024-11-07T16:13:00+01:00,196.2,196.2,196.2,196.2,200
2024-11-07T16:13:30+01:00,196.34,196.34,196,196,682
2024-11-07T16:14:30+01:00,195.96,196.08,195.96,196.08,34
2024-11-07T16:16:00+01:00,195.4,195.4,195.4,195.4,20
2024-11-07T16:16:30+01:00,195.4,195.4,195.4,195.4,50
2024-11-07T16:17:30+01:00,195.66,195.72,195.66,195.72,169
2024-11-07T16:18:30+01:00,195.92,195.92,195.92,195.92,10
2024-11-07T16:19:00+01:00,196,196,196,196,56
2024-11-07T16:19:30+01:00,196,196,196,196,78
2024-11-07T16:22:00+01:00,195.3,195.3,195.3,195.3,26
2024-11-07T16:23:30+01:00,195.04,195.04,195.04,195.04,4
2024-11-07T16:26:30+01:00,194.78,194.78,194.78,194.78,100
2024-11-07T16:27:00+01:00,194.82,194.82,194.72,194.72,3
2024-11-07T16:28:30+01:00,194.9,195.06,194.9,195.06,116
2024-11-07T16:30:30+01:00,194.72,194.88,194.72,194.88,616
2024-11-07T16:31:00+01:00,194.9,194.9,194.8,194.8,27
2024-11-07T16:34:00+01:00,194.44,194.44,194.44,194.44,50
2024-11-07T16:34:30+01:00,194.42,194.42,194.42,194.42,100
2024-11-07T16:35:00+01:00,194.58,194.58,194.5,194.5,155
2024-11-07T16:36:00+01:00,194.74,194.92,194.74,194.92,647
2024-11-07T16:36:30+01:00,194.82,194.82,194.66,194.66,150
2024-11-07T16:38:30+01:00,194.96,194.96,194.86,194.86,134
2024-11-07T16:39:30+01:00,194.82,194.82,194.82,194.82,23
2024-11-07T16:40:00+01:00,194.76,194.76,194.76,194.76,287
2024-11-07T16:42:30+01:00,194.94,194.94,194.94,194.94,20
2024-11-07T16:43:00+01:00,194.94,194.94,194.92,194.92,15
2024-11-07T16:43:30+01:00,195.08,195.08,195.08,195.08,50
2024-11-07T16:44:00+01:00,195.26,195.26,195.26,195.26,128
2024-11-07T16:44:30+01:00,195.54,195.58,195.52,195.52,148
2024-11-07T16:45:00+01:00,195.6,195.6,195.54,195.54,126
2024-11-07T16:45:30+01:00,195.54,195.54,195.46,195.46,283
2024-11-07T16:46:00+01:00,195.62,195.62,195.62,195.62,7
2024-11-07T16:47:00+01:00,195.68,195.78,195.68,195.72,115
2024-11-07T16:47:30+01:00,195.84,196.02,195.84,196.02,162
2024-11-07T16:48:00+01:00,196,196,196,196,4
2024-11-07T16:48:30+01:00,195.94,195.94,195.82,195.82,13
2024-11-07T16:49:00+01:00,195.54,195.6,195.54,195.6,336
2024-11-07T16:49:30+01:00,195.5,195.5,195.44,195.5,308
2024-11-07T16:50:00+01:00,195.54,195.54,195.54,195.54,20
2024-11-07T16:50:30+01:00,195.48,195.48,195.4,195.44,49
2024-11-07T16:51:00+01:00,195.42,195.42,195.42,195.42,4
2024-11-07T16:53:00+01:00,195.18,195.24,195.18,195.24,328
2024-11-07T16:54:00+01:00,195.26,195.32,195.26,195.32,13
2024-11-07T16:54:30+01:00,195.48,195.48,195.48,195.48,20
2024-11-07T16:55:30+01:00,195.48,195.72,195.48,195.72,436
2024-11-07T16:56:00+01:00,195.58,195.58,195.58,195.58,3
2024-11-07T16:58:30+01:00,195.32,195.42,195.32,195.42,13
2024-11-07T17:01:00+01:00,195.3,195.3,195.2,195.22,1544
2024-11-07T17:01:30+01:00,195.3,195.3,195.14,195.14,101
2024-11-07T17:02:30+01:00,195.16,195.16,195.16,195.16,60
2024-11-07T17:03:00+01:00,195.16,195.16,195.14,195.14,701
2024-11-07T17:04:00+01:00,195.26,195.26,195.26,195.26,19
2024-11-07T17:04:30+01:00,195.26,195.26,195.26,195.26,300
2024-11-07T17:07:00+01:00,195.24,195.24,195.24,195.24,35
2024-11-07T17:07:30+01:00,195.2,195.2,195.2,195.2,2
2024-11-07T17:08:00+01:00,195.26,195.26,195.26,195.26,189
2024-11-07T17:10:00+01:00,195.22,195.22,195.22,195.22,60
2024-11-07T17:13:30+01:00,195.14,195.32,195.14,195.32,389
2024-11-07T17:14:00+01:00,195.16,195.16,195.16,195.16,20
2024-11-07T17:15:30+01:00,195.32,195.4,195.32,195.4,124
2024-11-07T17:17:30+01:00,195.38,195.38,195.38,195.38,50
2024-11-07T17:21:00+01:00,195.42,195.42,195.42,195.42,3
2024-11-07T17:21:30+01:00,195.4,195.4,195.4,195.4,70
2024-11-07T17:23:00+01:00,195.34,195.36,195.34,195.36,52
2024-11-07T17:23:30+01:00,195.34,195.34,195.34,195.34,60
2024-11-07T17:24:00+01:00,195.32,195.32,195.32,195.32,5
2024-11-07T17:25:00+01:00,195.44,195.44,195.44,195.44,64
2024-11-07T17:26:30+01:00,195.52,195.52,195.52,195.52,62
2024-11-07T17:28:00+01:00,195.6,195.6,195.6,195.6,32
2024-11-07T17:29:00+01:00,195.52,195.52,195.5,195.5,11
2024-11-08T09:04:00+01:00,195.48,195.48,195.32,195.32,524
2024-11-08T09:04:30+01:00,195.34,195.42,195.34,195.42,15
2024-11-08T09:07:30+01:00,195.2,195.2,195.16,195.16,97
2024-11-08T09:08:00+01:00,195.34,195.34,195.34,195.34,13
2024-11-08T09:08:30+01:00,195.38,195.38,195.38,195.38,5
2024-11-08T09:09:00+01:00,195.36,195.36,195.36,195.36,10
2024-11-08T09:10:00+01:00,195.36,195.36,195.32,195.32,196
2024-11-08T09:11:00+01:00,195.16,195.16,195.14,195.14,140
2024-11-08T09:12:00+01:00,195.22,195.28,195.22,195.28,85
2024-11-08T09:15:00+01:00,195.22,195.22,195.2,195.2,41
2024-11-08T09:15:30+01:00,195.22,195.22,195.22,195.22,2
2024-11-08T09:16:00+01:00,195.32,195.32,195.32,195.32,100
2024-11-08T09:16:30+01:00,195.52,195.52,195.52,195.52,702
2024-11-08T09:17:00+01:00,195.46,195.46,195.46,195.46,21
2024-11-08T09:17:30+01:00,195.04,195.04,195.04,195.04,5
2024-11-08T09:18:30+01:00,195.02,195.02,194.8,195,252
2024-11-08T09:20:30+01:00,194.92,194.92,194.92,194.92,183
2024-11-08T09:22:00+01:00,195.06,195.26,195.06,195.26,364
2024-11-08T09:26:00+01:00,195.02,195.02,195,195,89
2024-11-08T09:26:30+01:00,195.06,195.06,195.06,195.06,10
2024-11-08T09:27:00+01:00,194.96,194.96,194.92,194.92,200
2024-11-08T09:27:30+01:00,195.02,195.02,195.02,195.02,25
2024-11-08T09:28:00+01:00,195.02,195.02,195.02,195.02,7
2024-11-08T09:28:30+01:00,195,195,195,195,1
2024-11-08T09:29:00+01:00,195.02,195.02,195.02,195.02,40
2024-11-08T09:30:30+01:00,194.92,194.92,194.92,194.92,38
2024-11-08T09:31:00+01:00,194.92,194.92,194.92,194.92,20
2024-11-08T09:32:00+01:00,194.92,194.92,194.92,194.92,57
2024-11-08T09:32:30+01:00,194.92,194.92,194.92,194.92,20
2024-11-08T09:34:00+01:00,195,195.16,195,195.16,521
2024-11-08T09:34:30+01:00,195.16,195.16,195.16,195.16,330
2024-11-08T09:36:00+01:00,195,195,195,195,1
2024-11-08T09:39:30+01:00,195.24,195.28,195.24,195.28,200
2024-11-08T09:40:30+01:00,195.28,195.28,195.28,195.28,50
2024-11-08T09:46:30+01:00,195.24,195.24,195.22,195.22,210
2024-11-08T09:47:00+01:00,195.24,195.24,195.16,195.16,9
2024-11-08T09:49:00+01:00,195.24,195.26,195.24,195.26,98
2024-11-08T09:51:30+01:00,195.08,195.08,195.06,195.06,40
2024-11-08T09:52:30+01:00,195.08,195.1,195.08,195.1,356
2024-11-08T10:00:00+01:00,195.2,195.32,195.2,195.32,212
2024-11-08T10:01:00+01:00,195.44,195.44,195.44,195.44,14
2024-11-08T10:04:30+01:00,195.14,195.22,195.14,195.22,60
2024-11-08T10:05:30+01:00,195.1,195.1,195.1,195.1,3
2024-11-08T10:06:30+01:00,195.06,195.06,195.06,195.06,12
2024-11-08T10:11:00+01:00,195.08,195.08,195.08,195.08,23
2024-11-08T10:12:00+01:00,195.2,195.24,195.2,195.24,61
2024-11-08T10:15:30+01:00,195.2,195.2,195.2,195.2,500
2024-11-08T10:19:00+01:00,195.3,195.3,195.3,195.3,18
2024-11-08T10:21:30+01:00,195.22,195.3,195.22,195.3,173
2024-11-08T10:22:30+01:00,195.26,195.3,195.26,195.3,110
2024-11-08T10:23:00+01:00,195.3,195.3,195.3,195.3,6
2024-11-08T10:23:30+01:00,195.3,195.3,195.3,195.3,228
2024-11-08T10:24:00+01:00,195.3,195.3,195.28,195.3,735
2024-11-08T10:28:30+01:00,195.3,195.48,195.3,195.48,270
2024-11-08T10:35:00+01:00,195.42,195.42,195.42,195.42,1
2024-11-08T10:37:00+01:00,195.24,195.24,195.24,195.24,489
2024-11-08T10:40:30+01:00,195.14,195.14,195.14,195.14,100
2024-11-08T10:42:30+01:00,195.34,195.34,195.34,195.34,8
2024-11-08T10:45:30+01:00,195.24,195.24,195.24,195.24,5
2024-11-08T10:46:00+01:00,195.3,195.3,195.3,195.3,10
2024-11-08T10:46:30+01:00,195.3,195.3,195.22,195.22,108
2024-11-08T10:48:30+01:00,195.1,195.1,195.1,195.1,25
2024-11-08T10:51:30+01:00,195.2,195.2,195.2,195.2,500
2024-11-08T10:52:30+01:00,195.38,195.38,195.38,195.38,4
2024-11-08T10:53:30+01:00,195.42,195.42,195.42,195.42,25
2024-11-08T10:54:00+01:00,195.42,195.46,195.42,195.46,100
2024-11-08T10:56:00+01:00,195.28,195.28,195.28,195.28,2
2024-11-08T10:57:00+01:00,195.2,195.2,195.2,195.2,66
2024-11-08T10:59:30+01:00,195.24,195.24,195.24,195.24,7
2024-11-08T11:04:30+01:00,195.02,195.02,195.02,195.02,50
2024-11-08T11:06:00+01:00,195.02,195.04,195,195.04,59
2024-11-08T11:11:00+01:00,195.1,195.1,195.1,195.1,13
2024-11-08T11:13:00+01:00,195.22,195.26,195.1,195.1,155
2024-11-08T11:14:00+01:00,194.96,195.08,194.96,195.08,225
2024-11-08T11:15:00+01:00,195.04,195.04,195.04,195.04,5
2024-11-08T11:16:00+01:00,194.9,194.9,194.9,194.9,70
2024-11-08T11:18:30+01:00,194.92,195,194.92,195,114
2024-11-08T11:20:00+01:00,195.12,195.12,195.12,195.12,1253
2024-11-08T11:20:30+01:00,195.12,195.12,195.12,195.12,750
2024-11-08T11:22:00+01:00,194.96,194.96,194.96,194.96,170
2024-11-08T11:22:30+01:00,194.9,194.9,194.86,194.86,70
2024-11-08T11:27:30+01:00,195,195,195,195,3
2024-11-08T11:28:00+01:00,194.88,194.88,194.88,194.88,30
2024-11-08T11:29:00+01:00,194.88,194.88,194.88,194.88,143
2024-11-08T11:30:30+01:00,194.74,194.74,194.74,194.74,4
2024-11-08T11:31:00+01:00,194.78,194.78,194.78,194.78,6
2024-11-08T11:35:30+01:00,194.42,194.48,194.42,194.48,125
2024-11-08T11:36:00+01:00,194.32,194.32,194.32,194.32,37
2024-11-08T11:37:00+01:00,194.32,194.32,194.32,194.32,72
2024-11-08T11:40:30+01:00,194,194.02,193.98,193.98,95
2024-11-08T11:41:00+01:00,193.86,194,193.76,193.86,1394
2024-11-08T11:41:30+01:00,193.86,193.86,193.7,193.7,130
2024-11-08T11:42:00+01:00,193.92,193.98,193.92,193.98,740
2024-11-08T11:44:30+01:00,193.84,193.84,193.84,193.84,1
2024-11-08T11:45:30+01:00,194.06,194.06,194.06,194.06,27
2024-11-08T11:47:00+01:00,194,194,194,194,1
2024-11-08T11:52:00+01:00,194.06,194.06,194.04,194.04,650
2024-11-08T11:52:30+01:00,194.02,194.02,194.02,194.02,5
2024-11-08T11:54:00+01:00,193.88,193.88,193.88,193.88,170
2024-11-08T11:58:30+01:00,194.18,194.18,194.18,194.18,67
2024-11-08T11:59:00+01:00,194.06,194.06,194.06,194.06,10
2024-11-08T12:01:00+01:00,194.02,194.02,194.02,194.02,45
2024-11-08T12:01:30+01:00,194.02,194.02,194.02,194.02,1
2024-11-08T12:02:00+01:00,194.02,194.02,193.98,193.98,809
2024-11-08T12:03:30+01:00,194.04,194.04,194.04,194.04,1
2024-11-08T12:04:30+01:00,194.04,194.04,194.04,194.04,150
2024-11-08T12:06:00+01:00,194,194,193.76,193.76,170
2024-11-08T12:06:30+01:00,193.68,193.68,193.68,193.68,110
2024-11-08T12:07:00+01:00,193.72,193.72,193.72,193.72,3
2024-11-08T12:07:30+01:00,193.72,193.72,193.72,193.72,150
2024-11-08T12:08:30+01:00,193.58,193.58,193.58,193.58,15
2024-11-08T12:10:00+01:00,193.62,193.62,193.62,193.62,150
2024-11-08T12:11:30+01:00,193.6,193.6,193.6,193.6,151
2024-11-08T12:13:30+01:00,193.44,193.44,193.42,193.42,70
2024-11-08T12:14:30+01:00,193.44,193.44,193.44,193.44,5
2024-11-08T12:15:30+01:00,193.6,193.6,193.6,193.6,70
2024-11-08T12:16:00+01:00,193.44,193.44,193.44,193.44,10
2024-11-08T12:17:00+01:00,193.58,193.58,193.58,193.58,163
2024-11-08T12:26:00+01:00,193.3,193.3,193.3,193.3,1
2024-11-08T12:29:00+01:00,193.38,193.38,193.38,193.38,160
2024-11-08T12:29:30+01:00,193.48,193.62,193.48,193.62,592
2024-11-08T12:30:30+01:00,193.3,193.4,193.28,193.4,404
2024-11-08T12:31:00+01:00,193.5,193.5,193.5,193.5,160
2024-11-08T12:32:30+01:00,193.5,193.5,193.5,193.5,55
2024-11-08T12:33:00+01:00,193.66,193.7,193.66,193.7,207
2024-11-08T12:33:30+01:00,193.74,193.74,193.74,193.74,6
2024-11-08T12:35:00+01:00,193.76,193.76,193.76,193.76,170
2024-11-08T12:38:00+01:00,193.74,193.74,193.74,193.74,280
2024-11-08T12:39:30+01:00,193.8,193.8,193.8,193.8,150
2024-11-08T12:41:00+01:00,193.82,193.82,193.82,193.82,50
2024-11-08T12:41:30+01:00,193.9,193.9,193.9,193.9,150
2024-11-08T12:42:00+01:00,193.88,193.88,193.88,193.88,396
2024-11-08T12:47:00+01:00,193.9,193.9,193.9,193.9,151
2024-11-08T12:48:00+01:00,194,194,194,194,140
2024-11-08T12:48:30+01:00,193.94,193.94,193.94,193.94,100
2024-11-08T12:49:30+01:00,194,194,194,194,270
2024-11-08T12:56:00+01:00,194,194,194,194,2
2024-11-08T12:58:00+01:00,193.86,193.86,193.86,193.86,20
2024-11-08T12:59:00+01:00,193.94,193.94,193.94,193.94,30
2024-11-08T12:59:30+01:00,193.94,193.94,193.94,193.94,740
2024-11-08T13:00:00+01:00,193.94,193.94,193.94,193.94,1380
2024-11-08T13:00:30+01:00,194,194,194,194,1274
2024-11-08T13:01:00+01:00,194,194,194,194,100
2024-11-08T13:01:30+01:00,193.94,194,193.94,194,58
2024-11-08T13:03:30+01:00,194,194,194,194,128
2024-11-08T13:04:00+01:00,194,194,194,194,1329
2024-11-08T13:06:00+01:00,194.1,194.1,194.1,194.1,155
2024-11-08T13:10:30+01:00,194.24,194.24,194.24,194.24,150
2024-11-08T13:14:00+01:00,194.34,194.48,194.34,194.48,179
2024-11-08T13:17:00+01:00,194.38,194.38,194.38,194.38,2
2024-11-08T13:26:00+01:00,194.44,194.44,194.44,194.44,150
2024-11-08T13:29:00+01:00,194.4,194.4,194.38,194.38,30
2024-11-08T13:29:30+01:00,194.38,194.38,194.38,194.38,6
2024-11-08T13:30:30+01:00,194.34,194.34,194.34,194.34,13
2024-11-08T13:31:30+01:00,194.54,194.54,194.54,194.54,1
2024-11-08T13:36:00+01:00,194.3,194.42,194.3,194.42,613
2024-11-08T13:40:00+01:00,194.32,194.32,194.32,194.32,100
2024-11-08T13:45:30+01:00,194.52,194.52,194.52,194.52,20
2024-11-08T13:48:30+01:00,194.56,194.56,194.56,194.56,1
2024-11-08T13:56:00+01:00,194.52,194.52,194.52,194.52,29
2024-11-08T14:04:30+01:00,194.82,194.88,194.82,194.88,549
2024-11-08T14:15:00+01:00,194.74,194.74,194.74,194.74,200
2024-11-08T14:26:00+01:00,194.7,194.7,194.66,194.66,50
2024-11-08T14:30:30+01:00,194.6,194.6,194.6,194.6,1
2024-11-08T14:37:00+01:00,194.36,194.38,194,194,302
2024-11-08T14:39:00+01:00,194.12,194.12,194.06,194.06,311
2024-11-08T14:44:00+01:00,194.46,194.46,194.46,194.46,10
2024-11-08T14:46:00+01:00,194.42,194.42,194.42,194.42,10
2024-11-08T14:55:00+01:00,194.16,194.16,194.16,194.16,50
2024-11-08T14:56:00+01:00,194.34,194.34,194.34,194.34,20
2024-11-08T14:56:30+01:00,194.26,194.26,194.26,194.26,50
2024-11-08T15:02:00+01:00,194.22,194.22,194.22,194.22,20
2024-11-08T15:03:00+01:00,194.2,194.2,194.2,194.2,100
2024-11-08T15:05:30+01:00,194.18,194.18,194.18,194.18,100
2024-11-08T15:12:30+01:00,194.24,194.24,194.24,194.24,30
2024-11-08T15:16:30+01:00,194.28,194.28,194.28,194.28,40
2024-11-08T15:18:30+01:00,194.2,194.2,194.2,194.2,15
2024-11-08T15:19:30+01:00,194.18,194.18,194.18,194.18,20
2024-11-08T15:20:30+01:00,194.18,194.18,194.18,194.18,60
2024-11-08T15:21:00+01:00,194.18,194.18,194.18,194.18,20
2024-11-08T15:21:30+01:00,194.24,194.24,194.24,194.24,80
2024-11-08T15:27:30+01:00,194.26,194.68,194.26,194.68,682
2024-11-08T15:28:30+01:00,194.5,194.5,194.5,194.5,20
2024-11-08T15:29:30+01:00,194.92,194.92,194.92,194.92,26
2024-11-08T15:31:00+01:00,194.22,194.22,194.1,194.12,1145
2024-11-08T15:32:00+01:00,193.82,193.82,193.82,193.82,300
2024-11-08T15:32:30+01:00,194.62,194.74,194.62,194.74,464
2024-11-08T15:38:30+01:00,194.4,194.4,194.4,194.4,100
2024-11-08T15:40:30+01:00,194.62,194.62,194.62,194.62,250
2024-11-08T15:42:00+01:00,194.5,194.5,194.5,194.5,10
2024-11-08T15:42:30+01:00,194.5,194.5,194.5,194.5,3000
2024-11-08T15:44:00+01:00,194.4,194.4,194.4,194.4,11
2024-11-08T15:44:30+01:00,194.34,194.34,194.34,194.34,79
2024-11-08T15:46:30+01:00,194.48,194.48,194.48,194.48,7
2024-11-08T15:47:30+01:00,194.5,194.5,194.5,194.5,194
2024-11-08T15:49:00+01:00,194.54,194.54,194.54,194.54,5
2024-11-08T15:49:30+01:00,194.68,194.68,194.68,194.68,9
2024-11-08T15:50:30+01:00,195,195,195,195,100
2024-11-08T15:51:30+01:00,194.76,194.76,194.76,194.76,25
2024-11-08T15:58:00+01:00,194.9,194.9,194.9,194.9,59
2024-11-08T15:58:30+01:00,194.84,194.84,194.84,194.84,300
2024-11-08T16:02:30+01:00,195.22,195.22,195.22,195.22,20
2024-11-08T16:04:00+01:00,195.16,195.16,195.12,195.12,286
2024-11-08T16:04:30+01:00,195.04,195.04,195.04,195.04,25
2024-11-08T16:05:00+01:00,194.88,194.9,194.84,194.84,27
2024-11-08T16:05:30+01:00,194.8,194.8,194.8,194.8,1
2024-11-08T16:06:30+01:00,194.7,194.7,194.62,194.62,320
2024-11-08T16:08:00+01:00,194.64,194.64,194.58,194.58,112
2024-11-08T16:09:00+01:00,194.66,194.66,194.66,194.66,3
2024-11-08T16:09:30+01:00,194.5,194.5,194.5,194.5,50
2024-11-08T16:10:00+01:00,194.42,194.42,194.42,194.42,152
2024-11-08T16:12:30+01:00,194.02,194.02,194.02,194.02,15
2024-11-08T16:15:30+01:00,194.38,194.46,194.38,194.46,34
2024-11-08T16:16:00+01:00,194.56,194.56,194.56,194.56,59
2024-11-08T16:16:30+01:00,194.6,194.6,194.6,194.6,200
2024-11-08T16:18:30+01:00,194.8,194.8,194.8,194.8,20
2024-11-08T16:20:30+01:00,194.6,194.6,194.6,194.6,2
2024-11-08T16:21:30+01:00,194.72,194.72,194.72,194.72,30
2024-11-08T16:22:00+01:00,194.72,194.72,194.72,194.72,24
2024-11-08T16:23:30+01:00,194.44,194.44,194.44,194.44,20
2024-11-08T16:25:30+01:00,194.44,194.44,194.32,194.32,318
2024-11-08T16:29:30+01:00,194.16,194.16,194.16,194.16,8
2024-11-08T16:39:00+01:00,193.8,193.8,193.76,193.76,14
2024-11-08T16:42:00+01:00,193.76,193.76,193.76,193.76,50
2024-11-08T16:43:00+01:00,193.62,193.62,193.62,193.62,50
2024-11-08T16:44:00+01:00,193.72,193.72,193.72,193.72,60
2024-11-08T16:48:30+01:00,193.9,193.9,193.9,193.9,1
2024-11-08T16:53:00+01:00,194,194,194,194,13
2024-11-08T16:55:00+01:00,194.18,194.18,194.18,194.18,30
2024-11-08T16:55:30+01:00,194.1,194.1,194.1,194.1,27
2024-11-08T17:03:30+01:00,193.92,193.92,193.92,193.92,51
2024-11-08T17:05:30+01:00,193.98,193.98,193.98,193.98,20
2024-11-08T17:11:30+01:00,194.36,194.36,194.36,194.36,30
2024-11-08T17:20:30+01:00,194.68,194.68,194.68,194.68,15
2024-11-08T17:25:30+01:00,194.76,194.76,194.76,194.76,307
2024-11-08T17:28:00+01:00,195.14,195.14,195.14,195.14,94
2024-11-08T17:28:30+01:00,195.14,195.14,195.14,195.14,42
2024-11-08T17:29:00+01:00,195.14,195.14,195.14,195.14,462
2024-11-08T17:29:30+01:00,195.12,195.12,195.12,195.12,37
2024-11-11T09:04:00+01:00,195.2,195.46,195.2,195.42,5833
2024-11-11T09:04:30+01:00,195.5,195.5,195.36,195.36,734
2024-11-11T09:05:00+01:00,195.44,195.6,195.36,195.6,58
2024-11-11T09:07:00+01:00,195.6,195.66,195.6,195.66,125
2024-11-11T09:08:00+01:00,195.66,195.88,195.66,195.88,116
2024-11-11T09:09:00+01:00,195.78,195.78,195.78,195.78,30
2024-11-11T09:10:00+01:00,195.86,195.88,195.86,195.88,60
2024-11-11T09:10:30+01:00,195.82,195.98,195.82,195.98,632
2024-11-11T09:11:30+01:00,195.82,195.82,195.82,195.82,38
2024-11-11T09:12:00+01:00,195.68,195.68,195.68,195.68,90
2024-11-11T09:12:30+01:00,195.7,195.7,195.68,195.68,200
2024-11-11T09:13:00+01:00,195.68,195.68,195.68,195.68,20
2024-11-11T09:13:30+01:00,195.82,195.92,195.82,195.92,708
2024-11-11T09:14:30+01:00,195.78,195.78,195.78,195.78,82
2024-11-11T09:15:00+01:00,195.78,195.78,195.76,195.76,162
2024-11-11T09:16:00+01:00,195.88,195.88,195.88,195.88,10
2024-11-11T09:16:30+01:00,195.9,195.9,195.9,195.9,53
2024-11-11T09:17:00+01:00,195.82,195.82,195.82,195.82,110
2024-11-11T09:18:00+01:00,195.9,195.9,195.9,195.9,100
2024-11-11T09:19:00+01:00,195.88,195.88,195.88,195.88,5
2024-11-11T09:20:30+01:00,195.9,195.9,195.9,195.9,30
2024-11-11T09:21:00+01:00,195.9,195.9,195.9,195.9,50
2024-11-11T09:24:00+01:00,195.9,195.9,195.9,195.9,19
2024-11-11T09:24:30+01:00,195.9,195.9,195.9,195.9,50
2024-11-11T09:26:00+01:00,195.9,195.9,195.9,195.9,38
2024-11-11T09:27:30+01:00,195.8,195.9,195.8,195.9,152
2024-11-11T09:28:00+01:00,195.9,195.9,195.88,195.88,580
2024-11-11T09:28:30+01:00,196,196.16,196,196.16,623
2024-11-11T09:29:30+01:00,196.2,196.26,196.16,196.18,2160
2024-11-11T09:30:30+01:00,196.18,196.18,196.18,196.18,502
2024-11-11T09:31:00+01:00,196.16,196.18,196.16,196.18,426
2024-11-11T09:31:30+01:00,196.16,196.16,196.16,196.16,235
2024-11-11T09:33:00+01:00,196.16,196.16,196.16,196.16,39
2024-11-11T09:36:00+01:00,196.06,196.06,196.06,196.06,83
2024-11-11T09:36:30+01:00,196.08,196.16,196.06,196.16,127
2024-11-11T09:40:00+01:00,196.08,196.16,196.08,196.12,208
2024-11-11T09:40:30+01:00,196.06,196.06,196.06,196.06,248
2024-11-11T09:41:00+01:00,196.06,196.06,196.06,196.06,57
2024-11-11T09:42:00+01:00,196.06,196.06,196.06,196.06,100
2024-11-11T09:42:30+01:00,196.06,196.06,195.96,195.96,695
2024-11-11T09:44:00+01:00,195.92,195.92,195.9,195.9,124
2024-11-11T09:45:00+01:00,195.88,195.88,195.78,195.78,240
2024-11-11T09:45:30+01:00,195.94,195.94,195.94,195.94,219
2024-11-11T09:47:00+01:00,195.9,195.9,195.9,195.9,9
2024-11-11T09:48:30+01:00,195.72,195.72,195.72,195.72,13
2024-11-11T09:50:00+01:00,195.86,195.86,195.86,195.86,100
2024-11-11T09:52:30+01:00,195.86,195.98,195.86,195.92,631
2024-11-11T09:53:30+01:00,195.92,195.92,195.9,195.9,288
2024-11-11T09:54:00+01:00,195.9,195.9,195.9,195.9,2252
2024-11-11T09:56:00+01:00,195.78,195.78,195.76,195.76,359
2024-11-11T10:00:00+01:00,195.62,195.68,195.62,195.64,406
2024-11-11T10:00:30+01:00,195.8,195.8,195.7,195.7,488
2024-11-11T10:02:00+01:00,195.56,195.56,195.54,195.54,159
2024-11-11T10:03:30+01:00,195.52,195.52,195.52,195.52,110
2024-11-11T10:06:30+01:00,195.5,195.5,195.48,195.48,200
2024-11-11T10:07:00+01:00,195.6,195.6,195.6,195.6,25
2024-11-11T10:09:00+01:00,195.52,195.52,195.52,195.52,50
2024-11-11T10:13:00+01:00,195.56,195.56,195.52,195.52,36
2024-11-11T10:17:30+01:00,195.7,195.72,195.7,195.72,300
2024-11-11T10:18:30+01:00,195.66,195.68,195.64,195.64,434
2024-11-11T10:28:30+01:00,195.76,195.86,195.76,195.76,234
2024-11-11T10:29:30+01:00,195.76,195.76,195.76,195.76,5
2024-11-11T10:30:00+01:00,195.9,195.9,195.9,195.9,2
2024-11-11T10:32:00+01:00,195.8,195.8,195.8,195.8,25
2024-11-11T10:35:00+01:00,195.8,195.8,195.8,195.8,60
2024-11-11T10:36:30+01:00,195.68,195.68,195.68,195.68,10
2024-11-11T10:37:30+01:00,195.74,195.74,195.74,195.74,102
2024-11-11T10:39:00+01:00,195.74,195.74,195.74,195.74,23
2024-11-11T10:40:00+01:00,195.76,195.86,195.66,195.74,3690
2024-11-11T10:40:30+01:00,195.66,195.76,195.66,195.76,35
2024-11-11T10:43:00+01:00,195.7,195.7,195.6,195.6,160
2024-11-11T10:43:30+01:00,195.8,195.8,195.8,195.8,20
2024-11-11T10:44:00+01:00,195.78,195.78,195.78,195.78,2
2024-11-11T10:52:00+01:00,195.68,195.68,195.68,195.68,8
2024-11-11T10:55:00+01:00,195.58,195.58,195.58,195.58,25
2024-11-11T10:57:30+01:00,195.58,195.68,195.58,195.58,124
2024-11-11T10:58:30+01:00,195.5,195.5,195.5,195.5,25
2024-11-11T11:00:00+01:00,195.54,195.54,195.54,195.54,90
2024-11-11T11:01:00+01:00,195.58,195.58,195.58,195.58,16
2024-11-11T11:01:30+01:00,195.58,195.58,195.58,195.58,17
2024-11-11T11:06:00+01:00,195.5,195.5,195.5,195.5,15
2024-11-11T11:07:00+01:00,195.6,195.6,195.6,195.6,10
2024-11-11T11:09:30+01:00,195.52,195.52,195.52,195.52,20
2024-11-11T11:11:00+01:00,195.5,195.5,195.5,195.5,50
2024-11-11T11:13:00+01:00,195.5,195.5,195.5,195.5,150
2024-11-11T11:14:00+01:00,195.52,195.52,195.52,195.52,70
2024-11-11T11:17:00+01:00,195.62,195.62,195.62,195.62,70
2024-11-11T11:22:00+01:00,195.36,195.36,195.36,195.36,10
2024-11-11T11:25:30+01:00,195.3,195.3,195.3,195.3,80
2024-11-11T11:28:30+01:00,195.28,195.34,195.28,195.34,77
2024-11-11T11:30:00+01:00,195.3,195.3,195.26,195.26,82
2024-11-11T11:31:00+01:00,195.2,195.2,195.2,195.2,852
2024-11-11T11:31:30+01:00,195.16,195.24,195.1,195.24,61
2024-11-11T11:34:30+01:00,195.2,195.2,195.2,195.2,4
2024-11-11T11:35:00+01:00,195.32,195.32,195.32,195.32,10
2024-11-11T11:35:30+01:00,195.18,195.32,195.18,195.32,32
2024-11-11T11:38:30+01:00,195.32,195.32,195.32,195.32,5
2024-11-11T11:41:00+01:00,195.34,195.34,195.34,195.34,8
2024-11-11T11:50:30+01:00,195.28,195.28,195.22,195.22,67
2024-11-11T11:57:00+01:00,195.32,195.32,195.32,195.32,1
2024-11-11T12:01:30+01:00,195.44,195.52,195.44,195.52,500
2024-11-11T12:06:30+01:00,195.52,195.52,195.52,195.52,1
2024-11-11T12:07:00+01:00,195.58,195.58,195.58,195.58,25
2024-11-11T12:07:30+01:00,195.5,195.5,195.5,195.5,2
2024-11-11T12:10:00+01:00,195.64,195.64,195.64,195.64,7
2024-11-11T12:11:00+01:00,195.52,195.62,195.5,195.62,97
2024-11-11T12:13:30+01:00,195.6,195.6,195.6,195.6,50
2024-11-11T12:16:00+01:00,195.6,195.6,195.6,195.6,10
2024-11-11T12:24:00+01:00,195.68,195.68,195.68,195.68,10
2024-11-11T12:24:30+01:00,195.58,195.58,195.56,195.56,55
2024-11-11T12:25:00+01:00,195.56,195.56,195.54,195.54,295
2024-11-11T12:27:30+01:00,195.62,195.62,195.62,195.62,206
2024-11-11T12:29:00+01:00,195.7,195.78,195.58,195.58,899
2024-11-11T12:31:30+01:00,195.74,195.74,195.74,195.74,3
2024-11-11T12:33:00+01:00,195.82,195.82,195.82,195.82,303
2024-11-11T12:37:00+01:00,195.76,195.76,195.76,195.76,18
2024-11-11T12:37:30+01:00,195.76,195.76,195.74,195.74,200
2024-11-11T12:38:00+01:00,195.76,195.76,195.76,195.76,35
2024-11-11T12:44:30+01:00,195.86,195.86,195.86,195.86,1
2024-11-11T12:46:00+01:00,195.82,195.82,195.82,195.82,18
2024-11-11T12:46:30+01:00,195.72,195.84,195.72,195.84,43
2024-11-11T12:47:00+01:00,195.84,195.84,195.84,195.84,78
2024-11-11T12:47:30+01:00,195.8,195.8,195.8,195.8,300
2024-11-11T12:53:00+01:00,195.7,195.7,195.7,195.7,6
2024-11-11T12:57:30+01:00,195.66,195.66,195.66,195.66,1
2024-11-11T12:58:00+01:00,195.6,195.6,195.6,195.6,20
2024-11-11T12:58:30+01:00,195.7,195.7,195.7,195.7,3
2024-11-11T13:01:30+01:00,195.8,195.8,195.8,195.8,108
2024-11-11T13:02:00+01:00,195.86,195.86,195.86,195.86,169
2024-11-11T13:02:30+01:00,195.98,195.98,195.98,195.98,8
2024-11-11T13:03:00+01:00,196,196,195.94,195.94,188
2024-11-11T13:05:30+01:00,196.08,196.1,196.08,196.1,110
2024-11-11T13:07:30+01:00,196.08,196.08,196.08,196.08,105
2024-11-11T13:09:00+01:00,196.3,196.3,196.3,196.3,20
2024-11-11T13:09:30+01:00,196.32,196.32,196.32,196.32,70
2024-11-11T13:10:00+01:00,196.48,196.48,196.34,196.34,8
2024-11-11T13:11:00+01:00,196.42,196.42,196.42,196.42,230
2024-11-11T13:12:30+01:00,196.4,196.4,196.38,196.38,20
2024-11-11T13:17:00+01:00,196.44,196.5,196.44,196.5,221
2024-11-11T13:19:00+01:00,196.52,196.54,196.52,196.54,260
2024-11-11T13:19:30+01:00,196.54,196.54,196.44,196.44,6
2024-11-11T13:25:30+01:00,196.68,196.68,196.68,196.68,3
2024-11-11T13:26:30+01:00,196.88,196.88,196.88,196.88,80
2024-11-11T13:28:30+01:00,197,197.02,197,197.02,250
2024-11-11T13:31:00+01:00,197.08,197.08,197.08,197.08,20
2024-11-11T13:32:00+01:00,197.1,197.14,197.1,197.14,140
2024-11-11T13:35:00+01:00,197.16,197.16,197.16,197.16,1
2024-11-11T13:35:30+01:00,197.14,197.14,197.14,197.14,155
2024-11-11T13:37:00+01:00,197.16,197.16,197.16,197.16,50
2024-11-11T13:38:00+01:00,197.12,197.12,197.12,197.12,18
2024-11-11T13:40:30+01:00,197.12,197.12,197.12,197.12,150
2024-11-11T13:41:00+01:00,197.24,197.24,197.24,197.24,40
2024-11-11T13:45:00+01:00,197.2,197.2,197.2,197.2,50
2024-11-11T13:46:00+01:00,197.34,197.48,197.34,197.48,62
2024-11-11T13:46:30+01:00,197.5,197.5,197.5,197.5,91
2024-11-11T13:49:00+01:00,197.66,197.66,197.66,197.66,3
2024-11-11T13:51:00+01:00,197.5,197.5,197.5,197.5,5
2024-11-11T13:52:00+01:00,197.5,197.5,197.5,197.5,10
2024-11-11T13:53:00+01:00,197.52,197.52,197.52,197.52,50
2024-11-11T13:55:00+01:00,197.54,197.54,197.52,197.52,240
2024-11-11T13:56:30+01:00,197.7,197.7,197.7,197.7,25
2024-11-11T13:59:30+01:00,197.7,197.7,197.7,197.7,20
2024-11-11T14:05:00+01:00,197.76,197.76,197.68,197.68,26
2024-11-11T14:07:30+01:00,197.6,197.6,197.6,197.6,2
2024-11-11T14:12:00+01:00,197.78,197.78,197.62,197.62,122
2024-11-11T14:15:00+01:00,197.76,197.76,197.76,197.76,15
2024-11-11T14:19:30+01:00,197.66,197.66,197.66,197.66,50
2024-11-11T14:24:00+01:00,197.7,197.7,197.7,197.7,33
2024-11-11T14:24:30+01:00,197.8,197.8,197.8,197.8,1
2024-11-11T14:25:00+01:00,197.68,197.68,197.68,197.68,1
2024-11-11T14:28:30+01:00,197.78,197.78,197.78,197.78,75
2024-11-11T14:29:00+01:00,197.68,197.68,197.68,197.68,6
2024-11-11T14:34:30+01:00,197.88,197.88,197.88,197.88,25
2024-11-11T14:35:00+01:00,197.78,197.78,197.78,197.78,29
2024-11-11T14:36:30+01:00,197.48,197.48,197.48,197.48,1
2024-11-11T14:38:30+01:00,197.24,197.36,197.24,197.36,175
2024-11-11T14:41:00+01:00,197.04,197.04,196.98,196.98,478
2024-11-11T14:41:30+01:00,197.14,197.14,197.14,197.14,12
2024-11-11T14:48:30+01:00,196.94,196.94,196.78,196.78,123
2024-11-11T14:49:00+01:00,196.92,196.92,196.92,196.92,301
2024-11-11T14:50:30+01:00,196.7,196.82,196.7,196.82,84
2024-11-11T14:51:30+01:00,196.78,196.78,196.76,196.76,123
2024-11-11T14:53:00+01:00,196.68,196.68,196.64,196.64,181
2024-11-11T14:56:00+01:00,196.6,196.6,196.6,196.6,1
2024-11-11T14:59:30+01:00,196.66,196.66,196.66,196.66,15
2024-11-11T15:01:30+01:00,196.68,196.68,196.68,196.68,25
2024-11-11T15:07:00+01:00,196.76,196.76,196.76,196.76,15
2024-11-11T15:07:30+01:00,196.52,196.72,196.52,196.72,33
2024-11-11T15:08:00+01:00,196.72,196.72,196.72,196.72,52
2024-11-11T15:10:30+01:00,196.58,196.58,196.58,196.58,40
2024-11-11T15:11:00+01:00,196.6,196.68,196.6,196.68,342
2024-11-11T15:13:00+01:00,196.46,196.46,196.46,196.46,13
2024-11-11T15:14:00+01:00,196.54,196.54,196.54,196.54,100
2024-11-11T15:17:30+01:00,196.34,196.34,196.34,196.34,107
2024-11-11T15:20:30+01:00,196.4,196.4,196.4,196.4,169
2024-11-11T15:25:00+01:00,196.32,196.32,196.22,196.22,376
2024-11-11T15:26:00+01:00,195.9,195.92,195.66,195.84,406
2024-11-11T15:27:00+01:00,195.7,195.7,195.7,195.7,280
2024-11-11T15:30:00+01:00,195.68,195.68,195.48,195.48,293
2024-11-11T15:33:30+01:00,196.44,196.44,196.24,196.24,19
2024-11-11T15:34:30+01:00,196.64,196.76,196.64,196.76,307
2024-11-11T15:36:00+01:00,196.3,196.3,196.3,196.3,31
2024-11-11T15:37:30+01:00,195.94,195.94,195.94,195.94,40
2024-11-11T15:38:00+01:00,196.2,196.2,196.2,196.2,150
2024-11-11T15:39:00+01:00,195.76,195.76,195.76,195.76,300
2024-11-11T15:41:00+01:00,195.76,195.76,195.76,195.76,36
2024-11-11T15:41:30+01:00,195.28,195.28,195.28,195.28,21
2024-11-11T15:42:30+01:00,195.46,195.46,195.46,195.46,50
2024-11-11T15:46:30+01:00,195.1,195.1,195.06,195.06,23
2024-11-11T15:47:30+01:00,195.36,195.36,195.26,195.26,27
2024-11-11T15:48:30+01:00,195,195,194.92,194.92,107
2024-11-11T15:51:30+01:00,194.9,194.9,194.9,194.9,50
2024-11-11T15:52:00+01:00,194.8,194.8,194.76,194.76,42
2024-11-11T15:52:30+01:00,194.52,194.52,194.52,194.52,51
2024-11-11T15:53:00+01:00,194.12,194.12,194.02,194.02,199
2024-11-11T15:53:30+01:00,194.1,194.1,194.1,194.1,10
2024-11-11T15:55:00+01:00,194,194.14,193.92,194.14,444
2024-11-11T15:58:00+01:00,194.18,194.18,194.18,194.18,5
2024-11-11T16:00:30+01:00,194.3,194.3,194.3,194.3,51
2024-11-11T16:02:00+01:00,194.04,194.04,194.04,194.04,50
2024-11-11T16:03:30+01:00,193.84,193.84,193.84,193.84,58
2024-11-11T16:04:30+01:00,193.58,193.58,193.4,193.4,32
2024-11-11T16:08:00+01:00,193.92,194.04,193.92,194.02,225
2024-11-11T16:09:00+01:00,194.4,194.4,194.4,194.4,210
2024-11-11T16:11:30+01:00,194.7,194.7,194.7,194.7,35
2024-11-11T16:13:00+01:00,194.36,194.36,194.36,194.36,25
2024-11-11T16:23:00+01:00,193.94,193.94,193.94,193.94,6
2024-11-11T16:26:00+01:00,194.16,194.16,194.16,194.16,20
2024-11-11T16:28:30+01:00,194.42,194.42,194.42,194.42,5
2024-11-11T16:30:00+01:00,194.28,194.28,194.28,194.28,18
2024-11-11T16:33:30+01:00,194.72,194.72,194.72,194.72,35
2024-11-11T16:35:30+01:00,194.7,194.7,194.7,194.7,66
2024-11-11T16:37:00+01:00,194.6,194.6,194.6,194.6,16
2024-11-11T16:38:00+01:00,194.6,194.6,194.6,194.6,15
2024-11-11T16:47:00+01:00,194.5,194.5,194.5,194.5,23
2024-11-11T16:48:00+01:00,194.46,194.46,194.46,194.46,40
2024-11-11T16:48:30+01:00,194.44,194.44,194.44,194.44,11
2024-11-11T16:50:00+01:00,194.58,194.58,194.58,194.58,71
2024-11-11T16:51:00+01:00,194.4,194.52,194.4,194.52,73
2024-11-11T16:52:00+01:00,194.54,194.54,194.44,194.44,34
2024-11-11T16:52:30+01:00,194.52,194.52,194.52,194.52,200
2024-11-11T16:55:00+01:00,194.48,194.48,194.48,194.48,161
2024-11-11T16:57:30+01:00,194.38,194.42,194.38,194.42,230
2024-11-11T16:58:00+01:00,194.38,194.38,194.3,194.3,657
2024-11-11T16:58:30+01:00,194.34,194.34,194.34,194.34,605
2024-11-11T16:59:00+01:00,194.32,194.32,194.32,194.32,20
2024-11-11T17:00:00+01:00,194.24,194.24,194.24,194.24,200
2024-11-11T17:00:30+01:00,194.12,194.12,194.12,194.12,4
2024-11-11T17:04:30+01:00,194.34,194.34,194.34,194.34,25
2024-11-11T17:05:30+01:00,194.14,194.14,194.14,194.14,160
2024-11-11T17:07:30+01:00,194.32,194.32,194.32,194.32,57
2024-11-11T17:08:30+01:00,194.48,194.48,194.38,194.38,92
2024-11-11T17:11:00+01:00,194.48,194.48,194.48,194.48,48
2024-11-11T17:13:00+01:00,194.24,194.24,194.2,194.2,200
2024-11-11T17:15:00+01:00,194.3,194.3,194.3,194.3,13
2024-11-11T17:21:30+01:00,194.3,194.3,194.3,194.3,30
2024-11-11T17:23:30+01:00,194.34,194.34,194.34,194.34,46
2024-11-11T17:24:30+01:00,194.22,194.22,194.18,194.18,36
2024-11-11T17:25:00+01:00,194.12,194.12,194.12,194.12,1
2024-11-11T17:25:30+01:00,194.1,194.1,194.1,194.1,120
2024-11-11T17:26:30+01:00,194,194,194,194,66
2024-11-11T17:27:00+01:00,194.14,194.14,194.04,194.04,22
2024-11-11T17:27:30+01:00,194.1,194.1,194.1,194.1,29
2024-11-12T09:04:00+01:00,194,194,193.86,194,1422
2024-11-12T09:06:00+01:00,194.32,194.32,194.32,194.32,35
2024-11-12T09:07:00+01:00,194.38,194.38,194.14,194.14,17
2024-11-12T09:13:30+01:00,194.34,194.34,194.34,194.34,195
2024-11-12T09:14:00+01:00,194.3,194.3,194.3,194.3,100
2024-11-12T09:16:00+01:00,194.36,194.4,194.36,194.4,105
2024-11-12T09:16:30+01:00,194.2,194.2,194.2,194.2,8
2024-11-12T09:20:00+01:00,194.18,194.18,194.18,194.18,5
2024-11-12T09:21:00+01:00,194.16,194.16,194.14,194.14,100
2024-11-12T09:24:00+01:00,194.3,194.3,194.3,194.3,97
2024-11-12T09:25:00+01:00,194.4,194.4,194.4,194.4,102
2024-11-12T09:26:00+01:00,194.4,194.4,194.4,194.4,25
2024-11-12T09:28:00+01:00,194.38,194.38,194.38,194.38,5
2024-11-12T09:29:00+01:00,194.4,194.4,194.4,194.4,75
2024-11-12T09:30:00+01:00,194.44,194.44,194.44,194.44,100
2024-11-12T09:30:30+01:00,194.38,194.38,194.38,194.38,50
2024-11-12T09:32:00+01:00,194.42,194.42,194.42,194.42,60
2024-11-12T09:39:30+01:00,194.32,194.32,194.2,194.2,284
2024-11-12T09:41:30+01:00,194.3,194.3,194.28,194.28,30
2024-11-12T09:42:30+01:00,194.42,194.48,194.42,194.48,10
2024-11-12T09:46:30+01:00,194.24,194.24,194.22,194.22,51
2024-11-12T09:47:00+01:00,194.2,194.36,194.2,194.36,7
2024-11-12T09:48:00+01:00,194.36,194.36,194.36,194.36,2
2024-11-12T09:48:30+01:00,194.54,194.54,194.54,194.54,14
2024-11-12T09:49:00+01:00,194.52,194.54,194.52,194.54,139
2024-11-12T09:51:30+01:00,194.42,194.42,194.42,194.42,21
2024-11-12T09:52:00+01:00,194.56,194.56,194.56,194.56,50
2024-11-12T09:53:00+01:00,194.56,194.56,194.56,194.56,50
2024-11-12T09:53:30+01:00,194.6,194.6,194.6,194.6,1
2024-11-12T09:55:00+01:00,194.52,194.52,194.52,194.52,118
2024-11-12T09:57:30+01:00,194.42,194.5,194.4,194.5,280
2024-11-12T10:00:00+01:00,194.42,194.42,194.42,194.42,270
2024-11-12T10:01:00+01:00,194.44,194.44,194.44,194.44,100
2024-11-12T10:02:00+01:00,194.5,194.5,194.36,194.36,247
2024-11-12T10:06:00+01:00,194.34,194.34,194.26,194.26,449
2024-11-12T10:09:00+01:00,194.08,194.08,194.08,194.08,17
2024-11-12T10:10:30+01:00,193.94,193.94,193.94,193.94,23
2024-11-12T10:13:00+01:00,194.36,194.36,194.36,194.36,15
2024-11-12T10:13:30+01:00,194.22,194.22,194.22,194.22,17
2024-11-12T10:14:00+01:00,194.22,194.22,194.22,194.22,153
2024-11-12T10:19:00+01:00,194.24,194.24,194.24,194.24,40
2024-11-12T10:22:00+01:00,194.32,194.32,194.32,194.32,25
2024-11-12T10:23:30+01:00,194.32,194.32,194.32,194.32,61
2024-11-12T10:24:30+01:00,194.3,194.3,194.3,194.3,4
2024-11-12T10:25:30+01:00,194.2,194.2,194.2,194.2,10
2024-11-12T10:26:00+01:00,194.16,194.16,194.16,194.16,23
2024-11-12T10:27:00+01:00,194.3,194.3,194.3,194.3,1
2024-11-12T10:27:30+01:00,194.22,194.22,194.22,194.22,21
2024-11-12T10:38:30+01:00,194.26,194.26,194.26,194.26,3
2024-11-12T10:40:30+01:00,194.3,194.3,194.3,194.3,11
2024-11-12T10:42:00+01:00,194.5,194.5,194.5,194.5,6
2024-11-12T10:43:00+01:00,194.38,194.38,194.38,194.38,100
2024-11-12T10:43:30+01:00,194.52,194.52,194.52,194.52,1
2024-11-12T10:45:00+01:00,194.58,194.58,194.58,194.58,12
2024-11-12T10:48:00+01:00,194.38,194.38,194.38,194.38,13
2024-11-12T10:49:30+01:00,194.46,194.46,194.46,194.46,1
2024-11-12T10:51:30+01:00,194.5,194.5,194.5,194.5,39
2024-11-12T10:55:30+01:00,194.42,194.42,194.42,194.42,2
2024-11-12T10:57:30+01:00,194.4,194.42,194.4,194.42,200
2024-11-12T10:58:00+01:00,194.3,194.3,194.3,194.3,4
2024-11-12T11:03:30+01:00,194.26,194.26,194.26,194.26,40
2024-11-12T11:04:00+01:00,194.22,194.22,194.22,194.22,18
2024-11-12T11:07:00+01:00,194.08,194.08,194.08,194.08,3
2024-11-12T11:08:00+01:00,194.16,194.16,194.16,194.16,110
2024-11-12T11:10:00+01:00,194.18,194.18,194.18,194.18,1
2024-11-12T11:15:00+01:00,194.48,194.48,194.48,194.48,8
2024-11-12T11:16:00+01:00,194.32,194.32,194.3,194.3,60
2024-11-12T11:18:30+01:00,194.3,194.3,194.3,194.3,94
2024-11-12T11:20:00+01:00,194.42,194.5,194.42,194.5,395
2024-11-12T11:20:30+01:00,194.48,194.48,194.48,194.48,77
2024-11-12T11:21:00+01:00,194.5,194.5,194.48,194.48,700
2024-11-12T11:22:00+01:00,194.3,194.3,194.3,194.3,20
2024-11-12T11:23:30+01:00,194.28,194.42,194.28,194.42,43
2024-11-12T11:26:30+01:00,194.2,194.2,194.2,194.2,80
2024-11-12T11:27:00+01:00,194.2,194.2,194.1,194.1,212
2024-11-12T11:27:30+01:00,194.1,194.2,194.1,194.2,56
2024-11-12T11:29:30+01:00,194.1,194.1,194.1,194.1,20
2024-11-12T11:30:00+01:00,194.3,194.3,194.3,194.3,120
2024-11-12T11:35:30+01:00,194.16,194.16,194.16,194.16,40
2024-11-12T11:37:00+01:00,194.2,194.2,194.2,194.2,13
2024-11-12T11:37:30+01:00,194.18,194.18,194.18,194.18,11
2024-11-12T11:39:00+01:00,194.36,194.36,194.36,194.36,5
2024-11-12T11:39:30+01:00,194.26,194.26,194.26,194.26,1
2024-11-12T11:41:30+01:00,194.66,194.66,194.66,194.66,8
2024-11-12T11:45:30+01:00,194.58,194.58,194.58,194.58,64
2024-11-12T11:46:00+01:00,194.56,194.56,194.56,194.56,240
2024-11-12T11:53:00+01:00,194.54,194.54,194.54,194.54,3
2024-11-12T12:00:00+01:00,194.62,194.7,194.62,194.7,94
2024-11-12T12:02:00+01:00,194.7,194.7,194.7,194.7,5
2024-11-12T12:07:30+01:00,194.5,194.5,194.46,194.46,20
2024-11-12T12:10:00+01:00,194.58,194.64,194.58,194.64,20
2024-11-12T12:15:00+01:00,194.34,194.34,194.34,194.34,60
2024-11-12T12:19:00+01:00,194.54,194.54,194.54,194.54,15
2024-11-12T12:19:30+01:00,194.4,194.4,194.4,194.4,1
2024-11-12T12:27:00+01:00,194.3,194.3,194.3,194.3,45
2024-11-12T12:28:30+01:00,194.48,194.5,194.48,194.5,150
2024-11-12T12:30:00+01:00,194.34,194.34,194.28,194.28,500
2024-11-12T12:34:00+01:00,194.42,194.42,194.42,194.42,40
2024-11-12T12:44:30+01:00,194.52,194.52,194.52,194.52,20
2024-11-12T12:48:00+01:00,194.42,194.42,194.42,194.42,2
2024-11-12T12:48:30+01:00,194.4,194.4,194.4,194.4,50
2024-11-12T12:49:30+01:00,194.5,194.5,194.5,194.5,10
2024-11-12T12:52:30+01:00,194.68,194.68,194.68,194.68,5
2024-11-12T13:00:00+01:00,194.78,195.14,194.78,195.04,11750
2024-11-12T13:00:30+01:00,195.22,195.22,195.22,195.22,2415
2024-11-12T13:01:30+01:00,195.22,195.24,194.74,194.74,773
2024-11-12T13:03:30+01:00,194.86,194.96,194.86,194.96,482
2024-11-12T13:07:00+01:00,195.3,195.3,195.3,195.3,202
2024-11-12T13:08:00+01:00,195.24,195.44,195.24,195.44,367
2024-11-12T13:17:00+01:00,195.24,195.24,195.24,195.24,5
2024-11-12T13:19:30+01:00,195.4,195.4,195.4,195.4,100
2024-11-12T13:26:00+01:00,195.26,195.26,195.26,195.26,6
2024-11-12T13:26:30+01:00,195.14,195.14,194.84,194.84,1494
2024-11-12T13:33:00+01:00,194.98,194.98,194.98,194.98,20
2024-11-12T13:34:30+01:00,194.98,194.98,194.98,194.98,1
2024-11-12T13:39:00+01:00,195.12,195.12,195.12,195.12,170
2024-11-12T13:41:30+01:00,195.2,195.2,195.2,195.2,10
2024-11-12T13:42:00+01:00,195.04,195.04,195.04,195.04,53
2024-11-12T13:49:30+01:00,195.44,195.44,195.44,195.44,170
2024-11-12T13:53:30+01:00,195.4,195.4,195.4,195.4,2
2024-11-12T13:54:00+01:00,195.22,195.22,195.18,195.18,152
2024-11-12T13:55:00+01:00,195,195,195,195,63
2024-11-12T14:07:30+01:00,195.34,195.34,195.34,195.34,15
2024-11-12T14:12:30+01:00,195.28,195.28,195.28,195.28,1
2024-11-12T14:14:30+01:00,195.3,195.3,195.3,195.3,300
2024-11-12T14:18:00+01:00,195.44,195.44,195.44,195.44,50
2024-11-12T14:18:30+01:00,195.44,195.44,195.44,195.44,220
2024-11-12T14:22:00+01:00,195.78,195.78,195.78,195.78,60
2024-11-12T14:24:30+01:00,195.92,195.92,195.92,195.92,22
2024-11-12T14:28:30+01:00,195.9,195.9,195.9,195.9,10
2024-11-12T14:32:00+01:00,195.84,195.84,195.84,195.84,175
2024-11-12T14:33:00+01:00,195.84,195.84,195.84,195.84,92
2024-11-12T14:34:30+01:00,195.84,195.84,195.84,195.84,144
2024-11-12T14:36:00+01:00,195.84,195.84,195.82,195.82,229
2024-11-12T14:38:00+01:00,195.76,195.76,195.76,195.76,20
2024-11-12T14:41:00+01:00,195.82,195.82,195.82,195.82,1
2024-11-12T14:44:00+01:00,196,196,196,196,58
2024-11-12T14:45:30+01:00,196.06,196.08,196.06,196.08,117
2024-11-12T14:55:30+01:00,195.74,195.74,195.74,195.74,310
2024-11-12T15:00:00+01:00,195.7,195.7,195.7,195.7,15
2024-11-12T15:02:00+01:00,195.76,195.76,195.76,195.76,30
2024-11-12T15:06:00+01:00,196.46,196.7,196.46,196.54,529
2024-11-12T15:07:00+01:00,196.74,197,196.74,197,1249
2024-11-12T15:07:30+01:00,197,197.1,196.84,196.84,889
2024-11-12T15:22:00+01:00,196.56,196.56,196.56,196.56,35
2024-11-12T15:23:00+01:00,196.48,196.48,196.48,196.48,40
2024-11-12T15:25:00+01:00,196.46,196.46,196.36,196.36,663
2024-11-12T15:28:30+01:00,196.24,196.24,196.24,196.24,240
2024-11-12T15:29:30+01:00,196.24,196.24,196.24,196.24,235
2024-11-12T15:30:00+01:00,196.04,196.04,195.28,195.58,693
2024-11-12T15:30:30+01:00,195.8,195.8,195.8,195.8,196
2024-11-12T15:31:00+01:00,195.66,195.66,195.66,195.66,1
2024-11-12T15:32:00+01:00,195.4,195.4,195.4,195.4,73
2024-11-12T15:32:30+01:00,195.04,195.04,195.04,195.04,160
2024-11-12T15:34:30+01:00,195.3,195.3,195.3,195.3,30
2024-11-12T15:36:30+01:00,195.44,195.44,195.44,195.44,1
2024-11-12T15:39:00+01:00,195.36,195.36,195.36,195.36,45
2024-11-12T15:40:30+01:00,195.4,195.4,195.4,195.4,130
2024-11-12T15:41:30+01:00,195.4,195.4,195.4,195.4,100
2024-11-12T15:42:00+01:00,195.72,195.72,195.72,195.72,117
2024-11-12T15:43:30+01:00,195.6,195.6,195.6,195.6,26
2024-11-12T15:44:30+01:00,195.44,195.44,195.44,195.44,12
2024-11-12T15:46:00+01:00,195.22,195.22,195.22,195.22,10
2024-11-12T15:46:30+01:00,195.28,195.28,195.28,195.28,100
2024-11-12T15:48:30+01:00,195.6,195.6,195.6,195.6,6
2024-11-12T15:56:00+01:00,196,196,196,196,14
2024-11-12T15:57:00+01:00,195.98,195.98,195.9,195.9,1300
2024-11-12T15:58:30+01:00,195.72,195.72,195.72,195.72,1
2024-11-12T16:02:00+01:00,195.3,195.3,195.22,195.22,68
2024-11-12T16:02:30+01:00,195.2,195.2,195.06,195.06,426
2024-11-12T16:06:30+01:00,195,195,195,195,20
2024-11-12T16:07:00+01:00,195.14,195.14,195.14,195.14,100
2024-11-12T16:12:30+01:00,195.18,195.18,195.18,195.18,373
2024-11-12T16:16:00+01:00,195.08,195.08,195.08,195.08,237
2024-11-12T16:16:30+01:00,194.94,194.94,194.94,194.94,30
2024-11-12T16:18:00+01:00,194.7,194.7,194.7,194.7,50
2024-11-12T16:19:00+01:00,194.54,194.54,194.54,194.54,2
2024-11-12T16:20:00+01:00,194.5,194.5,194.5,194.5,52
2024-11-12T16:28:00+01:00,194.72,194.72,194.72,194.72,60
2024-11-12T16:28:30+01:00,194.74,194.74,194.74,194.74,5
2024-11-12T16:32:00+01:00,194.74,194.74,194.74,194.74,12
2024-11-12T16:33:30+01:00,194.58,194.58,194.56,194.56,300
2024-11-12T16:35:00+01:00,194.62,194.62,194.62,194.62,15
2024-11-12T16:36:30+01:00,194.58,194.58,194.58,194.58,100
2024-11-12T16:38:00+01:00,194.56,194.56,194.56,194.56,20
2024-11-12T16:38:30+01:00,194.6,194.68,194.6,194.68,51
2024-11-12T16:39:00+01:00,194.54,194.54,194.54,194.54,5
2024-11-12T16:40:30+01:00,194.42,194.42,194.42,194.42,12
2024-11-12T16:41:00+01:00,194.5,194.5,194.5,194.5,17
2024-11-12T16:47:00+01:00,194.84,194.84,194.84,194.84,6
2024-11-12T16:47:30+01:00,194.72,194.72,194.72,194.72,27
2024-11-12T16:48:00+01:00,194.7,194.7,194.7,194.7,80
2024-11-12T16:53:00+01:00,194.68,194.7,194.66,194.66,134
2024-11-12T16:53:30+01:00,194.64,194.64,194.64,194.64,8
2024-11-12T16:54:00+01:00,194.6,194.6,194.6,194.6,105
2024-11-12T16:56:30+01:00,194.44,194.44,194.44,194.44,129
2024-11-12T16:58:30+01:00,194.56,194.56,194.56,194.56,80
2024-11-12T16:59:00+01:00,194.5,194.5,194.5,194.5,148
2024-11-12T17:00:30+01:00,194.5,194.5,194.5,194.5,2
2024-11-12T17:03:00+01:00,194.74,194.74,194.74,194.74,151
2024-11-12T17:06:30+01:00,194.52,194.52,194.52,194.52,25
2024-11-12T17:12:00+01:00,194.42,194.42,194.36,194.36,254
2024-11-12T17:12:30+01:00,194.42,194.42,194.42,194.42,95
2024-11-12T17:17:30+01:00,194.48,194.48,194.48,194.48,12
2024-11-12T17:18:00+01:00,194.42,194.42,194.42,194.42,89
2024-11-12T17:19:00+01:00,194.48,194.48,194.48,194.48,2
2024-11-12T17:19:30+01:00,194.44,194.5,194.44,194.5,620
2024-11-12T17:21:00+01:00,194.46,194.46,194.46,194.46,143
2024-11-12T17:22:00+01:00,194.38,194.38,194.38,194.38,2
2024-11-12T17:24:30+01:00,194.4,194.4,194.4,194.4,100
2024-11-12T17:25:00+01:00,194.36,194.44,194.36,194.36,170
2024-11-12T17:28:00+01:00,194.56,194.56,194.56,194.56,408
2024-11-13T09:04:00+01:00,196.3,196.3,196.3,196.3,261
2024-11-13T09:06:00+01:00,196.26,196.5,196.26,196.5,100
2024-11-13T09:07:30+01:00,196.6,196.6,196.6,196.6,5
2024-11-13T09:09:00+01:00,196.4,196.4,196.4,196.4,90
2024-11-13T09:10:00+01:00,196.62,196.62,196.62,196.62,16
2024-11-13T09:11:00+01:00,196.42,196.42,196.4,196.4,542
2024-11-13T09:13:30+01:00,196.58,196.62,196.58,196.62,20
2024-11-13T09:15:00+01:00,196.5,196.5,196.5,196.5,60
2024-11-13T09:17:00+01:00,196.6,196.6,196.6,196.6,16
2024-11-13T09:19:30+01:00,196.44,196.6,196.44,196.6,143
2024-11-13T09:20:00+01:00,196.48,196.48,196.48,196.48,20
2024-11-13T09:26:30+01:00,196.6,196.6,196.6,196.6,15
2024-11-13T09:27:00+01:00,196.6,196.6,196.6,196.6,56
2024-11-13T09:27:30+01:00,196.62,196.62,196.62,196.62,198
2024-11-13T09:29:00+01:00,196.44,196.44,196.4,196.4,51
2024-11-13T09:30:30+01:00,196.46,196.46,196.42,196.42,180
2024-11-13T09:44:00+01:00,196.7,196.72,196.7,196.72,70
2024-11-13T09:45:30+01:00,196.72,196.72,196.72,196.72,117
2024-11-13T09:46:30+01:00,196.7,196.72,196.7,196.72,20
2024-11-13T09:47:00+01:00,196.7,196.7,196.7,196.7,25
2024-11-13T09:49:30+01:00,196.72,196.72,196.72,196.72,15
2024-11-13T09:56:00+01:00,196.56,196.56,196.54,196.54,29
2024-11-13T09:57:00+01:00,196.72,196.72,196.72,196.72,3
2024-11-13T09:57:30+01:00,196.72,196.72,196.72,196.72,282
2024-11-13T09:59:30+01:00,196.72,196.72,196.72,196.72,4
2024-11-13T10:00:00+01:00,196.64,196.72,196.64,196.72,256
2024-11-13T10:01:30+01:00,196.86,196.86,196.86,196.86,160
2024-11-13T10:02:00+01:00,196.88,196.88,196.88,196.88,6
2024-11-13T10:02:30+01:00,196.82,196.92,196.82,196.92,276
2024-11-13T10:05:00+01:00,196.72,196.72,196.72,196.72,138
2024-11-13T10:06:30+01:00,196.78,196.78,196.7,196.7,171
2024-11-13T10:11:00+01:00,196.74,196.74,196.74,196.74,32
2024-11-13T10:12:00+01:00,196.74,196.74,196.74,196.74,100
2024-11-13T10:17:30+01:00,196.7,196.7,196.7,196.7,1
2024-11-13T10:18:00+01:00,196.74,196.74,196.74,196.74,82
2024-11-13T10:20:00+01:00,196.76,196.76,196.76,196.76,10
2024-11-13T10:20:30+01:00,196.78,196.78,196.78,196.78,200
2024-11-13T10:21:30+01:00,196.82,196.82,196.82,196.82,25
2024-11-13T10:23:30+01:00,196.74,196.74,196.74,196.74,1
2024-11-13T10:27:00+01:00,196.6,196.6,196.6,196.6,10
2024-11-13T10:28:00+01:00,196.76,196.76,196.76,196.76,10
2024-11-13T10:32:00+01:00,196.7,196.7,196.7,196.7,40
2024-11-13T10:32:30+01:00,196.68,196.68,196.68,196.68,60
2024-11-13T10:43:00+01:00,196.6,196.6,196.6,196.6,7
2024-11-13T10:49:00+01:00,196.68,196.68,196.68,196.68,10
2024-11-13T10:52:00+01:00,196.56,196.56,196.56,196.56,80
2024-11-13T10:54:30+01:00,196.58,196.64,196.58,196.64,51
2024-11-13T10:55:30+01:00,196.66,196.74,196.66,196.72,517
2024-11-13T10:57:00+01:00,196.68,196.68,196.68,196.68,1
2024-11-13T10:58:30+01:00,196.82,196.82,196.82,196.82,20
2024-11-13T11:06:00+01:00,196.7,196.7,196.68,196.68,356
2024-11-13T11:06:30+01:00,196.76,196.8,196.76,196.8,100
2024-11-13T11:07:00+01:00,196.62,196.62,196.62,196.62,16
2024-11-13T11:12:30+01:00,196.66,196.66,196.66,196.66,1
2024-11-13T11:13:30+01:00,196.62,196.62,196.6,196.6,29
2024-11-13T11:20:30+01:00,196.44,196.44,196.44,196.44,2
2024-11-13T11:24:00+01:00,196.4,196.4,196.4,196.4,60
2024-11-13T11:32:00+01:00,196.48,196.48,196.48,196.48,10
2024-11-13T11:33:30+01:00,196.58,196.58,196.46,196.46,630
2024-11-13T11:36:00+01:00,196.66,196.66,196.66,196.66,22
2024-11-13T11:38:30+01:00,196.6,196.6,196.6,196.6,50
2024-11-13T11:47:30+01:00,196.54,196.54,196.54,196.54,50
2024-11-13T11:52:00+01:00,196.5,196.5,196.5,196.5,150
2024-11-13T11:54:00+01:00,196.5,196.5,196.5,196.5,125
2024-11-13T11:55:00+01:00,196.58,196.58,196.58,196.58,264
2024-11-13T12:00:00+01:00,196.5,196.5,196.5,196.5,5
2024-11-13T12:08:00+01:00,196.58,196.58,196.58,196.58,20
2024-11-13T12:09:00+01:00,196.54,196.54,196.54,196.54,11
2024-11-13T12:10:00+01:00,196.4,196.4,196.4,196.4,100
2024-11-13T12:14:30+01:00,196.48,196.48,196.48,196.48,7
2024-11-13T12:20:00+01:00,196.54,196.54,196.54,196.54,8
2024-11-13T12:27:00+01:00,196.46,196.46,196.46,196.46,300
2024-11-13T12:27:30+01:00,196.58,196.58,196.58,196.58,6
2024-11-13T12:29:30+01:00,196.64,196.64,196.64,196.64,1
2024-11-13T12:30:00+01:00,196.64,196.64,196.64,196.64,2
2024-11-13T12:31:00+01:00,196.58,196.58,196.58,196.58,300
2024-11-13T12:35:00+01:00,196.54,196.54,196.54,196.54,1
2024-11-13T12:35:30+01:00,196.56,196.58,196.56,196.58,100
2024-11-13T12:39:30+01:00,196.54,196.54,196.54,196.54,5
2024-11-13T12:44:30+01:00,196.38,196.38,196.38,196.38,3
2024-11-13T12:49:00+01:00,196.32,196.62,196.32,196.62,278
2024-11-13T12:49:30+01:00,196.74,196.76,196.74,196.76,25
2024-11-13T12:51:30+01:00,196.84,196.9,196.84,196.9,121
2024-11-13T12:54:00+01:00,196.7,196.7,196.7,196.7,3
2024-11-13T12:55:30+01:00,196.58,196.58,196.56,196.56,254
2024-11-13T12:57:30+01:00,196.48,196.48,196.48,196.48,3
2024-11-13T12:58:30+01:00,196.32,196.32,196.32,196.32,300
2024-11-13T13:02:30+01:00,196.3,196.3,196.3,196.3,48
2024-11-13T13:04:30+01:00,196.38,196.52,196.38,196.52,351
2024-11-13T13:17:00+01:00,196.76,196.76,196.76,196.76,50
2024-11-13T13:18:00+01:00,196.52,196.52,196.52,196.52,1
2024-11-13T13:24:30+01:00,196.84,196.86,196.84,196.86,152
2024-11-13T13:26:30+01:00,196.9,196.9,196.9,196.9,210
2024-11-13T13:27:00+01:00,196.96,196.96,196.96,196.96,33
2024-11-13T13:27:30+01:00,196.96,196.96,196.92,196.92,385
2024-11-13T13:29:00+01:00,196.92,196.92,196.92,196.92,1
2024-11-13T13:39:00+01:00,196.66,196.66,196.66,196.66,25
2024-11-13T13:44:30+01:00,196.52,196.52,196.52,196.52,1
2024-11-13T13:46:00+01:00,196.6,196.6,196.52,196.52,103
2024-11-13T13:46:30+01:00,196.44,196.44,196.42,196.42,300
2024-11-13T13:51:00+01:00,196.56,196.58,196.56,196.58,112
2024-11-13T13:54:00+01:00,196.86,196.86,196.86,196.86,10
2024-11-13T13:55:00+01:00,196.74,196.74,196.74,196.74,240
2024-11-13T13:55:30+01:00,196.84,196.84,196.84,196.84,13
2024-11-13T13:57:00+01:00,196.84,196.84,196.84,196.84,3
2024-11-13T13:58:00+01:00,196.66,196.66,196.66,196.66,100
2024-11-13T13:59:00+01:00,196.74,196.74,196.7,196.7,3000
2024-11-13T14:00:00+01:00,196.88,196.9,196.88,196.9,94
2024-11-13T14:00:30+01:00,196.74,196.74,196.72,196.74,597
2024-11-13T14:01:00+01:00,196.72,196.72,196.72,196.72,167
2024-11-13T14:04:00+01:00,196.64,196.64,196.64,196.64,102
2024-11-13T14:06:00+01:00,196.72,196.72,196.72,196.72,23
2024-11-13T14:08:00+01:00,196.8,196.8,196.8,196.8,27
2024-11-13T14:09:30+01:00,196.78,196.8,196.78,196.8,55
2024-11-13T14:10:00+01:00,196.84,196.84,196.84,196.84,33
2024-11-13T14:10:30+01:00,196.98,196.98,196.98,196.98,30
2024-11-13T14:12:30+01:00,196.82,196.82,196.82,196.82,6
2024-11-13T14:13:30+01:00,197,197,197,197,506
2024-11-13T14:18:30+01:00,197,197,197,197,78
2024-11-13T14:19:30+01:00,196.98,196.98,196.98,196.98,253
2024-11-13T14:21:30+01:00,196.88,196.88,196.88,196.88,3
2024-11-13T14:26:00+01:00,197.04,197.12,196.98,196.98,348
2024-11-13T14:27:00+01:00,197.04,197.04,197.04,197.04,225
2024-11-13T14:28:00+01:00,197.2,197.2,197.2,197.2,350
2024-11-13T14:29:00+01:00,197.28,197.36,197.28,197.36,92
2024-11-13T14:29:30+01:00,197.26,197.28,197,197.28,488
2024-11-13T14:30:00+01:00,197.14,197.14,197.14,197.14,15
2024-11-13T14:30:30+01:00,197.5,197.76,197.5,197.76,124
2024-11-13T14:33:30+01:00,197.3,197.3,197.24,197.24,81
2024-11-13T14:35:30+01:00,197.5,197.58,197.5,197.5,583
2024-11-13T14:36:30+01:00,197.6,197.66,197.6,197.66,75
2024-11-13T14:37:30+01:00,197.54,197.54,197.54,197.54,30
2024-11-13T14:41:00+01:00,197.7,197.7,197.7,197.7,30
2024-11-13T14:42:00+01:00,197.78,197.88,197.78,197.88,23
2024-11-13T14:42:30+01:00,197.86,197.86,197.86,197.86,3
2024-11-13T14:44:00+01:00,197.86,197.88,197.86,197.88,24
2024-11-13T14:46:00+01:00,197.68,197.68,197.66,197.66,81
2024-11-13T14:47:00+01:00,197.68,197.68,197.68,197.68,6
2024-11-13T14:49:00+01:00,197.56,197.7,197.56,197.7,111
2024-11-13T14:50:00+01:00,197.48,197.48,197.48,197.48,9
2024-11-13T14:51:00+01:00,197.38,197.38,197.36,197.36,250
2024-11-13T14:51:30+01:00,197.38,197.38,197.38,197.38,6
2024-11-13T14:53:00+01:00,197.34,197.34,197.32,197.32,25
2024-11-13T14:54:00+01:00,197.32,197.32,197.32,197.32,17
2024-11-13T14:54:30+01:00,197.12,197.12,197.12,197.12,50
2024-11-13T14:55:30+01:00,197.14,197.14,197.14,197.14,15
2024-11-13T14:57:00+01:00,197.14,197.14,197.14,197.14,253
2024-11-13T14:58:30+01:00,197.18,197.18,197.18,197.18,100
2024-11-13T15:05:00+01:00,197.22,197.22,197.22,197.22,100
2024-11-13T15:06:00+01:00,197.36,197.36,197.36,197.36,4
2024-11-13T15:09:00+01:00,197.42,197.42,197.42,197.42,42
2024-11-13T15:13:30+01:00,196.7,196.7,196.7,196.7,5
2024-11-13T15:15:00+01:00,196.96,196.96,196.96,196.96,1
2024-11-13T15:19:30+01:00,196.96,196.96,196.96,196.96,8
2024-11-13T15:23:00+01:00,197.26,197.26,197.26,197.26,254
2024-11-13T15:25:00+01:00,196.98,197,196.88,196.92,736
2024-11-13T15:27:30+01:00,197.2,197.44,197.2,197.44,699
2024-11-13T15:30:00+01:00,197.48,197.68,197.48,197.68,1261
2024-11-13T15:30:30+01:00,197.7,198.1,197.7,198.1,2053
2024-11-13T15:31:00+01:00,198.12,198.12,198.12,198.12,80
2024-11-13T15:32:00+01:00,198.3,198.3,198.3,198.3,80
2024-11-13T15:32:30+01:00,198.08,198.08,198.08,198.08,30
2024-11-13T15:33:30+01:00,198.18,198.18,198.18,198.18,80
2024-11-13T15:34:30+01:00,198,198,198,198,2
2024-11-13T15:35:00+01:00,198.22,198.26,198.22,198.26,93
2024-11-13T15:35:30+01:00,198.3,198.48,198.3,198.48,105
2024-11-13T15:36:00+01:00,198.72,198.9,198.72,198.9,164
2024-11-13T15:37:00+01:00,198.94,198.94,198.94,198.94,100
2024-11-13T15:39:00+01:00,198.3,198.3,198.26,198.26,161
2024-11-13T15:40:00+01:00,198.32,198.5,198.32,198.5,81
2024-11-13T15:40:30+01:00,198.78,198.78,198.78,198.78,80
2024-11-13T15:41:00+01:00,198.9,199,198.9,199,74
2024-11-13T15:42:30+01:00,198.9,198.9,198.9,198.9,10
2024-11-13T15:43:00+01:00,199.28,199.28,199.26,199.26,371
2024-11-13T15:43:30+01:00,199.3,199.3,199.3,199.3,3
2024-11-13T15:44:00+01:00,198.86,198.86,198.86,198.86,75
2024-11-13T15:45:30+01:00,199.06,199.06,199.06,199.06,44
2024-11-13T15:46:30+01:00,198.94,198.94,198.94,198.94,40
2024-11-13T15:47:00+01:00,199,199,199,199,57
2024-11-13T15:47:30+01:00,199.16,199.16,199.16,199.16,260
2024-11-13T15:48:00+01:00,199.12,199.12,199.12,199.12,130
2024-11-13T15:50:00+01:00,198.66,198.66,198.66,198.66,36
2024-11-13T15:50:30+01:00,198.76,198.76,198.74,198.74,146
2024-11-13T15:51:30+01:00,199,199,199,199,16
2024-11-13T15:52:00+01:00,199.5,199.5,199.5,199.5,40
2024-11-13T15:58:00+01:00,199.3,199.3,199.3,199.3,7
2024-11-13T15:58:30+01:00,199.56,199.56,199.56,199.56,40
2024-11-13T15:59:00+01:00,199.68,199.7,199.68,199.7,120
2024-11-13T16:00:30+01:00,198.82,198.82,198.82,198.82,80
2024-11-13T16:01:30+01:00,198.84,198.84,198.84,198.84,100
2024-11-13T16:02:00+01:00,198.96,198.96,198.96,198.96,6
2024-11-13T16:02:30+01:00,199.08,199.08,199.08,199.08,11
2024-11-13T16:03:30+01:00,199.08,199.08,199.08,199.08,80
2024-11-13T16:04:30+01:00,198.96,198.96,198.84,198.84,219
2024-11-13T16:05:00+01:00,198.7,198.7,198.7,198.7,30
2024-11-13T16:07:00+01:00,198.7,198.7,198.66,198.66,508
2024-11-13T16:08:30+01:00,198.98,198.98,198.98,198.98,47
2024-11-13T16:10:00+01:00,198.88,198.88,198.88,198.88,130
2024-11-13T16:13:00+01:00,198.88,198.88,198.88,198.88,149
2024-11-13T16:14:00+01:00,198.88,198.94,198.88,198.94,74
2024-11-13T16:16:30+01:00,198.88,198.88,198.88,198.88,5
2024-11-13T16:17:00+01:00,198.94,198.94,198.94,198.94,260
2024-11-13T16:18:00+01:00,199.24,199.24,199.24,199.24,6
2024-11-13T16:19:30+01:00,199.2,199.2,199.2,199.2,160
2024-11-13T16:23:00+01:00,199.34,199.34,199.34,199.34,25
2024-11-13T16:24:00+01:00,199.6,199.6,199.6,199.6,28
2024-11-13T16:27:00+01:00,199.5,199.5,199.5,199.5,50
2024-11-13T16:28:00+01:00,199.34,199.46,199.34,199.44,735
2024-11-13T16:28:30+01:00,199.6,199.6,199.6,199.6,33
2024-11-13T16:29:00+01:00,199.7,199.7,199.66,199.66,75
2024-11-13T16:29:30+01:00,199.66,199.66,199.66,199.66,3
2024-11-13T16:30:00+01:00,199.48,199.52,199.48,199.52,107
2024-11-13T16:30:30+01:00,199.4,199.4,199.4,199.4,200
2024-11-13T16:31:30+01:00,199.32,199.32,199.32,199.32,210
2024-11-13T16:32:30+01:00,199.44,199.44,199.44,199.44,57
2024-11-13T16:33:00+01:00,199.64,199.64,199.64,199.64,2
2024-11-13T16:34:00+01:00,199.74,199.76,199.72,199.76,122
2024-11-13T16:38:00+01:00,199.7,199.76,199.48,199.74,2604
2024-11-13T16:39:00+01:00,199.68,199.68,199.68,199.68,100
2024-11-13T16:41:30+01:00,199.56,199.56,199.56,199.56,6
2024-11-13T16:43:30+01:00,199.58,199.58,199.58,199.58,22
2024-11-13T16:48:00+01:00,199.56,199.56,199.56,199.56,2
2024-11-13T16:48:30+01:00,199.58,199.58,199.42,199.42,35
2024-11-13T16:51:00+01:00,199.34,199.34,199.34,199.34,125
2024-11-13T16:51:30+01:00,199.24,199.24,199.2,199.2,422
2024-11-13T16:52:00+01:00,199.1,199.1,199.04,199.04,80
2024-11-13T16:52:30+01:00,199.14,199.14,199.1,199.1,322
2024-11-13T16:57:00+01:00,199.82,200.05,199.82,200.05,2063
2024-11-13T16:59:30+01:00,200.15,200.15,200.15,200.15,392
2024-11-13T17:00:00+01:00,200.3,200.3,200.3,200.3,80
2024-11-13T17:01:00+01:00,200.4,200.4,200.4,200.4,300
2024-11-13T17:01:30+01:00,200.4,200.4,200.4,200.4,5
2024-11-13T17:03:00+01:00,200.3,200.3,200.3,200.3,2
2024-11-13T17:08:30+01:00,200.25,200.25,200.25,200.25,13
2024-11-13T17:09:30+01:00,200.4,200.4,200.4,200.4,300
2024-11-13T17:10:00+01:00,200.35,200.35,200.35,200.35,50
2024-11-13T17:10:30+01:00,200.35,200.35,200.35,200.35,148
2024-11-13T17:11:00+01:00,200.45,200.5,200.45,200.5,372
2024-11-13T17:12:00+01:00,200.85,200.85,200.8,200.8,413
2024-11-13T17:12:30+01:00,200.75,200.75,200.75,200.75,100
2024-11-13T17:13:00+01:00,200.65,200.85,200.65,200.85,25
2024-11-13T17:13:30+01:00,200.95,200.95,200.95,200.95,215
2024-11-13T17:14:00+01:00,200.9,200.9,200.9,200.9,175
2024-11-13T17:14:30+01:00,200.75,200.75,200.75,200.75,144
2024-11-13T17:16:00+01:00,200.75,200.75,200.7,200.7,1300
2024-11-13T17:16:30+01:00,200.8,200.8,200.8,200.8,530
2024-11-13T17:18:30+01:00,201,201,201,201,442
2024-11-13T17:20:00+01:00,201.1,201.1,200.95,201.05,490
2024-11-13T17:20:30+01:00,201,201.05,201,201.05,55
2024-11-13T17:21:00+01:00,201.05,201.05,201.05,201.05,399
2024-11-13T17:21:30+01:00,201.05,201.1,201.05,201.1,121
2024-11-13T17:22:00+01:00,201,201.05,200.95,201.05,308
2024-11-13T17:23:00+01:00,201.15,201.15,201.15,201.15,17
2024-11-13T17:24:00+01:00,201.05,201.05,201.05,201.05,301
2024-11-13T17:24:30+01:00,201.1,201.1,201.1,201.1,101
2024-11-13T17:25:00+01:00,200.9,200.9,200.9,200.9,80
2024-11-13T17:27:00+01:00,200.6,200.6,200.6,200.6,227
2024-11-13T17:28:30+01:00,200.65,200.7,200.6,200.7,202
2024-11-13T17:29:00+01:00,200.65,200.65,200.65,200.65,300
2024-11-13T17:29:30+01:00,200.75,200.8,200.75,200.8,19
2024-11-14T09:04:00+01:00,202.85,202.85,202.5,202.8,635
2024-11-14T09:04:30+01:00,202.85,202.85,202.85,202.85,45
2024-11-14T09:05:00+01:00,202.85,202.85,202.85,202.85,100
2024-11-14T09:07:00+01:00,202.95,202.95,202.95,202.95,15
2024-11-14T09:07:30+01:00,203,203.1,203,203.1,255
2024-11-14T09:08:00+01:00,203.15,203.2,203.1,203.1,68
2024-11-14T09:08:30+01:00,203.15,203.2,203.15,203.2,46
2024-11-14T09:09:00+01:00,202.85,202.85,202.85,202.85,120
2024-11-14T09:10:00+01:00,202.85,202.85,202.7,202.7,230
2024-11-14T09:11:30+01:00,202.65,202.65,202.65,202.65,4
2024-11-14T09:15:30+01:00,202.75,202.75,202.75,202.75,107
2024-11-14T09:18:30+01:00,202.75,202.75,202.65,202.65,150
2024-11-14T09:20:00+01:00,202.85,202.85,202.85,202.85,4
2024-11-14T09:21:00+01:00,202.9,202.9,202.9,202.9,3
2024-11-14T09:23:00+01:00,202.95,202.95,202.95,202.95,99
2024-11-14T09:23:30+01:00,202.9,202.9,202.9,202.9,10
2024-11-14T09:25:00+01:00,203,203,203,203,87
2024-11-14T09:26:00+01:00,203.05,203.05,203.05,203.05,15
2024-11-14T09:26:30+01:00,203.05,203.05,203.05,203.05,10
2024-11-14T09:28:00+01:00,202.9,203,202.9,203,53
2024-11-14T09:29:00+01:00,203.05,203.15,203,203.15,445
2024-11-14T09:29:30+01:00,203.15,203.15,203.15,203.15,87
2024-11-14T09:30:00+01:00,203.2,203.2,203.1,203.1,103
2024-11-14T09:32:00+01:00,203.15,203.35,203.15,203.35,174
2024-11-14T09:36:30+01:00,203.3,203.3,203.3,203.3,509
2024-11-14T09:37:30+01:00,203.4,203.4,203.4,203.4,20
2024-11-14T09:38:00+01:00,203.3,203.3,203.2,203.2,360
2024-11-14T09:39:00+01:00,203.1,203.1,203.1,203.1,4
2024-11-14T09:41:00+01:00,203.25,203.25,203.25,203.25,30
2024-11-14T09:41:30+01:00,203.2,203.2,203.05,203.05,100
2024-11-14T09:43:00+01:00,203,203,203,203,1240
2024-11-14T09:43:30+01:00,202.95,202.95,202.95,202.95,3
2024-11-14T09:44:00+01:00,203,203,203,203,227
2024-11-14T09:44:30+01:00,203,203.05,203,203.05,516
2024-11-14T09:48:00+01:00,203.1,203.1,203.1,203.1,5
2024-11-14T09:49:00+01:00,203.1,203.1,203.1,203.1,227
2024-11-14T09:49:30+01:00,203.1,203.1,203.1,203.1,506
2024-11-14T09:50:30+01:00,203.05,203.05,203.05,203.05,170
2024-11-14T09:52:00+01:00,203.1,203.1,203.05,203.05,460
2024-11-14T09:55:00+01:00,203.1,203.1,203.1,203.1,234
2024-11-14T09:57:00+01:00,203.1,203.1,203.1,203.1,10
2024-11-14T10:00:00+01:00,203.25,203.25,203.25,203.25,25
2024-11-14T10:03:00+01:00,203.4,203.5,203.35,203.5,250
2024-11-14T10:04:30+01:00,203.55,203.6,203.55,203.6,350
2024-11-14T10:07:00+01:00,203.85,203.95,203.85,203.95,879
2024-11-14T10:07:30+01:00,203.9,203.9,203.9,203.9,52
2024-11-14T10:09:30+01:00,203.85,203.85,203.85,203.85,100
2024-11-14T10:10:30+01:00,204,204,204,204,45
2024-11-14T10:11:00+01:00,204.05,204.05,204.05,204.05,146
2024-11-14T10:11:30+01:00,204.25,204.3,204.25,204.3,100
2024-11-14T10:12:00+01:00,204.1,204.1,204.1,204.1,20
2024-11-14T10:12:30+01:00,204.3,204.3,204.3,204.3,80
2024-11-14T10:15:00+01:00,203.9,203.9,203.85,203.85,150
2024-11-14T10:15:30+01:00,204.25,204.25,204.25,204.25,25
2024-11-14T10:16:30+01:00,204.2,204.2,204.2,204.2,61
2024-11-14T10:18:00+01:00,203.95,204.05,203.95,204.05,200
2024-11-14T10:18:30+01:00,204.05,204.05,204.05,204.05,25
2024-11-14T10:21:00+01:00,204.05,204.05,204.05,204.05,5
2024-11-14T10:26:30+01:00,204.2,204.25,204.2,204.25,163
2024-11-14T10:27:00+01:00,204.15,204.15,204.1,204.15,410
2024-11-14T10:27:30+01:00,204.3,204.3,204.1,204.1,742
2024-11-14T10:28:00+01:00,204.2,204.2,204.05,204.05,202
2024-11-14T10:29:00+01:00,204.15,204.15,204.15,204.15,30
2024-11-14T10:30:00+01:00,204.2,204.2,204.2,204.2,300
2024-11-14T10:31:30+01:00,204.3,204.35,204.3,204.35,97
2024-11-14T10:34:00+01:00,204.15,204.2,204.15,204.2,298
2024-11-14T10:35:30+01:00,204.35,204.35,204.3,204.3,20
2024-11-14T10:40:30+01:00,204.15,204.15,204.05,204.05,527
2024-11-14T10:42:00+01:00,204.1,204.1,204.1,204.1,50
2024-11-14T10:43:30+01:00,204.3,204.3,204.3,204.3,63
2024-11-14T10:45:00+01:00,204.3,204.3,204.3,204.3,66
2024-11-14T10:46:00+01:00,204.2,204.2,204.2,204.2,12
2024-11-14T10:46:30+01:00,204.3,204.3,204.3,204.3,48
2024-11-14T10:47:00+01:00,204.3,204.3,204.3,204.3,5
2024-11-14T10:48:00+01:00,204.2,204.2,204.2,204.2,2
2024-11-14T10:50:30+01:00,204.3,204.3,204.3,204.3,39
2024-11-14T10:51:00+01:00,204.3,204.35,204.3,204.35,150
2024-11-14T10:52:30+01:00,204.25,204.25,204.25,204.25,300
2024-11-14T10:59:30+01:00,204.3,204.35,204.3,204.35,230
2024-11-14T11:00:00+01:00,204,204,203.95,203.95,200
2024-11-14T11:04:00+01:00,204.2,204.2,204.2,204.2,52
2024-11-14T11:07:00+01:00,204.2,204.2,204.2,204.2,50
2024-11-14T11:15:30+01:00,204.3,204.3,204.3,204.3,10
2024-11-14T11:16:00+01:00,204.3,204.35,204.1,204.1,310
2024-11-14T11:17:30+01:00,204.25,204.25,204.25,204.25,98
2024-11-14T11:19:30+01:00,204.4,204.4,204.4,204.4,50
2024-11-14T11:21:30+01:00,204.5,204.55,204.5,204.55,32
2024-11-14T11:23:30+01:00,204.4,204.4,204.4,204.4,2
2024-11-14T11:26:30+01:00,204.55,204.55,204.55,204.55,12
2024-11-14T11:29:00+01:00,204.5,204.5,204.5,204.5,100
2024-11-14T11:30:00+01:00,204.55,204.55,204.55,204.55,302
2024-11-14T11:33:00+01:00,204.65,204.65,204.65,204.65,2
2024-11-14T11:35:30+01:00,204.75,204.75,204.75,204.75,31
2024-11-14T11:36:00+01:00,204.85,204.9,204.85,204.9,168
2024-11-14T11:37:00+01:00,204.8,204.8,204.8,204.8,502
2024-11-14T11:38:00+01:00,204.95,205,204.95,205,128
2024-11-14T11:38:30+01:00,205,205,205,205,752
2024-11-14T11:41:30+01:00,204.85,204.85,204.85,204.85,95
2024-11-14T11:42:00+01:00,204.85,204.9,204.8,204.9,1363
2024-11-14T11:43:00+01:00,204.85,204.85,204.8,204.85,956
2024-11-14T11:43:30+01:00,204.85,204.95,204.85,204.95,481
2024-11-14T11:44:00+01:00,204.9,204.95,204.9,204.95,173
2024-11-14T11:45:00+01:00,204.8,204.8,204.8,204.8,367
2024-11-14T11:45:30+01:00,204.65,204.65,204.65,204.65,14
2024-11-14T11:46:00+01:00,204.85,204.95,204.85,204.95,147
2024-11-14T11:49:00+01:00,204.95,204.95,204.85,204.85,40
2024-11-14T11:52:00+01:00,205,205,205,205,100
2024-11-14T11:55:00+01:00,204.7,204.7,204.7,204.7,1
2024-11-14T11:56:00+01:00,204.8,204.85,204.8,204.85,110
2024-11-14T11:59:00+01:00,204.75,204.75,204.75,204.75,91
2024-11-14T12:00:30+01:00,204.7,204.7,204.7,204.7,29
2024-11-14T12:01:00+01:00,204.8,204.8,204.8,204.8,401
2024-11-14T12:02:30+01:00,205,205.15,204.9,205.15,208
2024-11-14T12:03:00+01:00,205.2,205.2,205.2,205.2,78
2024-11-14T12:03:30+01:00,205.25,205.25,205.25,205.25,5
2024-11-14T12:04:00+01:00,205,205,205,205,190
2024-11-14T12:05:00+01:00,204.95,204.95,204.95,204.95,16
2024-11-14T12:05:30+01:00,205,205,205,205,25
2024-11-14T12:06:30+01:00,204.85,204.85,204.85,204.85,277
2024-11-14T12:08:00+01:00,204.85,204.9,204.85,204.9,300
2024-11-14T12:13:00+01:00,204.8,204.8,204.8,204.8,300
2024-11-14T12:13:30+01:00,204.9,205,204.9,205,678
2024-11-14T12:17:00+01:00,204.9,204.9,204.9,204.9,57
2024-11-14T12:17:30+01:00,205.05,205.05,205.05,205.05,23
2024-11-14T12:18:00+01:00,205.15,205.15,205.15,205.15,20
2024-11-14T12:18:30+01:00,205,205,205,205,370
2024-11-14T12:20:00+01:00,205,205,205,205,150
2024-11-14T12:21:00+01:00,205.1,205.1,205.1,205.1,78
2024-11-14T12:21:30+01:00,205.15,205.15,205.15,205.15,300
2024-11-14T12:22:00+01:00,205.2,205.2,205.2,205.2,120
2024-11-14T12:25:00+01:00,205,205.1,205,205.1,10
2024-11-14T12:26:30+01:00,205.05,205.05,205.05,205.05,100
2024-11-14T12:28:00+01:00,205.1,205.1,205,205,80
2024-11-14T12:35:00+01:00,205.15,205.15,205.15,205.15,50
2024-11-14T12:38:00+01:00,204.9,204.9,204.9,204.9,9
2024-11-14T12:40:00+01:00,205,205.2,205,205.2,340
2024-11-14T12:42:00+01:00,205.05,205.05,205.05,205.05,50
2024-11-14T12:42:30+01:00,205.15,205.15,205.15,205.15,300
2024-11-14T12:45:00+01:00,205.1,205.1,205.1,205.1,80
2024-11-14T12:45:30+01:00,205.15,205.15,205.15,205.15,50
2024-11-14T12:49:00+01:00,205,205.15,204.95,205.15,300
2024-11-14T12:49:30+01:00,205,205,205,205,40
2024-11-14T12:51:30+01:00,205,205,205,205,1
2024-11-14T12:52:30+01:00,204.9,204.9,204.9,204.9,10
2024-11-14T12:54:00+01:00,204.95,204.95,204.95,204.95,20
2024-11-14T12:57:00+01:00,204.9,204.9,204.9,204.9,35
2024-11-14T13:00:00+01:00,204.95,204.95,204.95,204.95,113
2024-11-14T13:01:00+01:00,204.65,204.7,204.65,204.65,450
2024-11-14T13:01:30+01:00,204.7,204.8,204.7,204.8,300
2024-11-14T13:04:00+01:00,204.85,204.85,204.85,204.85,25
2024-11-14T13:05:30+01:00,204.7,204.75,204.7,204.7,934
2024-11-14T13:07:00+01:00,204.7,204.7,204.7,204.7,2
2024-11-14T13:10:30+01:00,204.65,204.65,204.65,204.65,5
2024-11-14T13:17:00+01:00,204.65,204.65,204.65,204.65,50
2024-11-14T13:17:30+01:00,204.55,204.55,204.55,204.55,300
2024-11-14T13:20:30+01:00,204.65,204.65,204.65,204.65,246
2024-11-14T13:22:30+01:00,204.6,204.6,204.6,204.6,15
2024-11-14T13:24:30+01:00,204.5,204.5,204.5,204.5,30
2024-11-14T13:25:30+01:00,204.5,204.5,204.5,204.5,25
2024-11-14T13:28:30+01:00,204.4,204.6,204.4,204.6,142
2024-11-14T13:29:30+01:00,204.5,204.5,204.5,204.5,5
2024-11-14T13:30:00+01:00,204.35,204.35,204.35,204.35,10
2024-11-14T13:31:30+01:00,204.6,204.65,204.6,204.65,100
2024-11-14T13:32:00+01:00,204.45,204.5,204.3,204.5,3122
2024-11-14T13:33:00+01:00,204.55,204.55,204.55,204.55,102
2024-11-14T13:34:30+01:00,204.55,204.55,204.55,204.55,249
2024-11-14T13:35:00+01:00,204.55,204.55,204.55,204.55,302
2024-11-14T13:35:30+01:00,204.5,204.5,204.5,204.5,25
2024-11-14T13:36:00+01:00,204.55,204.65,204.55,204.65,500
2024-11-14T13:41:30+01:00,204.3,204.3,204.3,204.3,1
2024-11-14T13:43:00+01:00,204.5,204.5,204.5,204.5,10
2024-11-14T13:45:00+01:00,204.35,204.35,204.35,204.35,20
2024-11-14T13:45:30+01:00,204.3,204.3,204.3,204.3,2
2024-11-14T13:53:30+01:00,204.35,204.35,204.35,204.35,20
2024-11-14T13:55:30+01:00,204.2,204.2,204.15,204.15,150
2024-11-14T13:57:00+01:00,204.15,204.15,204.15,204.15,2
2024-11-14T13:59:00+01:00,204.05,204.05,204.05,204.05,5
2024-11-14T14:02:30+01:00,204.15,204.15,204.15,204.15,20
2024-11-14T14:03:30+01:00,204.25,204.25,204.2,204.2,348
2024-11-14T14:14:00+01:00,204.2,204.2,204.2,204.2,5
2024-11-14T14:16:00+01:00,203.95,203.95,203.95,203.95,31
2024-11-14T14:16:30+01:00,203.9,203.9,203.9,203.9,9
2024-11-14T14:18:00+01:00,204.05,204.05,204.05,204.05,10
2024-11-14T14:19:30+01:00,204.05,204.05,204.05,204.05,25
2024-11-14T14:24:30+01:00,203.95,203.95,203.95,203.95,8
2024-11-14T14:34:00+01:00,204.15,204.15,204.15,204.15,105
2024-11-14T14:34:30+01:00,204.25,204.25,204.25,204.25,39
2024-11-14T14:37:30+01:00,203.85,203.85,203.85,203.85,20
2024-11-14T14:38:30+01:00,203.8,203.8,203.8,203.8,4
2024-11-14T14:40:30+01:00,204.2,204.2,204.2,204.2,563
2024-11-14T14:41:00+01:00,204.25,204.25,204.25,204.25,5
2024-11-14T14:42:30+01:00,204.25,204.25,204.25,204.25,4
2024-11-14T14:43:00+01:00,204.35,204.35,204.35,204.35,2
2024-11-14T14:45:00+01:00,204.65,204.65,204.65,204.65,1
2024-11-14T14:46:00+01:00,204.5,204.5,204.3,204.3,1144
2024-11-14T14:48:00+01:00,204.3,204.3,204.3,204.3,50
2024-11-14T14:48:30+01:00,204.4,204.4,204.4,204.4,49
2024-11-14T14:49:00+01:00,204.25,204.25,204.25,204.25,1
2024-11-14T14:50:30+01:00,204.1,204.1,204.05,204.05,196
2024-11-14T14:53:30+01:00,203.75,203.75,203.75,203.75,25
2024-11-14T14:54:30+01:00,203.7,203.7,203.7,203.7,6
2024-11-14T14:57:00+01:00,204,204,203.9,204,3943
2024-11-14T14:58:00+01:00,203.8,203.8,203.8,203.8,837
2024-11-14T15:03:30+01:00,203.7,203.7,203.7,203.7,6
2024-11-14T15:05:00+01:00,204,204,204,204,3
2024-11-14T15:05:30+01:00,203.95,203.95,203.95,203.95,100
2024-11-14T15:15:30+01:00,203.6,203.6,203.6,203.6,1
2024-11-14T15:17:00+01:00,203.65,203.65,203.6,203.6,16
2024-11-14T15:18:00+01:00,203.6,203.6,203.6,203.6,7
2024-11-14T15:19:00+01:00,203.5,203.5,203.5,203.5,10
2024-11-14T15:26:00+01:00,203.2,203.2,203.05,203.05,105
2024-11-14T15:28:00+01:00,203.05,203.05,203,203,111
2024-11-14T15:29:00+01:00,203.1,203.1,203.1,203.1,5
2024-11-14T15:30:00+01:00,203.2,203.2,203.2,203.2,80
2024-11-14T15:30:30+01:00,203.1,203.1,203.1,203.1,50
2024-11-14T15:31:00+01:00,203.4,203.4,203.4,203.4,20
2024-11-14T15:31:30+01:00,204,204,204,204,8
2024-11-14T15:36:30+01:00,204.5,204.5,204.5,204.5,10
2024-11-14T15:41:00+01:00,203.55,203.55,203.55,203.55,5
2024-11-14T15:42:30+01:00,202.7,202.7,202.7,202.7,12
2024-11-14T15:45:30+01:00,202,202,201.6,201.6,353
2024-11-14T15:46:00+01:00,201.9,201.9,201.9,201.9,75
2024-11-14T15:48:00+01:00,202,202,202,202,8
2024-11-14T15:49:30+01:00,201.6,201.6,201.6,201.6,30
2024-11-14T15:50:30+01:00,202.05,202.05,202.05,202.05,20
2024-11-14T15:51:00+01:00,202.15,202.15,202.15,202.15,27
2024-11-14T15:51:30+01:00,202,202.2,202,202.2,33
2024-11-14T15:53:30+01:00,201.55,201.55,201.55,201.55,120
2024-11-14T15:54:30+01:00,201.5,201.5,201.5,201.5,41
2024-11-14T15:56:30+01:00,201.4,201.4,201.35,201.35,26
2024-11-14T15:59:30+01:00,201.35,201.35,201.35,201.35,20
2024-11-14T16:00:00+01:00,201.35,201.35,201.35,201.35,15
2024-11-14T16:01:00+01:00,201.25,201.25,201.15,201.15,60
2024-11-14T16:05:30+01:00,201,201,200.85,200.85,191
2024-11-14T16:06:00+01:00,201.25,201.25,201.25,201.25,100
2024-11-14T16:07:30+01:00,201.5,201.5,201.5,201.5,52
2024-11-14T16:09:00+01:00,201.45,201.45,201.4,201.4,400
2024-11-14T16:09:30+01:00,201.45,201.45,201.45,201.45,2
2024-11-14T16:13:00+01:00,201.3,201.7,201.3,201.7,61
2024-11-14T16:16:00+01:00,201.55,201.55,201.55,201.55,200
2024-11-14T16:16:30+01:00,201.6,201.6,201.6,201.6,45
2024-11-14T16:18:30+01:00,201.45,201.45,201.45,201.45,13
2024-11-14T16:19:00+01:00,201.1,201.1,201,201,513
2024-11-14T16:21:30+01:00,200.85,200.85,200.85,200.85,150
2024-11-14T16:22:00+01:00,200.8,200.8,200.7,200.7,90
2024-11-14T16:24:00+01:00,200.9,200.9,200.9,200.9,300
2024-11-14T16:25:00+01:00,200.7,200.7,200.7,200.7,7
2024-11-14T16:26:00+01:00,200.85,200.85,200.85,200.85,30
2024-11-14T16:27:00+01:00,200.6,200.6,200.6,200.6,59
2024-11-14T16:29:00+01:00,200.95,201,200.95,201,134
2024-11-14T16:29:30+01:00,201.05,201.05,201.05,201.05,200
2024-11-14T16:31:30+01:00,201.05,201.05,201.05,201.05,60
2024-11-14T16:32:00+01:00,201.05,201.05,201.05,201.05,8
2024-11-14T16:32:30+01:00,200.9,200.9,200.9,200.9,10
2024-11-14T16:36:00+01:00,201.35,201.35,201.35,201.35,5
2024-11-14T16:37:00+01:00,201.2,201.2,201.2,201.2,45
2024-11-14T16:37:30+01:00,201.25,201.25,201.25,201.25,19
2024-11-14T16:40:00+01:00,201.05,201.15,201.05,201.15,57
2024-11-14T16:41:30+01:00,200.9,200.9,200.9,200.9,200
2024-11-14T16:43:00+01:00,201,201,201,201,1
2024-11-14T16:44:30+01:00,201.2,201.2,201.2,201.2,13
2024-11-14T16:45:30+01:00,200.7,200.7,200.7,200.7,7
2024-11-14T16:49:30+01:00,201.3,201.3,201.3,201.3,30
2024-11-14T16:51:00+01:00,201.15,201.15,201.15,201.15,25
2024-11-14T16:51:30+01:00,201.25,201.25,201.25,201.25,9
2024-11-14T16:54:30+01:00,201.55,201.55,201.45,201.45,155
2024-11-14T16:56:00+01:00,201.25,201.25,201.25,201.25,20
2024-11-14T16:57:00+01:00,200.9,200.9,200.9,200.9,128
2024-11-14T16:58:30+01:00,200.75,200.85,200.75,200.85,83
2024-11-14T17:00:30+01:00,200.9,200.9,200.9,200.9,4
2024-11-14T17:02:00+01:00,201.1,201.1,201.1,201.1,40
2024-11-14T17:04:00+01:00,200.9,200.9,200.9,200.9,41
2024-11-14T17:20:30+01:00,200.55,200.55,200.55,200.55,36
2024-11-14T17:23:30+01:00,200.4,200.4,200.1,200.1,240
2024-11-14T17:24:00+01:00,200.15,200.15,200.15,200.15,27
2024-11-14T17:24:30+01:00,200.25,200.25,200.25,200.25,10
2024-11-14T17:25:00+01:00,200.25,200.25,200.25,200.25,1
2024-11-14T17:25:30+01:00,200.4,200.4,200.4,200.4,33
2024-11-14T17:26:00+01:00,200.5,200.5,200.5,200.5,4
2024-11-14T17:27:00+01:00,200.6,200.8,200.6,200.8,129
2024-11-14T17:28:00+01:00,200.75,200.9,200.75,200.9,331
2024-11-15T09:04:00+01:00,198.88,198.88,198.28,198.28,2549
2024-11-15T09:06:00+01:00,199,199,199,199,60
2024-11-15T09:07:30+01:00,198.6,198.6,198.46,198.46,558
2024-11-15T09:10:30+01:00,198.36,198.36,198.36,198.36,10
2024-11-15T09:12:30+01:00,198.48,198.48,198.46,198.46,859
2024-11-15T09:13:30+01:00,198.2,198.2,198.2,198.2,149
2024-11-15T09:14:00+01:00,198.4,198.4,198.4,198.4,200
2024-11-15T09:14:30+01:00,198.4,198.4,198.32,198.4,837
2024-11-15T09:16:00+01:00,198.48,198.48,198.48,198.48,1000
2024-11-15T09:17:00+01:00,198.5,198.5,198.5,198.5,25
2024-11-15T09:18:00+01:00,198.68,198.68,198.68,198.68,10
2024-11-15T09:19:00+01:00,198.8,198.8,198.6,198.6,852
2024-11-15T09:20:00+01:00,198.6,198.6,198.6,198.6,6
2024-11-15T09:21:00+01:00,198.34,198.34,198.34,198.34,3
2024-11-15T09:22:00+01:00,198.34,198.34,198.3,198.3,32
2024-11-15T09:23:00+01:00,198.36,198.36,198.36,198.36,54
2024-11-15T09:25:30+01:00,198.36,198.36,198.36,198.36,92
2024-11-15T09:26:00+01:00,198.36,198.36,198.22,198.22,531
2024-11-15T09:27:00+01:00,198.16,198.16,198.14,198.14,80
2024-11-15T09:31:00+01:00,198.14,198.14,198.14,198.14,8
2024-11-15T09:31:30+01:00,198.2,198.2,198.2,198.2,182
2024-11-15T09:32:30+01:00,198.42,198.5,198.42,198.5,101
2024-11-15T09:33:30+01:00,198.58,198.58,198.58,198.58,17
2024-11-15T09:38:00+01:00,198.44,198.44,198.44,198.44,25
2024-11-15T09:40:00+01:00,198.24,198.3,198.24,198.26,230
2024-11-15T09:41:00+01:00,198.22,198.22,198.22,198.22,10
2024-11-15T09:41:30+01:00,198.2,198.2,198.14,198.14,300
2024-11-15T09:44:00+01:00,198.22,198.22,198.22,198.22,50
2024-11-15T09:47:00+01:00,198.26,198.26,198.24,198.24,98
2024-11-15T09:48:30+01:00,198.34,198.34,198.34,198.34,10
2024-11-15T09:49:00+01:00,198.3,198.3,198.3,198.3,100
2024-11-15T09:50:00+01:00,198.24,198.32,198.24,198.32,428
2024-11-15T09:51:00+01:00,198.28,198.34,198.28,198.34,10
2024-11-15T09:52:00+01:00,198.34,198.34,198.24,198.24,94
2024-11-15T09:58:00+01:00,198.42,198.44,198.42,198.44,8
2024-11-15T09:59:00+01:00,198.44,198.44,198.44,198.44,127
2024-11-15T10:00:00+01:00,198.44,198.68,198.44,198.68,648
2024-11-15T10:01:00+01:00,198.7,198.7,198.7,198.7,33
2024-11-15T10:02:00+01:00,198.78,198.78,198.6,198.6,155
2024-11-15T10:06:30+01:00,198.66,198.66,198.62,198.66,713
2024-11-15T10:11:00+01:00,198.54,198.54,198.54,198.54,2
2024-11-15T10:12:00+01:00,198.4,198.4,198.4,198.4,405
2024-11-15T10:15:30+01:00,198.34,198.34,198.32,198.32,340
2024-11-15T10:17:30+01:00,198.26,198.26,198.26,198.26,100
2024-11-15T10:26:00+01:00,198.54,198.54,198.54,198.54,94
2024-11-15T10:26:30+01:00,198.54,198.54,198.54,198.54,17
2024-11-15T10:32:30+01:00,198.66,198.66,198.66,198.66,100
2024-11-15T10:34:30+01:00,198.64,198.64,198.64,198.64,25
2024-11-15T10:42:00+01:00,198.62,198.62,198.62,198.62,20
2024-11-15T10:56:30+01:00,198.78,198.78,198.78,198.78,83
2024-11-15T11:08:30+01:00,198.78,198.78,198.6,198.6,241
2024-11-15T11:12:00+01:00,198.6,198.6,198.6,198.6,50
2024-11-15T11:14:30+01:00,198.68,198.76,198.68,198.76,300
2024-11-15T11:15:00+01:00,198.52,198.52,198.52,198.52,20
2024-11-15T11:20:30+01:00,198.5,198.5,198.5,198.5,10
2024-11-15T11:22:30+01:00,198.68,198.74,198.68,198.74,20
2024-11-15T11:27:30+01:00,198.68,198.7,198.68,198.7,75
2024-11-15T11:29:00+01:00,198.54,198.54,198.54,198.54,10
2024-11-15T11:36:00+01:00,198.56,198.56,198.56,198.56,50
2024-11-15T11:43:00+01:00,198.5,198.5,198.5,198.5,20
2024-11-15T11:43:30+01:00,198.64,198.66,198.5,198.5,76
2024-11-15T11:46:00+01:00,198.6,198.6,198.6,198.6,47
2024-11-15T11:46:30+01:00,198.52,198.52,198.52,198.52,1
2024-11-15T11:51:00+01:00,198.6,198.6,198.6,198.6,254
2024-11-15T11:53:00+01:00,198.56,198.56,198.56,198.56,50
2024-11-15T11:54:30+01:00,198.56,198.56,198.56,198.56,200
2024-11-15T12:03:30+01:00,198.66,198.78,198.66,198.78,41
2024-11-15T12:04:00+01:00,198.8,198.8,198.8,198.8,283
2024-11-15T12:04:30+01:00,198.96,198.96,198.96,198.96,13
2024-11-15T12:08:00+01:00,198.9,198.9,198.88,198.88,50
2024-11-15T12:13:00+01:00,198.86,199.02,198.84,199.02,173
2024-11-15T12:15:30+01:00,199.24,199.24,199.24,199.24,10
2024-11-15T12:17:00+01:00,199.26,199.26,199.26,199.26,50
2024-11-15T12:21:30+01:00,199.12,199.14,199.12,199.14,215
2024-11-15T12:26:00+01:00,198.94,198.94,198.9,198.9,60
2024-11-15T12:30:00+01:00,198.96,198.96,198.96,198.96,125
2024-11-15T12:30:30+01:00,198.84,198.84,198.84,198.84,72
2024-11-15T12:33:30+01:00,198.76,198.76,198.76,198.76,11
2024-11-15T12:39:30+01:00,199.08,199.08,199.08,199.08,50
2024-11-15T12:40:30+01:00,199.1,199.1,198.98,198.98,69
2024-11-15T12:42:30+01:00,199.26,199.26,199.26,199.26,2
2024-11-15T12:45:00+01:00,199.14,199.14,199.14,199.14,10
2024-11-15T12:45:30+01:00,199.22,199.22,199.22,199.22,11
2024-11-15T12:46:00+01:00,199.4,199.46,199.4,199.46,440
2024-11-15T12:48:30+01:00,199.5,199.5,199.5,199.5,3
2024-11-15T12:56:00+01:00,199.6,199.6,199.6,199.6,301
2024-11-15T12:59:30+01:00,199.72,199.72,199.72,199.72,30
2024-11-15T13:00:00+01:00,199.64,199.64,199.36,199.36,334
2024-11-15T13:05:30+01:00,199.42,199.42,199.42,199.42,71
2024-11-15T13:06:00+01:00,199.52,199.52,199.52,199.52,40
2024-11-15T13:07:00+01:00,199.58,199.58,199.58,199.58,50
2024-11-15T13:08:30+01:00,199.46,199.46,199.32,199.32,114
2024-11-15T13:09:30+01:00,199.3,199.42,199.28,199.42,110
2024-11-15T13:10:30+01:00,199.24,199.24,199.22,199.22,96
2024-11-15T13:11:30+01:00,199.14,199.14,199.14,199.14,175
2024-11-15T13:17:00+01:00,199.42,199.42,199.36,199.36,4
2024-11-15T13:26:00+01:00,199.34,199.34,199.34,199.34,60
2024-11-15T13:29:00+01:00,199.36,199.36,199.36,199.36,30
2024-11-15T13:32:30+01:00,199.46,199.46,199.46,199.46,10
2024-11-15T13:38:00+01:00,199.36,199.4,199.36,199.4,102
2024-11-15T13:43:30+01:00,199.24,199.24,199.24,199.24,1
2024-11-15T13:45:00+01:00,199.24,199.24,199.24,199.24,4
2024-11-15T13:54:00+01:00,199.22,199.22,199.22,199.22,100
2024-11-15T14:05:00+01:00,199.08,199.08,199.08,199.08,5
2024-11-15T14:06:30+01:00,199,199,199,199,11
2024-11-15T14:10:30+01:00,198.7,198.7,198.7,198.7,10
2024-11-15T14:13:00+01:00,198.7,198.7,198.7,198.7,352
2024-11-15T14:18:00+01:00,198.64,198.64,198.62,198.62,513
2024-11-15T14:19:30+01:00,198.7,198.7,198.7,198.7,20
2024-11-15T14:24:00+01:00,198.68,198.68,198.64,198.64,31
2024-11-15T14:29:30+01:00,198.86,198.86,198.86,198.86,98
2024-11-15T14:31:00+01:00,198.86,198.86,198.86,198.86,10
2024-11-15T14:34:30+01:00,199.2,199.2,199.16,199.16,79
2024-11-15T14:37:30+01:00,199,199,198.88,198.88,106
2024-11-15T14:40:00+01:00,198.88,198.88,198.88,198.88,20
2024-11-15T14:56:00+01:00,198.7,198.7,198.7,198.7,58
2024-11-15T14:57:00+01:00,198.64,198.64,198.62,198.62,3
2024-11-15T14:59:30+01:00,198.54,198.56,198.48,198.56,480
2024-11-15T15:01:00+01:00,198.4,198.4,198.4,198.4,69
2024-11-15T15:02:30+01:00,198.3,198.3,198.3,198.3,37
2024-11-15T15:03:30+01:00,198.3,198.3,198.3,198.3,3
2024-11-15T15:04:30+01:00,198.48,198.48,198.48,198.48,10
2024-11-15T15:06:30+01:00,198.24,198.24,198.22,198.22,51
2024-11-15T15:11:00+01:00,198.14,198.14,198.14,198.14,1
2024-11-15T15:12:00+01:00,198.04,198.04,198.04,198.04,148
2024-11-15T15:13:30+01:00,198.02,198.02,197.82,197.82,329
2024-11-15T15:19:00+01:00,197.88,197.88,197.84,197.84,131
2024-11-15T15:20:30+01:00,197.52,197.52,196.98,196.98,593
2024-11-15T15:22:30+01:00,197.6,197.6,197.6,197.6,19
2024-11-15T15:23:00+01:00,197.7,197.7,197.58,197.58,238
2024-11-15T15:25:00+01:00,197.28,197.28,197.18,197.18,245
2024-11-15T15:27:00+01:00,197.46,197.46,197.46,197.46,21
2024-11-15T15:27:30+01:00,197.36,197.44,197.2,197.44,1584
2024-11-15T15:28:00+01:00,196.98,196.98,196.8,196.84,1250
2024-11-15T15:28:30+01:00,196.56,196.56,196.48,196.48,180
2024-11-15T15:29:30+01:00,196.62,196.62,196.14,196.14,305
2024-11-15T15:30:00+01:00,196,196.2,193.6,196.2,3359
2024-11-15T15:30:30+01:00,196.34,196.34,196.18,196.18,32
2024-11-15T15:31:00+01:00,196.06,196.16,196,196.02,911
2024-11-15T15:32:00+01:00,196.4,196.4,196.4,196.4,1
2024-11-15T15:32:30+01:00,196.14,196.2,196.08,196.08,1021
2024-11-15T15:33:00+01:00,196.02,196.02,195.78,195.78,330
2024-11-15T15:33:30+01:00,195.98,196,195.88,195.88,1491
2024-11-15T15:34:00+01:00,195.94,195.94,195.86,195.86,1447
2024-11-15T15:34:30+01:00,195.32,195.5,195.32,195.38,995
2024-11-15T15:35:00+01:00,195.24,195.24,195.02,195.02,97
2024-11-15T15:35:30+01:00,195,195,195,195,48
2024-11-15T15:36:00+01:00,195.1,195.1,195.1,195.1,1
2024-11-15T15:36:30+01:00,195.32,195.32,195.3,195.3,1246
2024-11-15T15:38:30+01:00,195.28,195.28,195.28,195.28,3
2024-11-15T15:40:30+01:00,194.98,195.04,194.98,195.04,762
2024-11-15T15:41:00+01:00,194.9,194.9,194.9,194.9,36
2024-11-15T15:42:00+01:00,194.8,194.8,194.64,194.64,21
2024-11-15T15:42:30+01:00,195.18,195.36,195.16,195.36,166
2024-11-15T15:43:00+01:00,195.16,195.18,195.16,195.18,31
2024-11-15T15:43:30+01:00,194.84,194.84,194.84,194.84,7
2024-11-15T15:44:30+01:00,194.78,194.78,194.78,194.78,25
2024-11-15T15:45:00+01:00,194.78,194.78,194.78,194.78,66
2024-11-15T15:45:30+01:00,194.7,194.7,194.16,194.16,746
2024-11-15T15:46:30+01:00,194.22,194.22,194.22,194.22,1
2024-11-15T15:47:30+01:00,194.44,194.44,194.44,194.44,1
2024-11-15T15:48:00+01:00,195,195.18,195,195.18,41
2024-11-15T15:48:30+01:00,195.44,195.44,195.44,195.44,10
2024-11-15T15:49:00+01:00,195.6,195.6,195.58,195.58,23
2024-11-15T15:49:30+01:00,195.92,195.92,195.92,195.92,125
2024-11-15T15:50:00+01:00,196.04,196.04,195.94,195.96,304
2024-11-15T15:50:30+01:00,195.92,195.92,195.92,195.92,10
2024-11-15T15:51:30+01:00,196.22,196.22,196.2,196.2,304
2024-11-15T15:52:00+01:00,196.16,196.2,196.1,196.1,266
2024-11-15T15:53:00+01:00,195.78,195.78,195.78,195.78,1
2024-11-15T15:53:30+01:00,195.9,195.9,195.9,195.9,1
2024-11-15T15:54:00+01:00,195.58,195.58,195.32,195.4,243
2024-11-15T15:55:00+01:00,195.3,195.3,195.3,195.3,300
2024-11-15T15:55:30+01:00,195.08,195.18,195.06,195.18,311
2024-11-15T15:56:30+01:00,195.12,195.14,195.12,195.14,250
2024-11-15T15:57:00+01:00,195.34,195.34,195.34,195.34,5
2024-11-15T15:58:00+01:00,194.9,194.9,194.9,194.9,1
2024-11-15T15:59:00+01:00,194.74,194.74,194.68,194.68,303
2024-11-15T15:59:30+01:00,194.7,194.8,194.7,194.8,957
2024-11-15T16:00:00+01:00,194.68,194.68,194.58,194.58,496
2024-11-15T16:01:00+01:00,195.02,195.02,195.02,195.02,1
2024-11-15T16:02:30+01:00,194.7,194.7,194.68,194.68,22
2024-11-15T16:03:00+01:00,194.44,194.44,194.42,194.42,363
2024-11-15T16:04:00+01:00,194.36,194.36,194.28,194.28,815
2024-11-15T16:05:00+01:00,194.56,194.56,194.56,194.56,300
2024-11-15T16:08:30+01:00,194.62,194.62,194.62,194.62,196
2024-11-15T16:09:00+01:00,194.3,194.3,194.28,194.28,167
2024-11-15T16:09:30+01:00,194.18,194.28,194.18,194.28,56
2024-11-15T16:10:30+01:00,194,194,194,194,75
2024-11-15T16:11:00+01:00,194.02,194.02,194.02,194.02,300
2024-11-15T16:11:30+01:00,194.22,194.26,194.22,194.26,197
2024-11-15T16:12:00+01:00,194.22,194.22,194.2,194.2,55
2024-11-15T16:13:30+01:00,194.28,194.28,194.28,194.28,50
2024-11-15T16:14:30+01:00,194.58,194.58,194.56,194.56,49
2024-11-15T16:15:30+01:00,194.7,194.7,194.68,194.68,59
2024-11-15T16:16:30+01:00,195,195,195,195,70
2024-11-15T16:17:00+01:00,195.16,195.16,195.16,195.16,20
2024-11-15T16:18:00+01:00,195.26,195.26,195.16,195.16,18
2024-11-15T16:18:30+01:00,195.08,195.08,194.96,194.96,274
2024-11-15T16:21:30+01:00,194.72,194.88,194.72,194.88,100
2024-11-15T16:22:30+01:00,194.86,194.86,194.86,194.86,100
2024-11-15T16:24:00+01:00,195.22,195.22,195.22,195.22,10
2024-11-15T16:25:30+01:00,195.08,195.08,195.02,195.02,51
2024-11-15T16:26:30+01:00,195.08,195.08,195,195,534
2024-11-15T16:27:00+01:00,195.08,195.08,195.08,195.08,5
2024-11-15T16:28:00+01:00,195.22,195.22,195.2,195.2,12005
2024-11-15T16:28:30+01:00,195.2,195.2,194.8,194.8,779
2024-11-15T16:30:00+01:00,194.4,194.4,194.4,194.4,300
2024-11-15T16:30:30+01:00,194.38,194.38,194.24,194.26,606
2024-11-15T16:31:00+01:00,194.28,194.28,194.28,194.28,300
2024-11-15T16:31:30+01:00,194.3,194.3,194.26,194.26,1018
2024-11-15T16:35:00+01:00,194.06,194.06,194,194,103
2024-11-15T16:37:00+01:00,194.4,194.4,194.4,194.4,126
2024-11-15T16:38:30+01:00,194.62,194.62,194.6,194.6,120
2024-11-15T16:40:00+01:00,194.8,194.8,194.8,194.8,30
2024-11-15T16:40:30+01:00,194.86,194.86,194.56,194.56,270
2024-11-15T16:41:00+01:00,194.5,194.5,194.5,194.5,175
2024-11-15T16:41:30+01:00,194.56,194.56,194.5,194.5,434
2024-11-15T16:46:30+01:00,194.8,194.8,194.8,194.8,34
2024-11-15T16:49:30+01:00,194.9,194.9,194.9,194.9,20
2024-11-15T16:50:30+01:00,195.26,195.28,195.26,195.28,219
2024-11-15T16:51:00+01:00,195.16,195.16,195,195,434
2024-11-15T16:53:00+01:00,195.2,195.2,195.2,195.2,125
2024-11-15T16:54:00+01:00,194.98,194.98,194.98,194.98,66
2024-11-15T16:55:00+01:00,194.72,194.72,194.72,194.72,5
2024-11-15T16:57:30+01:00,194.6,194.6,194.6,194.6,33
2024-11-15T16:58:00+01:00,194.6,194.6,194.6,194.6,16
2024-11-15T16:59:00+01:00,194.52,194.52,194.52,194.52,196
2024-11-15T16:59:30+01:00,194.44,194.44,194.4,194.4,83
2024-11-15T17:00:00+01:00,194.44,194.44,194.44,194.44,5
2024-11-15T17:01:00+01:00,194.32,194.32,194.32,194.32,15
2024-11-15T17:02:00+01:00,194.32,194.32,194.32,194.32,300
2024-11-15T17:03:00+01:00,194.44,194.44,194.44,194.44,25
2024-11-15T17:04:30+01:00,194.24,194.24,194.22,194.22,24
2024-11-15T17:05:00+01:00,194.3,194.3,194.3,194.3,5
2024-11-15T17:05:30+01:00,194.2,194.2,194.2,194.2,209
2024-11-15T17:06:00+01:00,194.08,194.08,194.06,194.06,302
2024-11-15T17:06:30+01:00,194,194,193.96,193.96,350
2024-11-15T17:08:30+01:00,193.96,193.96,193.72,193.8,1571
2024-11-15T17:09:30+01:00,193.7,193.7,193.7,193.7,30
2024-11-15T17:10:00+01:00,193.76,193.76,193.76,193.76,300
2024-11-15T17:10:30+01:00,193.86,193.86,193.86,193.86,87
2024-11-15T17:11:30+01:00,193.84,193.86,193.84,193.86,344
2024-11-15T17:12:00+01:00,193.72,193.72,193.72,193.72,11
2024-11-15T17:12:30+01:00,193.62,193.62,193.62,193.62,300
2024-11-15T17:13:30+01:00,193.6,193.6,193.6,193.6,35
2024-11-15T17:15:00+01:00,193.66,193.7,193.66,193.7,144
2024-11-15T17:15:30+01:00,193.7,193.7,193.7,193.7,50
2024-11-15T17:16:00+01:00,193.68,193.68,193.64,193.64,933
2024-11-15T17:16:30+01:00,193.78,193.78,193.76,193.76,674
2024-11-15T17:17:00+01:00,193.78,193.78,193.78,193.78,1
2024-11-15T17:20:00+01:00,193.68,193.68,193.68,193.68,40
2024-11-15T17:20:30+01:00,193.66,193.66,193.66,193.66,10
2024-11-15T17:21:00+01:00,193.5,193.54,193.36,193.36,986
2024-11-15T17:22:00+01:00,193.44,193.48,193.44,193.48,43
2024-11-15T17:26:30+01:00,194.1,194.1,194.04,194.04,45
2024-11-15T17:27:30+01:00,194.06,194.06,194.06,194.06,20
2024-11-15T17:28:30+01:00,194.28,194.34,194.26,194.34,177
2024-11-15T17:29:00+01:00,193.8,193.8,193.5,193.5,665
2024-11-15T17:29:30+01:00,193.52,193.52,193.52,193.52,30
2024-11-18T09:04:00+01:00,193.12,193.16,193.12,193.16,1108
2024-11-18T09:05:00+01:00,193.48,193.48,193.48,193.48,12
2024-11-18T09:07:00+01:00,193.2,193.2,193.14,193.14,214
2024-11-18T09:07:30+01:00,193.2,193.2,193.2,193.2,213
2024-11-18T09:08:00+01:00,193.3,193.3,193.2,193.2,551
2024-11-18T09:09:00+01:00,193.3,193.34,193.3,193.34,396
2024-11-18T09:10:00+01:00,193.24,193.24,193.24,193.24,274
2024-11-18T09:11:00+01:00,193.3,193.3,193.3,193.3,272
2024-11-18T09:11:30+01:00,193.46,193.46,193.46,193.46,170
2024-11-18T09:12:00+01:00,193.44,193.44,193.44,193.44,214
2024-11-18T09:13:00+01:00,193.48,193.48,193.46,193.46,177
2024-11-18T09:14:00+01:00,193.46,193.46,193.46,193.46,209
2024-11-18T09:15:30+01:00,193.38,193.38,193.38,193.38,4
2024-11-18T09:16:00+01:00,193.5,193.5,193.5,193.5,100
2024-11-18T09:16:30+01:00,193.4,193.4,193.4,193.4,101
2024-11-18T09:17:00+01:00,193.4,193.4,193.4,193.4,1
2024-11-18T09:18:00+01:00,193.48,193.5,193.4,193.4,464
2024-11-18T09:19:30+01:00,193.5,193.5,193.5,193.5,22
2024-11-18T09:20:00+01:00,193.46,193.46,193.46,193.46,198
2024-11-18T09:20:30+01:00,193.5,193.5,193.5,193.5,100
2024-11-18T09:21:00+01:00,193.48,193.48,193.48,193.48,227
2024-11-18T09:21:30+01:00,193.5,193.5,193.5,193.5,302
2024-11-18T09:22:00+01:00,193.48,193.48,193.48,193.48,315
2024-11-18T09:22:30+01:00,193.48,193.48,193.48,193.48,196
2024-11-18T09:23:30+01:00,193.48,193.48,193.48,193.48,138
2024-11-18T09:24:30+01:00,193.48,193.48,193.48,193.48,171
2024-11-18T09:25:00+01:00,193.5,193.5,193.46,193.46,12
2024-11-18T09:25:30+01:00,193.34,193.34,193.34,193.34,219
2024-11-18T09:26:30+01:00,193.5,193.5,193.5,193.5,92
2024-11-18T09:27:00+01:00,193.48,193.48,193.48,193.48,160
2024-11-18T09:27:30+01:00,193.5,193.5,193.5,193.5,172
2024-11-18T09:28:00+01:00,193.4,193.4,193.4,193.4,237
2024-11-18T09:29:00+01:00,193.42,193.42,193.42,193.42,214
2024-11-18T09:30:00+01:00,193.48,193.48,193.44,193.44,314
2024-11-18T09:30:30+01:00,193.46,193.46,193.44,193.44,162
2024-11-18T09:32:00+01:00,193.5,193.5,193.5,193.5,10
2024-11-18T09:34:00+01:00,193.5,193.5,193.5,193.5,112
2024-11-18T09:34:30+01:00,193.5,193.58,193.5,193.58,31
2024-11-18T09:35:00+01:00,193.6,193.6,193.6,193.6,300
2024-11-18T09:35:30+01:00,193.6,193.6,193.6,193.6,2
2024-11-18T09:37:00+01:00,193.76,193.76,193.76,193.76,10
2024-11-18T09:38:00+01:00,193.76,193.8,193.76,193.8,20
2024-11-18T09:39:30+01:00,193.8,193.8,193.8,193.8,30
2024-11-18T09:42:30+01:00,193.66,193.68,193.66,193.68,660
2024-11-18T09:43:00+01:00,193.7,193.7,193.7,193.7,83
2024-11-18T09:43:30+01:00,193.72,193.72,193.72,193.72,28
2024-11-18T09:44:30+01:00,193.78,193.8,193.74,193.74,375
2024-11-18T09:45:00+01:00,193.86,193.86,193.86,193.86,2
2024-11-18T09:45:30+01:00,193.78,193.78,193.78,193.78,152
2024-11-18T09:46:30+01:00,193.74,193.74,193.72,193.72,171
2024-11-18T09:47:00+01:00,193.84,193.84,193.84,193.84,18
2024-11-18T09:47:30+01:00,193.74,193.74,193.74,193.74,150
2024-11-18T09:48:30+01:00,193.82,193.82,193.82,193.82,10
2024-11-18T09:50:30+01:00,193.82,193.82,193.82,193.82,245
2024-11-18T09:52:00+01:00,193.88,193.92,193.88,193.92,377
2024-11-18T09:52:30+01:00,193.92,193.92,193.92,193.92,5
2024-11-18T09:53:00+01:00,193.86,193.86,193.86,193.86,227
2024-11-18T09:56:00+01:00,193.86,193.92,193.86,193.92,152
2024-11-18T09:56:30+01:00,193.86,193.86,193.86,193.86,150
2024-11-18T09:57:00+01:00,193.9,193.9,193.9,193.9,20
2024-11-18T09:58:00+01:00,193.82,193.82,193.82,193.82,150
2024-11-18T09:59:00+01:00,193.8,193.84,193.8,193.84,221
2024-11-18T09:59:30+01:00,193.82,193.82,193.82,193.82,101
2024-11-18T10:00:00+01:00,193.8,193.8,193.76,193.76,229
2024-11-18T10:00:30+01:00,193.74,193.74,193.72,193.72,547
2024-11-18T10:01:00+01:00,193.66,193.66,193.64,193.64,360
2024-11-18T10:01:30+01:00,193.68,193.7,193.68,193.68,4415
2024-11-18T10:02:00+01:00,193.68,193.68,193.68,193.68,1266
2024-11-18T10:02:30+01:00,193.5,193.52,193.5,193.5,2467
2024-11-18T10:03:00+01:00,193.5,193.56,193.5,193.56,1321
2024-11-18T10:03:30+01:00,193.54,193.54,193.54,193.54,453
2024-11-18T10:05:00+01:00,193.5,193.5,193.5,193.5,82
2024-11-18T10:05:30+01:00,193.5,193.54,193.5,193.54,622
2024-11-18T10:06:30+01:00,193.5,193.52,193.5,193.5,1052
2024-11-18T10:09:00+01:00,193.3,193.3,193.3,193.3,267
2024-11-18T10:13:00+01:00,193.26,193.28,193.26,193.26,398
2024-11-18T10:13:30+01:00,193.18,193.18,193.18,193.18,267
2024-11-18T10:14:00+01:00,193.16,193.16,192.82,192.86,625
2024-11-18T10:14:30+01:00,192.82,192.82,192.8,192.8,320
2024-11-18T10:16:00+01:00,192.86,192.86,192.86,192.86,303
2024-11-18T10:17:30+01:00,192.68,192.68,192.6,192.64,233
2024-11-18T10:18:30+01:00,192.52,192.54,192.42,192.42,60
2024-11-18T10:19:00+01:00,192.36,192.38,192.36,192.38,283
2024-11-18T10:21:00+01:00,192.2,192.3,192.2,192.3,502
2024-11-18T10:21:30+01:00,192.32,192.32,192.32,192.32,252
2024-11-18T10:25:00+01:00,192.48,192.48,192.46,192.46,80
2024-11-18T10:26:30+01:00,192.56,192.56,192.56,192.56,41
2024-11-18T10:28:00+01:00,192.42,192.42,192.42,192.42,20
2024-11-18T10:31:30+01:00,192.28,192.28,192.26,192.26,250
2024-11-18T10:39:30+01:00,192.68,192.68,192.6,192.6,322
2024-11-18T10:40:30+01:00,192.62,192.62,192.62,192.62,10
2024-11-18T10:45:00+01:00,192.88,192.9,192.88,192.9,1038
2024-11-18T10:47:00+01:00,192.8,192.8,192.8,192.8,140
2024-11-18T10:48:00+01:00,192.76,192.84,192.54,192.54,33
2024-11-18T10:48:30+01:00,192.74,192.74,192.74,192.74,5
2024-11-18T10:49:30+01:00,192.6,192.6,192.6,192.6,10
2024-11-18T10:54:30+01:00,192.5,192.5,192.5,192.5,15
2024-11-18T10:55:30+01:00,192.5,192.58,192.5,192.58,48
2024-11-18T10:59:00+01:00,192.56,192.56,192.56,192.56,101
2024-11-18T11:00:30+01:00,192.58,192.88,192.58,192.88,29
2024-11-18T11:01:00+01:00,192.98,192.98,192.98,192.98,15
2024-11-18T11:02:30+01:00,192.84,192.84,192.84,192.84,83
2024-11-18T11:04:00+01:00,192.74,192.9,192.72,192.88,119
2024-11-18T11:06:30+01:00,192.96,192.96,192.96,192.96,3
2024-11-18T11:07:00+01:00,193,193,192.98,193,77
2024-11-18T11:09:00+01:00,193,193,193,193,7
2024-11-18T11:09:30+01:00,192.94,192.94,192.94,192.94,6
2024-11-18T11:13:00+01:00,193.08,193.08,193.06,193.06,481
2024-11-18T11:14:30+01:00,193.2,193.24,193.2,193.24,269
2024-11-18T11:15:00+01:00,193.24,193.26,193.24,193.26,300
2024-11-18T11:17:00+01:00,193.32,193.32,193.32,193.32,10
2024-11-18T11:18:30+01:00,193.34,193.34,193.34,193.34,58
2024-11-18T11:19:30+01:00,193.48,193.48,193.48,193.48,3
2024-11-18T11:25:00+01:00,193.58,193.68,193.58,193.66,700
2024-11-18T11:25:30+01:00,193.66,193.66,193.66,193.66,28
2024-11-18T11:26:30+01:00,193.8,193.8,193.8,193.8,2
2024-11-18T11:27:00+01:00,193.82,193.82,193.82,193.82,41
2024-11-18T11:30:00+01:00,193.74,193.74,193.68,193.68,477
2024-11-18T11:30:30+01:00,193.64,193.64,193.6,193.6,47
2024-11-18T11:36:00+01:00,193.56,193.56,193.56,193.56,19
2024-11-18T11:38:30+01:00,193.7,193.7,193.7,193.7,31
2024-11-18T11:49:30+01:00,193.72,193.72,193.72,193.72,10
2024-11-18T11:50:30+01:00,193.6,193.66,193.6,193.66,1612
2024-11-18T11:51:00+01:00,193.46,193.46,193.46,193.46,81
2024-11-18T11:53:30+01:00,193.5,193.5,193.5,193.5,73
2024-11-18T11:55:00+01:00,193.4,193.4,193.38,193.38,30
2024-11-18T11:56:30+01:00,193.56,193.56,193.56,193.56,7
2024-11-18T12:00:00+01:00,193.56,193.56,193.54,193.54,8
2024-11-18T12:01:30+01:00,193.54,193.54,193.5,193.5,300
2024-11-18T12:02:30+01:00,193.64,193.64,193.64,193.64,10
2024-11-18T12:03:30+01:00,193.68,193.68,193.68,193.68,98
2024-11-18T12:04:00+01:00,193.54,193.54,193.54,193.54,97
2024-11-18T12:05:30+01:00,193.7,193.7,193.7,193.7,303
2024-11-18T12:07:30+01:00,193.68,193.72,193.68,193.72,313
2024-11-18T12:12:00+01:00,193.78,193.82,193.78,193.82,52
2024-11-18T12:13:30+01:00,193.64,193.64,193.64,193.64,10
2024-11-18T12:15:30+01:00,193.64,193.64,193.64,193.64,50
2024-11-18T12:17:30+01:00,193.44,193.44,193.44,193.44,3
2024-11-18T12:18:00+01:00,193.38,193.38,193.2,193.34,108
2024-11-18T12:23:30+01:00,193.54,193.58,193.54,193.58,150
2024-11-18T12:24:00+01:00,193.38,193.38,193.38,193.38,56
2024-11-18T12:26:00+01:00,193.56,193.58,193.56,193.58,250
2024-11-18T12:30:00+01:00,193.6,193.6,193.6,193.6,20
2024-11-18T12:31:00+01:00,193.6,193.6,193.6,193.6,2
2024-11-18T12:35:30+01:00,193.46,193.46,193.46,193.46,3
2024-11-18T12:38:30+01:00,193.34,193.34,193.34,193.34,30
2024-11-18T12:43:00+01:00,193.28,193.28,193.28,193.28,15
2024-11-18T12:47:30+01:00,193.42,193.42,193.42,193.42,45
2024-11-18T12:51:30+01:00,193.46,193.46,193.46,193.46,127
2024-11-18T12:54:30+01:00,193.42,193.42,193.42,193.42,7
2024-11-18T12:58:00+01:00,193.34,193.34,193.34,193.34,60
2024-11-18T12:59:30+01:00,193.46,193.46,193.46,193.46,25
2024-11-18T13:00:00+01:00,193.34,193.5,193.02,193.38,1194
2024-11-18T13:01:00+01:00,193.3,193.36,193.26,193.26,384
2024-11-18T13:02:30+01:00,192.92,192.92,192.88,192.88,85
2024-11-18T13:03:00+01:00,192.82,192.82,192.8,192.8,71
2024-11-18T13:05:00+01:00,192.7,192.7,192.7,192.7,85
2024-11-18T13:06:30+01:00,192.96,192.96,192.96,192.96,3
2024-11-18T13:09:00+01:00,193.04,193.04,193.04,193.04,15
2024-11-18T13:09:30+01:00,193.18,193.18,193.18,193.18,81
2024-11-18T13:11:30+01:00,193.24,193.24,193.24,193.24,50
2024-11-18T13:12:30+01:00,193.06,193.06,193.06,193.06,36
2024-11-18T13:17:00+01:00,193.06,193.06,193.06,193.06,7
2024-11-18T13:39:30+01:00,193.34,193.34,193.34,193.34,20
2024-11-18T13:42:00+01:00,193.5,193.5,193.5,193.5,60
2024-11-18T13:48:30+01:00,193.52,193.52,193.52,193.52,18
2024-11-18T13:51:30+01:00,193.46,193.46,193.46,193.46,5
2024-11-18T14:02:30+01:00,193.4,193.46,193.4,193.46,8
2024-11-18T14:07:30+01:00,193,193,193,193,2
2024-11-18T14:10:00+01:00,192.84,192.84,192.84,192.84,132
2024-11-18T14:10:30+01:00,192.84,192.84,192.84,192.84,9
2024-11-18T14:11:00+01:00,192.84,192.84,192.68,192.68,189
2024-11-18T14:16:00+01:00,192.92,192.92,192.92,192.92,42
2024-11-18T14:19:30+01:00,192.88,192.88,192.88,192.88,88
2024-11-18T14:20:30+01:00,192.82,192.82,192.82,192.82,29
2024-11-18T14:21:30+01:00,192.58,192.58,192.58,192.58,20
2024-11-18T14:25:00+01:00,192.4,192.44,192.4,192.44,4
2024-11-18T14:25:30+01:00,192.48,192.48,192.48,192.48,42
2024-11-18T14:28:00+01:00,192.66,192.66,192.66,192.66,3
2024-11-18T14:28:30+01:00,192.66,192.66,192.66,192.66,61
2024-11-18T14:31:00+01:00,192.78,192.78,192.7,192.7,50
2024-11-18T14:33:00+01:00,192.8,192.8,192.8,192.8,15
2024-11-18T14:35:00+01:00,192.64,192.64,192.64,192.64,1
2024-11-18T14:35:30+01:00,192.5,192.5,192.48,192.48,63
2024-11-18T14:36:30+01:00,192.52,192.52,192.52,192.52,603
2024-11-18T14:37:00+01:00,192.54,192.68,192.54,192.66,885
2024-11-18T14:38:00+01:00,192.7,192.7,192.68,192.68,452
2024-11-18T14:41:30+01:00,192.86,192.86,192.86,192.86,3
2024-11-18T14:46:30+01:00,192.9,192.9,192.9,192.9,310
2024-11-18T14:47:00+01:00,192.96,192.96,192.96,192.96,100
2024-11-18T14:49:00+01:00,192.82,192.82,192.82,192.82,100
2024-11-18T14:51:30+01:00,192.78,192.78,192.78,192.78,3
2024-11-18T14:53:00+01:00,192.8,192.8,192.8,192.8,50
2024-11-18T14:55:30+01:00,192.94,192.94,192.94,192.94,200
2024-11-18T14:57:30+01:00,192.84,192.84,192.84,192.84,33
2024-11-18T15:00:00+01:00,192.82,192.84,192.82,192.84,2438
2024-11-18T15:00:30+01:00,192.84,192.94,192.84,192.94,102
2024-11-18T15:02:30+01:00,192.82,192.82,192.8,192.8,50
2024-11-18T15:03:30+01:00,192.94,192.94,192.94,192.94,25
2024-11-18T15:04:30+01:00,192.86,192.86,192.86,192.86,30
2024-11-18T15:05:00+01:00,192.9,192.9,192.9,192.9,248
2024-11-18T15:08:00+01:00,192.94,192.94,192.94,192.94,3
2024-11-18T15:10:00+01:00,192.98,192.98,192.98,192.98,41
2024-11-18T15:12:30+01:00,193.02,193.02,193.02,193.02,687
2024-11-18T15:13:00+01:00,193.04,193.08,193.04,193.08,115
2024-11-18T15:14:30+01:00,192.98,193.1,192.96,193.1,145
2024-11-18T15:17:00+01:00,193.12,193.12,193.12,193.12,3
2024-11-18T15:19:30+01:00,192.98,192.98,192.98,192.98,54
2024-11-18T15:20:00+01:00,193.02,193.02,193,193,40
2024-11-18T15:22:00+01:00,192.92,192.92,192.74,192.74,42
2024-11-18T15:25:00+01:00,192.68,192.68,192.68,192.68,9
2024-11-18T15:25:30+01:00,192.74,192.74,192.74,192.74,26
2024-11-18T15:27:00+01:00,192.58,192.58,192.58,192.58,25
2024-11-18T15:27:30+01:00,192.76,192.76,192.76,192.76,81
2024-11-18T15:29:30+01:00,193.32,193.38,193.32,193.38,54
2024-11-18T15:30:00+01:00,193.06,193.68,192.9,193.54,2868
2024-11-18T15:30:30+01:00,193.68,193.7,193.3,193.42,1738
2024-11-18T15:31:00+01:00,193.42,193.42,193.04,193.04,559
2024-11-18T15:31:30+01:00,192.9,192.98,192.72,192.9,1687
2024-11-18T15:32:00+01:00,192.9,193,192.9,193,525
2024-11-18T15:32:30+01:00,192.84,192.84,192.84,192.84,32
2024-11-18T15:33:00+01:00,192.52,192.52,192.46,192.46,112
2024-11-18T15:33:30+01:00,192.32,192.32,192.26,192.26,77
2024-11-18T15:34:00+01:00,192.5,192.5,192.5,192.5,8
2024-11-18T15:34:30+01:00,192.66,192.84,192.66,192.84,281
2024-11-18T15:35:00+01:00,192.68,192.68,192.18,192.2,359
2024-11-18T15:35:30+01:00,192.18,192.34,192.1,192.34,447
2024-11-18T15:36:00+01:00,192.14,192.14,191.76,191.9,569
2024-11-18T15:36:30+01:00,192.14,192.16,192.14,192.16,381
2024-11-18T15:37:00+01:00,192.24,192.24,192.24,192.24,100
2024-11-18T15:37:30+01:00,192.34,192.48,192.34,192.48,778
2024-11-18T15:38:30+01:00,192.32,192.38,192.32,192.38,387
2024-11-18T15:39:00+01:00,192.52,192.6,192.52,192.6,421
2024-11-18T15:39:30+01:00,192.84,192.84,192.84,192.84,200
2024-11-18T15:40:00+01:00,192.76,192.76,192.68,192.68,43
2024-11-18T15:41:00+01:00,192.8,192.8,192.46,192.46,590
2024-11-18T15:41:30+01:00,192.52,192.52,192.48,192.48,301
2024-11-18T15:42:00+01:00,192.5,192.6,192.5,192.6,1305
2024-11-18T15:43:00+01:00,192.62,192.68,192.62,192.68,1435
2024-11-18T15:43:30+01:00,192.6,192.6,192.44,192.44,101
2024-11-18T15:44:00+01:00,192.44,192.56,192.36,192.36,164
2024-11-18T15:45:00+01:00,192.3,192.3,192.28,192.28,309
2024-11-18T15:46:00+01:00,192.14,192.14,192.14,192.14,1
2024-11-18T15:48:30+01:00,192.2,192.2,192.2,192.2,30
2024-11-18T15:49:00+01:00,192.2,192.2,192.2,192.2,3
2024-11-18T15:51:00+01:00,191.98,191.98,191.98,191.98,38
2024-11-18T15:52:30+01:00,192.14,192.14,192.14,192.14,81
2024-11-18T15:53:00+01:00,192.24,192.32,192.22,192.32,665
2024-11-18T15:53:30+01:00,192.2,192.2,192.2,192.2,208
2024-11-18T15:55:00+01:00,192.26,192.26,192.22,192.22,553
2024-11-18T15:56:00+01:00,192.18,192.18,192.18,192.18,200
2024-11-18T15:59:00+01:00,192.3,192.3,192.3,192.3,40
2024-11-18T16:00:00+01:00,192.44,192.46,192.42,192.42,338
2024-11-18T16:02:30+01:00,192.5,192.5,192.44,192.44,72
2024-11-18T16:03:00+01:00,192.56,192.56,192.56,192.56,161
2024-11-18T16:04:00+01:00,192.62,192.9,192.62,192.9,546
2024-11-18T16:04:30+01:00,192.94,192.94,192.94,192.94,105
2024-11-18T16:05:00+01:00,192.98,192.98,192.98,192.98,100
2024-11-18T16:06:30+01:00,192.76,192.76,192.76,192.76,32
2024-11-18T16:07:00+01:00,192.92,192.92,192.92,192.92,214
2024-11-18T16:07:30+01:00,193.14,193.14,193.14,193.14,3
2024-11-18T16:09:00+01:00,193.08,193.08,193.08,193.08,207
2024-11-18T16:09:30+01:00,192.82,192.82,192.82,192.82,128
2024-11-18T16:10:30+01:00,192.92,192.92,192.92,192.92,3
2024-11-18T16:14:30+01:00,192.92,192.92,192.92,192.92,3
2024-11-18T16:16:00+01:00,193.1,193.1,193.1,193.1,20
2024-11-18T16:16:30+01:00,192.84,192.9,192.84,192.9,322
2024-11-18T16:17:00+01:00,192.84,192.84,192.84,192.84,64
2024-11-18T16:17:30+01:00,192.72,192.72,192.7,192.7,310
2024-11-18T16:18:00+01:00,192.66,192.78,192.66,192.78,380
2024-11-18T16:18:30+01:00,192.76,192.8,192.76,192.8,325
2024-11-18T16:19:00+01:00,192.86,192.86,192.84,192.84,126
2024-11-18T16:19:30+01:00,192.84,192.84,192.84,192.84,3
2024-11-18T16:20:00+01:00,192.94,192.94,192.94,192.94,3
2024-11-18T16:24:00+01:00,192.9,192.92,192.9,192.92,1200
2024-11-18T16:24:30+01:00,192.98,192.98,192.98,192.98,2
2024-11-18T16:26:30+01:00,193.12,193.12,193.12,193.12,2
2024-11-18T16:27:30+01:00,193.18,193.18,193.18,193.18,300
2024-11-18T16:28:00+01:00,193.32,193.4,193.32,193.4,353
2024-11-18T16:28:30+01:00,193.4,193.4,193.4,193.4,300
2024-11-18T16:29:00+01:00,193.32,193.5,193.32,193.5,339
2024-11-18T16:29:30+01:00,193.52,193.52,193.52,193.52,81
2024-11-18T16:30:00+01:00,193.76,193.76,193.76,193.76,40
2024-11-18T16:30:30+01:00,193.48,193.48,193.48,193.48,600
2024-11-18T16:31:00+01:00,193.46,193.46,193.46,193.46,39
2024-11-18T16:31:30+01:00,193.32,193.32,193.32,193.32,2
2024-11-18T16:32:00+01:00,193.34,193.34,193.34,193.34,81
2024-11-18T16:32:30+01:00,193.24,193.24,193.24,193.24,300
2024-11-18T16:33:30+01:00,193.28,193.28,193.28,193.28,81
2024-11-18T16:34:00+01:00,193.22,193.22,193.14,193.14,273
2024-11-18T16:34:30+01:00,193.12,193.12,193.12,193.12,200
2024-11-18T16:36:00+01:00,193.18,193.18,193.18,193.18,10
2024-11-18T16:37:00+01:00,193.02,193.02,193.02,193.02,600
2024-11-18T16:37:30+01:00,192.86,192.86,192.86,192.86,11
2024-11-18T16:38:00+01:00,192.82,192.82,192.82,192.82,385
2024-11-18T16:38:30+01:00,192.86,192.86,192.86,192.86,65
2024-11-18T16:39:00+01:00,192.74,192.74,192.74,192.74,105
2024-11-18T16:40:00+01:00,192.6,192.6,192.6,192.6,30
2024-11-18T16:41:00+01:00,192.6,192.7,192.6,192.7,695
2024-11-18T16:42:00+01:00,192.66,192.66,192.66,192.66,128
2024-11-18T16:42:30+01:00,192.66,192.66,192.66,192.66,2
2024-11-18T16:44:00+01:00,192.7,192.7,192.7,192.7,3
2024-11-18T16:45:00+01:00,192.76,192.76,192.76,192.76,2
2024-11-18T16:46:30+01:00,192.76,192.76,192.76,192.76,40
2024-11-18T16:50:00+01:00,192.66,192.66,192.66,192.66,81
2024-11-18T16:50:30+01:00,192.4,192.4,192.4,192.4,3
2024-11-18T16:51:00+01:00,192.32,192.32,192.32,192.32,223
2024-11-18T16:53:30+01:00,192,192.02,192,192.02,572
2024-11-18T16:54:00+01:00,192.1,192.1,192.1,192.1,300
2024-11-18T16:55:30+01:00,192.06,192.06,192,192,765
2024-11-18T16:57:00+01:00,191.96,191.96,191.96,191.96,2
2024-11-18T17:02:00+01:00,192.12,192.12,192.12,192.12,300
2024-11-18T17:03:30+01:00,192.08,192.08,192.08,192.08,30
2024-11-18T17:04:00+01:00,192.1,192.12,192.1,192.12,465
2024-11-18T17:04:30+01:00,192.16,192.16,192.12,192.16,86
2024-11-18T17:07:00+01:00,192.18,192.18,192.18,192.18,5
2024-11-18T17:08:00+01:00,192.28,192.36,192.28,192.36,99
2024-11-18T17:11:30+01:00,192.42,192.42,192.42,192.42,7
2024-11-18T17:12:00+01:00,192.46,192.46,192.46,192.46,668
2024-11-18T17:13:00+01:00,192.42,192.42,192.42,192.42,54
2024-11-18T17:13:30+01:00,192.44,192.52,192.44,192.52,303
2024-11-18T17:14:00+01:00,192.38,192.38,192.36,192.36,153
2024-11-18T17:16:00+01:00,192.28,192.28,192.28,192.28,26
2024-11-18T17:17:30+01:00,192.4,192.4,192.4,192.4,7
2024-11-18T17:19:00+01:00,192.2,192.2,192.2,192.2,200
2024-11-18T17:20:00+01:00,192.22,192.22,192.22,192.22,300
2024-11-18T17:21:30+01:00,192.28,192.28,192.28,192.28,152
2024-11-18T17:24:30+01:00,192.26,192.26,192.26,192.26,4
2024-11-18T17:25:00+01:00,192.2,192.2,192.2,192.2,1
2024-11-18T17:25:30+01:00,192.14,192.14,192.14,192.14,40
2024-11-18T17:27:30+01:00,191.94,191.94,191.94,191.94,30
2024-11-18T17:29:00+01:00,192,192,192,192,30
2024-11-19T09:04:00+01:00,191.2,191.48,191.2,191.36,664
2024-11-19T09:04:30+01:00,191.28,191.28,191.2,191.2,289
2024-11-19T09:05:00+01:00,191.44,191.44,191.44,191.44,20
2024-11-19T09:05:30+01:00,191.22,191.22,191.22,191.22,98
2024-11-19T09:08:30+01:00,191.06,191.06,191.02,191.02,40
2024-11-19T09:11:30+01:00,191.1,191.1,191.1,191.1,76
2024-11-19T09:14:00+01:00,191.02,191.02,190.52,190.94,766
2024-11-19T09:19:00+01:00,191,191,191,191,127
2024-11-19T09:24:00+01:00,191.08,191.08,191.08,191.08,21
2024-11-19T09:32:00+01:00,191.02,191.02,190.96,191.02,188
2024-11-19T09:33:30+01:00,191.02,191.02,191.02,191.02,2
2024-11-19T09:35:00+01:00,190.94,190.94,190.9,190.9,129
2024-11-19T09:35:30+01:00,190.9,191.08,190.9,191.08,532
2024-11-19T09:37:00+01:00,190.98,190.98,190.9,190.9,162
2024-11-19T09:38:00+01:00,190.96,190.96,190.96,190.96,5
2024-11-19T09:38:30+01:00,190.96,190.96,190.96,190.96,52
2024-11-19T09:39:00+01:00,190.94,190.94,190.9,190.9,551
2024-11-19T09:39:30+01:00,190.92,190.92,190.92,190.92,7
2024-11-19T09:40:00+01:00,190.9,190.9,190.9,190.9,43
2024-11-19T09:41:30+01:00,190.78,190.78,190.7,190.7,10
2024-11-19T09:42:00+01:00,190.7,190.7,190.7,190.7,600
2024-11-19T09:42:30+01:00,190.7,190.7,190.7,190.7,302
2024-11-19T09:43:00+01:00,190.7,190.7,190.7,190.7,10
2024-11-19T09:44:00+01:00,190.6,190.6,190.6,190.6,320
2024-11-19T09:47:00+01:00,190.7,190.7,190.7,190.7,492
2024-11-19T09:49:00+01:00,190.7,190.7,190.7,190.7,200
2024-11-19T09:50:00+01:00,190.66,190.66,190.66,190.66,24
2024-11-19T09:50:30+01:00,190.7,190.98,190.7,190.98,880
2024-11-19T09:51:30+01:00,190.92,190.92,190.8,190.8,116
2024-11-19T09:55:30+01:00,190.92,190.92,190.92,190.92,86
2024-11-19T09:58:30+01:00,191.06,191.12,191.06,191.1,404
2024-11-19T09:59:00+01:00,191,191,191,191,60
2024-11-19T10:00:00+01:00,191.18,191.18,191.02,191.02,93
2024-11-19T10:01:00+01:00,191.3,191.34,191.3,191.34,203
2024-11-19T10:07:00+01:00,191.26,191.26,191.26,191.26,141
2024-11-19T10:07:30+01:00,191.3,191.3,191.3,191.3,40
2024-11-19T10:10:30+01:00,191.26,191.26,191.22,191.22,35
2024-11-19T10:15:30+01:00,191.14,191.14,191.08,191.08,173
2024-11-19T10:16:00+01:00,191.02,191.02,191.02,191.02,59
2024-11-19T10:16:30+01:00,191.08,191.08,191.08,191.08,1
2024-11-19T10:23:00+01:00,191.48,191.48,191.48,191.48,123
2024-11-19T10:24:00+01:00,191.34,191.34,191.34,191.34,6
2024-11-19T10:28:30+01:00,190.78,190.78,190.78,190.78,78
2024-11-19T10:29:00+01:00,190.66,190.66,190.64,190.64,480
2024-11-19T10:30:00+01:00,190.44,190.5,190.44,190.5,130
2024-11-19T10:31:00+01:00,190.5,190.5,190.5,190.5,80
2024-11-19T10:32:00+01:00,190.5,190.5,190.5,190.5,369
2024-11-19T10:33:30+01:00,190.44,190.44,190.44,190.44,259
2024-11-19T10:34:00+01:00,190.44,190.44,190.44,190.44,60
2024-11-19T10:36:00+01:00,190.5,190.5,190.5,190.5,100
2024-11-19T10:44:00+01:00,190.42,190.42,190.42,190.42,200
2024-11-19T10:44:30+01:00,190.3,190.3,190.22,190.22,95
2024-11-19T10:48:00+01:00,190.24,190.24,190.22,190.22,50
2024-11-19T10:51:30+01:00,190.42,190.42,190.32,190.32,163
2024-11-19T11:01:00+01:00,190.52,190.6,190.52,190.6,113
2024-11-19T11:02:00+01:00,190.4,190.4,190.4,190.4,149
2024-11-19T11:11:30+01:00,190.58,190.58,190.58,190.58,40
2024-11-19T11:17:00+01:00,190.58,190.58,190.58,190.58,2
2024-11-19T11:18:30+01:00,190.74,190.74,190.74,190.74,3
2024-11-19T11:20:00+01:00,190.74,190.86,190.74,190.86,400
2024-11-19T11:21:00+01:00,190.88,190.88,190.88,190.88,3
2024-11-19T11:22:30+01:00,191.02,191.02,191.02,191.02,20
2024-11-19T11:26:00+01:00,190.84,190.84,190.84,190.84,10
2024-11-19T11:26:30+01:00,190.82,190.82,190.82,190.82,102
2024-11-19T11:30:00+01:00,190.78,190.78,190.78,190.78,21
2024-11-19T11:30:30+01:00,190.78,190.78,190.76,190.76,548
2024-11-19T11:31:30+01:00,190.76,190.76,190.76,190.76,150
2024-11-19T11:34:30+01:00,190.92,190.92,190.92,190.92,48
2024-11-19T11:44:30+01:00,190.94,190.94,190.94,190.94,7
2024-11-19T11:49:00+01:00,190.96,190.96,190.96,190.96,82
2024-11-19T11:51:00+01:00,190.82,190.82,190.78,190.78,6
2024-11-19T12:01:30+01:00,190.98,190.98,190.98,190.98,31
2024-11-19T12:06:00+01:00,190.98,190.98,190.98,190.98,202
2024-11-19T12:12:00+01:00,191.04,191.04,191.04,191.04,11
2024-11-19T12:13:00+01:00,190.84,190.84,190.84,190.84,28
2024-11-19T12:16:00+01:00,190.86,190.86,190.76,190.76,117
2024-11-19T12:21:30+01:00,190.58,190.58,190.58,190.58,81
2024-11-19T12:23:00+01:00,190.48,190.58,190.48,190.58,14
2024-11-19T12:23:30+01:00,190.62,190.68,190.62,190.68,177
2024-11-19T12:28:30+01:00,190.8,190.8,190.8,190.8,79
2024-11-19T12:30:00+01:00,190.78,190.78,190.62,190.62,1057
2024-11-19T12:30:30+01:00,190.8,190.8,190.8,190.8,176
2024-11-19T12:31:00+01:00,190.7,190.7,190.7,190.7,20
2024-11-19T12:31:30+01:00,190.8,190.8,190.8,190.8,5
2024-11-19T12:54:00+01:00,190.98,190.98,190.98,190.98,3
2024-11-19T12:56:30+01:00,190.9,190.9,190.9,190.9,151
2024-11-19T12:58:30+01:00,190.6,190.6,190.54,190.54,134
2024-11-19T13:01:00+01:00,190.62,190.68,190.62,190.66,1310
2024-11-19T13:02:00+01:00,190.54,190.54,190.54,190.54,9
2024-11-19T13:07:30+01:00,190.56,190.56,190.56,190.56,42
2024-11-19T13:09:30+01:00,190.72,190.72,190.72,190.72,300
2024-11-19T13:17:30+01:00,190.7,190.7,190.7,190.7,150
2024-11-19T13:28:30+01:00,190.72,190.72,190.72,190.72,4
2024-11-19T13:31:30+01:00,190.64,190.64,190.64,190.64,100
2024-11-19T13:32:00+01:00,190.64,190.74,190.64,190.74,999
2024-11-19T13:41:30+01:00,190.5,190.5,190.46,190.46,500
2024-11-19T13:43:00+01:00,190.6,190.6,190.6,190.6,60
2024-11-19T13:43:30+01:00,190.66,190.68,190.66,190.68,264
2024-11-19T13:44:30+01:00,190.72,190.72,190.68,190.68,25
2024-11-19T13:55:00+01:00,190.62,190.62,190.62,190.62,22
2024-11-19T13:59:00+01:00,190.68,190.68,190.68,190.68,140
2024-11-19T14:00:00+01:00,190.56,190.56,190.56,190.56,11
2024-11-19T14:05:00+01:00,190.5,190.5,190.5,190.5,2
2024-11-19T14:10:30+01:00,190.4,190.4,190.4,190.4,10
2024-11-19T14:12:30+01:00,190.38,190.38,190.38,190.38,113
2024-11-19T14:14:00+01:00,190.32,190.32,190.32,190.32,2
2024-11-19T14:15:00+01:00,190.14,190.14,190.14,190.14,13
2024-11-19T14:15:30+01:00,190.14,190.14,190.14,190.14,2
2024-11-19T14:17:00+01:00,190,190,189.8,189.92,755
2024-11-19T14:18:30+01:00,189.98,189.98,189.98,189.98,77
2024-11-19T14:19:30+01:00,189.82,189.82,189.82,189.82,1
2024-11-19T14:22:30+01:00,189.82,189.82,189.8,189.8,286
2024-11-19T14:23:30+01:00,189.92,189.92,189.92,189.92,10
2024-11-19T14:24:00+01:00,189.88,189.88,189.88,189.88,9
2024-11-19T14:25:30+01:00,189.94,189.94,189.94,189.94,4
2024-11-19T14:27:30+01:00,189.94,190,189.94,190,793
2024-11-19T14:28:00+01:00,189.94,189.94,189.94,189.94,300
2024-11-19T14:28:30+01:00,189.9,189.9,189.9,189.9,5
2024-11-19T14:33:30+01:00,189.8,189.8,189.8,189.8,191
2024-11-19T14:35:00+01:00,189.58,189.6,189.52,189.6,118
2024-11-19T14:36:00+01:00,189.56,189.58,189.56,189.58,82
2024-11-19T14:41:00+01:00,189.38,189.38,189.38,189.38,100
2024-11-19T14:42:00+01:00,189.3,189.3,189.3,189.3,1000
2024-11-19T14:50:30+01:00,189.08,189.08,189.08,189.08,136
2024-11-19T14:53:30+01:00,189,189,189,189,310
2024-11-19T14:55:00+01:00,188.56,188.6,188.48,188.6,396
2024-11-19T14:55:30+01:00,188.7,188.7,188.66,188.66,723
2024-11-19T14:58:00+01:00,188.88,188.88,188.88,188.88,81
2024-11-19T14:58:30+01:00,189.04,189.04,188.94,188.94,279
2024-11-19T14:59:30+01:00,189.06,189.06,189.06,189.06,4
2024-11-19T15:00:00+01:00,189.04,189.04,189.04,189.04,71
2024-11-19T15:00:30+01:00,189.08,189.08,189.08,189.08,12
2024-11-19T15:01:30+01:00,189.1,189.1,189.1,189.1,532
2024-11-19T15:02:30+01:00,188.94,188.94,188.92,188.92,450
2024-11-19T15:03:00+01:00,188.94,188.94,188.94,188.94,13
2024-11-19T15:05:00+01:00,188.94,188.94,188.94,188.94,64
2024-11-19T15:06:30+01:00,189.12,189.12,189.12,189.12,412
2024-11-19T15:07:00+01:00,189.14,189.14,189.14,189.14,5
2024-11-19T15:07:30+01:00,189.6,189.6,189.56,189.56,440
2024-11-19T15:08:00+01:00,189.52,189.52,189.52,189.52,399
2024-11-19T15:10:00+01:00,189.56,189.56,189.56,189.56,303
2024-11-19T15:13:00+01:00,189.4,189.4,189.4,189.4,11
2024-11-19T15:14:00+01:00,189.3,189.32,189.28,189.28,311
2024-11-19T15:15:00+01:00,189.14,189.14,189.14,189.14,103
2024-11-19T15:17:30+01:00,189.14,189.14,189.14,189.14,200
2024-11-19T15:24:00+01:00,189.1,189.1,189.1,189.1,6
2024-11-19T15:25:00+01:00,188.92,188.92,188.78,188.78,115
2024-11-19T15:27:30+01:00,188.28,188.28,188.28,188.28,81
2024-11-19T15:28:00+01:00,188.1,188.22,188.02,188.22,719
2024-11-19T15:28:30+01:00,188.22,188.22,188.22,188.22,10
2024-11-19T15:29:00+01:00,188.34,188.38,188.34,188.38,13
2024-11-19T15:30:00+01:00,188,188.62,187.94,188.58,1323
2024-11-19T15:30:30+01:00,188.12,188.22,188.12,188.22,72
2024-11-19T15:31:30+01:00,189.02,189.02,189.02,189.02,309
2024-11-19T15:32:00+01:00,189.08,189.08,189.08,189.08,10
2024-11-19T15:33:30+01:00,189.42,189.58,189.42,189.52,981
2024-11-19T15:34:00+01:00,189.46,189.52,189.46,189.52,131
2024-11-19T15:35:00+01:00,189.52,189.52,189.38,189.38,399
2024-11-19T15:35:30+01:00,189.5,189.5,189.5,189.5,181
2024-11-19T15:36:30+01:00,189.7,189.86,189.66,189.86,670
2024-11-19T15:37:00+01:00,189.68,189.68,189.68,189.68,300
2024-11-19T15:37:30+01:00,189.52,189.64,189.52,189.64,381
2024-11-19T15:38:00+01:00,189.68,189.68,189.68,189.68,81
2024-11-19T15:38:30+01:00,189.5,189.5,189.5,189.5,200
2024-11-19T15:39:00+01:00,189.42,189.56,189.4,189.56,660
2024-11-19T15:39:30+01:00,189.56,189.56,189.56,189.56,23
2024-11-19T15:40:00+01:00,189.32,189.32,189.32,189.32,200
2024-11-19T15:40:30+01:00,189.34,189.34,189.34,189.34,146
2024-11-19T15:42:00+01:00,189.7,189.7,189.7,189.7,50
2024-11-19T15:42:30+01:00,189.68,189.68,189.48,189.48,132
2024-11-19T15:43:30+01:00,189.72,189.82,189.72,189.82,281
2024-11-19T15:44:00+01:00,189.62,189.76,189.62,189.76,425
2024-11-19T15:44:30+01:00,189.76,189.76,189.76,189.76,20
2024-11-19T15:45:00+01:00,189.66,189.66,189.66,189.66,4
2024-11-19T15:46:30+01:00,189.48,189.48,189.28,189.28,88
2024-11-19T15:48:00+01:00,189.5,189.64,189.5,189.64,421
2024-11-19T15:48:30+01:00,189.86,189.86,189.86,189.86,200
2024-11-19T15:49:00+01:00,190.02,190.02,190.02,190.02,10
2024-11-19T15:49:30+01:00,190.14,190.14,190.12,190.12,188
2024-11-19T15:51:00+01:00,189.7,189.7,189.7,189.7,10
2024-11-19T15:53:00+01:00,190.32,190.32,190.32,190.32,300
2024-11-19T15:53:30+01:00,190.28,190.28,190.28,190.28,5
2024-11-19T15:54:30+01:00,190.38,190.38,190.2,190.2,327
2024-11-19T15:55:00+01:00,190.18,190.18,190.12,190.12,735
2024-11-19T15:58:00+01:00,190.34,190.34,190.34,190.34,81
2024-11-19T16:00:00+01:00,190.34,190.34,190.34,190.34,9
2024-11-19T16:01:00+01:00,189.98,190.18,189.98,190.18,152
2024-11-19T16:02:00+01:00,189.9,189.9,189.9,189.9,102
2024-11-19T16:04:00+01:00,189.86,189.94,189.86,189.94,462
2024-11-19T16:06:00+01:00,189.94,189.94,189.94,189.94,263
2024-11-19T16:08:00+01:00,190.02,190.02,190,190,325
2024-11-19T16:09:00+01:00,189.7,189.7,189.7,189.7,154
2024-11-19T16:10:00+01:00,189.74,189.74,189.74,189.74,1
2024-11-19T16:12:30+01:00,189.86,189.94,189.86,189.94,400
2024-11-19T16:14:30+01:00,189.92,189.92,189.92,189.92,300
2024-11-19T16:15:30+01:00,189.8,189.86,189.8,189.86,161
2024-11-19T16:16:00+01:00,189.96,189.96,189.96,189.96,341
2024-11-19T16:17:00+01:00,190,190,190,190,63
2024-11-19T16:19:00+01:00,190.14,190.14,190.14,190.14,124
2024-11-19T16:19:30+01:00,190.16,190.18,190.16,190.16,243
2024-11-19T16:22:00+01:00,190.06,190.06,190.06,190.06,81
2024-11-19T16:22:30+01:00,190.02,190.02,190.02,190.02,5
2024-11-19T16:23:00+01:00,190.08,190.08,190.08,190.08,100
2024-11-19T16:24:00+01:00,190.06,190.06,190.06,190.06,80
2024-11-19T16:28:30+01:00,190.38,190.38,190.38,190.38,100
2024-11-19T16:29:30+01:00,190.6,190.6,190.6,190.6,48
2024-11-19T16:30:00+01:00,190.44,190.44,190.44,190.44,104
2024-11-19T16:33:00+01:00,190.7,190.7,190.7,190.7,11
2024-11-19T16:38:00+01:00,190.9,190.9,190.9,190.9,4
2024-11-19T16:38:30+01:00,190.8,190.8,190.8,190.8,199
2024-11-19T16:39:00+01:00,190.64,190.64,190.64,190.64,13
2024-11-19T16:40:30+01:00,190.54,190.54,190.54,190.54,117
2024-11-19T16:41:00+01:00,190.62,190.62,190.62,190.62,253
2024-11-19T16:41:30+01:00,190.6,190.6,190.6,190.6,81
2024-11-19T16:42:00+01:00,190.66,190.66,190.66,190.66,81
2024-11-19T16:44:00+01:00,190.62,190.62,190.62,190.62,36
2024-11-19T16:46:30+01:00,190.82,190.82,190.82,190.82,300
2024-11-19T16:50:00+01:00,190.88,190.88,190.88,190.88,130
2024-11-19T16:50:30+01:00,190.9,190.9,190.9,190.9,77
2024-11-19T16:53:00+01:00,191.36,191.36,191.36,191.36,200
2024-11-19T16:53:30+01:00,191.16,191.16,191.16,191.16,112
2024-11-19T16:58:30+01:00,191.24,191.24,191.24,191.24,143
2024-11-19T16:59:00+01:00,191.32,191.32,191.32,191.32,8
2024-11-19T16:59:30+01:00,191.18,191.18,191.18,191.18,99
2024-11-19T17:04:30+01:00,191.58,191.58,191.58,191.58,296
2024-11-19T17:07:30+01:00,191.54,191.54,191.54,191.54,92
2024-11-19T17:08:00+01:00,191.48,191.48,191.48,191.48,1
2024-11-19T17:11:00+01:00,191.6,191.6,191.6,191.6,100
2024-11-19T17:12:00+01:00,191.6,191.6,191.6,191.6,157
2024-11-19T17:14:00+01:00,191.84,191.84,191.84,191.84,30
2024-11-19T17:15:00+01:00,191.82,191.82,191.82,191.82,27
2024-11-19T17:17:30+01:00,192,192,192,192,25
2024-11-19T17:19:30+01:00,192.1,192.1,192.02,192.02,26
2024-11-19T17:20:00+01:00,191.9,191.9,191.9,191.9,316
2024-11-19T17:22:00+01:00,192.02,192.02,191.94,191.98,303
2024-11-19T17:23:00+01:00,192.12,192.12,192.12,192.12,95
2024-11-19T17:24:00+01:00,192.2,192.2,192.2,192.2,20
2024-11-19T17:25:00+01:00,192.34,192.34,192.34,192.34,28
2024-11-19T17:26:00+01:00,192.36,192.36,192.36,192.36,29
2024-11-19T17:26:30+01:00,192.4,192.42,192.4,192.42,325
2024-11-19T17:28:00+01:00,192.54,192.64,192.54,192.56,153
2024-11-20T09:04:00+01:00,194,194,194,194,1363
2024-11-20T09:05:00+01:00,194,194,194,194,14
2024-11-20T09:10:00+01:00,194.08,194.08,194.08,194.08,60
2024-11-20T09:12:00+01:00,194.18,194.18,194.18,194.18,15
2024-11-20T09:17:30+01:00,194.02,194.02,194.02,194.02,240
2024-11-20T09:20:00+01:00,193.92,193.92,193.92,193.92,105
2024-11-20T09:21:00+01:00,194.02,194.02,194.02,194.02,974
2024-11-20T09:23:00+01:00,194.16,194.16,194.16,194.16,5
2024-11-20T09:23:30+01:00,194.14,194.2,194.14,194.2,2395
2024-11-20T09:30:30+01:00,194.06,194.1,194.06,194.1,361
2024-11-20T09:32:30+01:00,194.18,194.18,194.18,194.18,100
2024-11-20T09:33:00+01:00,194.18,194.18,194.18,194.18,10
2024-11-20T09:34:00+01:00,194.06,194.06,194.06,194.06,9
2024-11-20T09:35:00+01:00,194,194,194,194,8
2024-11-20T09:37:30+01:00,194.14,194.14,194.14,194.14,21
2024-11-20T09:38:00+01:00,193.98,193.98,193.92,193.92,125
2024-11-20T09:43:30+01:00,194.08,194.18,194.08,194.18,224
2024-11-20T09:45:00+01:00,194.18,194.18,194.18,194.18,1
2024-11-20T09:45:30+01:00,194.1,194.1,194.1,194.1,21
2024-11-20T09:46:00+01:00,194.1,194.1,194.1,194.1,26
2024-11-20T09:51:30+01:00,194.1,194.1,194.1,194.1,16
2024-11-20T09:52:00+01:00,194.18,194.18,194.18,194.18,44
2024-11-20T09:53:00+01:00,194.18,194.18,194.18,194.18,58
2024-11-20T09:53:30+01:00,194.18,194.3,194.18,194.28,150
2024-11-20T09:56:00+01:00,194.22,194.22,194.22,194.22,50
2024-11-20T09:57:30+01:00,194.14,194.16,194.1,194.16,232
2024-11-20T10:00:00+01:00,194.06,194.06,194.04,194.04,184
2024-11-20T10:02:00+01:00,194,194,194,194,3
2024-11-20T10:04:30+01:00,193.88,193.88,193.86,193.86,197
2024-11-20T10:05:00+01:00,193.8,193.8,193.74,193.74,290
2024-11-20T10:06:00+01:00,193.52,193.52,193.52,193.52,4
2024-11-20T10:08:00+01:00,193.74,193.74,193.74,193.74,72
2024-11-20T10:10:00+01:00,193.72,193.72,193.62,193.62,60
2024-11-20T10:11:00+01:00,193.54,193.6,193.5,193.6,5635
2024-11-20T10:11:30+01:00,193.66,193.7,193.6,193.6,487
2024-11-20T10:13:30+01:00,193.76,193.76,193.54,193.66,280
2024-11-20T10:16:00+01:00,193.98,193.98,193.98,193.98,20
2024-11-20T10:27:30+01:00,194.14,194.14,194.14,194.14,13
2024-11-20T10:32:30+01:00,194,194,194,194,5
2024-11-20T10:36:30+01:00,194,194,194,194,10
2024-11-20T10:40:00+01:00,193.92,193.92,193.92,193.92,30
2024-11-20T10:45:30+01:00,193.82,193.82,193.82,193.82,74
2024-11-20T10:52:30+01:00,193.88,193.88,193.88,193.88,25
2024-11-20T10:53:30+01:00,193.8,193.8,193.8,193.8,102
2024-11-20T10:55:00+01:00,193.7,193.7,193.7,193.7,182
2024-11-20T10:56:30+01:00,193.8,193.8,193.8,193.8,11
2024-11-20T10:58:30+01:00,193.7,193.7,193.7,193.7,25
2024-11-20T11:04:30+01:00,193.6,193.6,193.6,193.6,202
2024-11-20T11:05:00+01:00,193.6,193.6,193.6,193.6,185
2024-11-20T11:15:00+01:00,193.76,193.76,193.76,193.76,5
2024-11-20T11:17:00+01:00,193.82,193.82,193.82,193.82,30
2024-11-20T11:18:30+01:00,193.64,193.64,193.64,193.64,30
2024-11-20T11:30:00+01:00,193.86,193.86,193.86,193.86,16
2024-11-20T11:35:30+01:00,193.7,193.7,193.7,193.7,27
2024-11-20T11:40:30+01:00,193.88,193.9,193.88,193.9,26
2024-11-20T11:52:30+01:00,193.88,193.88,193.88,193.88,50
2024-11-20T11:53:00+01:00,193.7,193.7,193.7,193.7,30
2024-11-20T12:01:30+01:00,193.92,193.92,193.92,193.92,3
2024-11-20T12:03:30+01:00,193.8,193.8,193.8,193.8,4
2024-11-20T12:04:30+01:00,193.94,193.94,193.94,193.94,124
2024-11-20T12:12:00+01:00,193.94,193.94,193.94,193.94,592
2024-11-20T12:12:30+01:00,193.9,193.9,193.88,193.88,35
2024-11-20T12:13:30+01:00,193.96,193.96,193.96,193.96,26
2024-11-20T12:16:30+01:00,194.04,194.1,194.04,194.1,100
2024-11-20T12:17:00+01:00,194.1,194.1,194.1,194.1,400
2024-11-20T12:20:30+01:00,193.92,193.92,193.92,193.92,5
2024-11-20T12:25:00+01:00,194,194,194,194,16
2024-11-20T12:29:00+01:00,193.98,193.98,193.98,193.98,26
2024-11-20T12:29:30+01:00,193.96,193.98,193.96,193.98,95
2024-11-20T12:30:00+01:00,193.88,193.88,193.5,193.64,1124
2024-11-20T12:30:30+01:00,193.32,193.34,193.32,193.34,119
2024-11-20T12:31:00+01:00,193.14,193.14,192.92,192.92,168
2024-11-20T12:33:30+01:00,193.22,193.24,193.16,193.24,378
2024-11-20T12:34:30+01:00,193.48,193.48,193.48,193.48,112
2024-11-20T12:36:00+01:00,193.16,193.18,193.16,193.18,600
2024-11-20T12:41:00+01:00,192.92,192.92,192.92,192.92,80
2024-11-20T12:41:30+01:00,192.92,192.92,192.92,192.92,335
2024-11-20T12:46:30+01:00,193.06,193.06,193.06,193.06,3
2024-11-20T12:53:00+01:00,193.18,193.18,193.18,193.18,125
2024-11-20T12:54:00+01:00,193.32,193.36,193.2,193.2,734
2024-11-20T12:54:30+01:00,193.2,193.2,193.2,193.2,1470
2024-11-20T12:57:30+01:00,193.2,193.2,193.2,193.2,715
2024-11-20T13:01:00+01:00,193.22,193.22,193.22,193.22,250
2024-11-20T13:01:30+01:00,193.26,193.26,193.26,193.26,5
2024-11-20T13:02:30+01:00,193.46,193.46,193.46,193.46,3
2024-11-20T13:03:30+01:00,193.46,193.46,193.46,193.46,40
2024-11-20T13:05:30+01:00,193.48,193.48,193.48,193.48,5
2024-11-20T13:09:00+01:00,193.34,193.34,193.34,193.34,10
2024-11-20T13:11:30+01:00,193.4,193.4,193.4,193.4,1
2024-11-20T13:20:30+01:00,193.32,193.32,193.32,193.32,80
2024-11-20T13:28:00+01:00,193,193,193,193,299
2024-11-20T13:32:30+01:00,193.24,193.24,193.24,193.24,399
2024-11-20T13:33:00+01:00,193.24,193.26,193.24,193.26,486
2024-11-20T13:35:00+01:00,193.14,193.14,193.14,193.14,5
2024-11-20T13:37:30+01:00,193,193,193,193,20
2024-11-20T13:41:30+01:00,193.22,193.22,193.22,193.22,20
2024-11-20T13:44:30+01:00,193.1,193.1,193.1,193.1,1
2024-11-20T13:50:30+01:00,193.46,193.46,193.46,193.46,50
2024-11-20T13:51:00+01:00,193.4,193.4,193.4,193.4,10
2024-11-20T13:51:30+01:00,193.42,193.42,193.42,193.42,20
2024-11-20T13:53:00+01:00,193.4,193.46,193.4,193.46,500
2024-11-20T13:57:00+01:00,193.6,193.66,193.6,193.66,170
2024-11-20T14:08:30+01:00,193.72,193.72,193.72,193.72,7
2024-11-20T14:10:00+01:00,193.76,193.84,193.76,193.84,6
2024-11-20T14:13:30+01:00,193.74,193.74,193.72,193.72,96
2024-11-20T14:15:00+01:00,193.72,193.72,193.72,193.72,1
2024-11-20T14:15:30+01:00,193.68,193.68,193.68,193.68,82
2024-11-20T14:22:30+01:00,193.9,193.9,193.9,193.9,30
2024-11-20T14:23:00+01:00,194.06,194.06,194.06,194.06,151
2024-11-20T14:24:30+01:00,194.1,194.1,194.1,194.1,19
2024-11-20T14:25:00+01:00,193.9,193.9,193.9,193.9,83
2024-11-20T14:27:00+01:00,193.82,193.82,193.82,193.82,1
2024-11-20T14:29:00+01:00,193.86,193.86,193.74,193.74,9
2024-11-20T14:32:30+01:00,193.58,193.58,193.48,193.48,181
2024-11-20T14:34:30+01:00,193.52,193.56,193.52,193.56,1779
2024-11-20T14:35:00+01:00,193.56,193.56,193.56,193.56,100
2024-11-20T14:38:00+01:00,193.56,193.56,193.56,193.56,711
2024-11-20T14:45:30+01:00,194.02,194.02,194.02,194.02,1
2024-11-20T14:47:30+01:00,194.02,194.02,194.02,194.02,23
2024-11-20T14:48:00+01:00,193.6,193.6,193.6,193.6,15
2024-11-20T14:50:00+01:00,193.24,193.24,193.02,193.02,611
2024-11-20T14:50:30+01:00,193,193.02,193,193.02,185
2024-11-20T14:51:30+01:00,193.18,193.18,193.18,193.18,83
2024-11-20T14:52:30+01:00,193.18,193.18,193.14,193.14,422
2024-11-20T14:53:00+01:00,193.04,193.1,193.04,193.1,381
2024-11-20T14:53:30+01:00,193.22,193.22,193.22,193.22,5
2024-11-20T14:54:30+01:00,193.12,193.12,193.12,193.12,45
2024-11-20T14:55:30+01:00,192.96,193,192.96,193,51
2024-11-20T14:56:00+01:00,192.98,192.98,192.98,192.98,299
2024-11-20T15:00:30+01:00,193.16,193.16,193.16,193.16,1
2024-11-20T15:04:30+01:00,192.96,192.96,192.96,192.96,35
2024-11-20T15:09:00+01:00,193.1,193.1,193.1,193.1,1
2024-11-20T15:11:30+01:00,193.16,193.16,193.16,193.16,6
2024-11-20T15:13:00+01:00,193.12,193.12,192.98,192.98,81
2024-11-20T15:13:30+01:00,193.24,193.26,193.24,193.26,200
2024-11-20T15:14:00+01:00,193.02,193.02,193.02,193.02,5
2024-11-20T15:20:00+01:00,193.12,193.12,193.04,193.04,540
2024-11-20T15:20:30+01:00,193.02,193.02,192.9,192.9,222
2024-11-20T15:21:00+01:00,193,193,193,193,1
2024-11-20T15:27:30+01:00,193.18,193.36,193.18,193.36,280
2024-11-20T15:28:00+01:00,192.8,192.9,192.8,192.9,281
2024-11-20T15:29:00+01:00,192.5,192.5,192.5,192.5,55
2024-11-20T15:30:00+01:00,192.5,192.5,192,192,1700
2024-11-20T15:30:30+01:00,192.04,192.08,192.04,192.08,223
2024-11-20T15:31:00+01:00,192.46,192.46,192.46,192.46,393
2024-11-20T15:32:00+01:00,191.8,191.8,191.6,191.6,1240
2024-11-20T15:33:30+01:00,191.7,191.7,191.7,191.7,200
2024-11-20T15:34:00+01:00,191.72,191.98,191.72,191.98,106
2024-11-20T15:36:00+01:00,191.78,191.84,191.76,191.82,500
2024-11-20T15:36:30+01:00,191.76,191.76,191.74,191.74,89
2024-11-20T15:37:30+01:00,191.86,191.86,191.86,191.86,1
2024-11-20T15:38:00+01:00,191.84,191.96,191.84,191.96,503
2024-11-20T15:38:30+01:00,192.04,192.04,192.02,192.02,500
2024-11-20T15:39:00+01:00,191.68,191.68,191.68,191.68,298
2024-11-20T15:39:30+01:00,191.78,191.78,191.78,191.78,39
2024-11-20T15:40:00+01:00,191.8,191.8,191.8,191.8,6
2024-11-20T15:41:00+01:00,191.68,191.68,191.68,191.68,300
2024-11-20T15:41:30+01:00,191.52,191.52,191.52,191.52,300
2024-11-20T15:42:00+01:00,191.52,191.52,191.52,191.52,1
2024-11-20T15:43:00+01:00,191.64,191.64,191.64,191.64,1
2024-11-20T15:43:30+01:00,191.52,191.52,191.52,191.52,300
2024-11-20T15:46:00+01:00,191.34,191.34,191.34,191.34,1
2024-11-20T15:47:00+01:00,191.42,191.42,191.42,191.42,200
2024-11-20T15:47:30+01:00,191.52,191.52,191.52,191.52,300
2024-11-20T15:48:30+01:00,191.28,191.28,191.28,191.28,15
2024-11-20T15:50:00+01:00,191.44,191.44,191.44,191.44,20
2024-11-20T15:50:30+01:00,191.32,191.32,191.32,191.32,200
2024-11-20T15:51:00+01:00,191.5,191.5,191.5,191.5,1
2024-11-20T15:52:00+01:00,191.5,191.5,191.5,191.5,208
2024-11-20T15:53:00+01:00,191.34,191.34,191.34,191.34,6
2024-11-20T15:53:30+01:00,191.3,191.3,191.3,191.3,80
2024-11-20T15:55:00+01:00,191.44,191.44,191.44,191.44,1
2024-11-20T15:56:00+01:00,191.42,191.42,191.42,191.42,18
2024-11-20T15:56:30+01:00,191.52,191.52,191.52,191.52,1
2024-11-20T15:58:30+01:00,191,191,191,191,1001
2024-11-20T15:59:30+01:00,190.92,190.92,190.92,190.92,30
2024-11-20T16:00:30+01:00,190.94,190.94,190.94,190.94,300
2024-11-20T16:01:00+01:00,190.98,191,190.98,191,200
2024-11-20T16:01:30+01:00,190.92,190.94,190.92,190.94,301
2024-11-20T16:03:30+01:00,190.82,190.82,190.82,190.82,13
2024-11-20T16:05:00+01:00,190.9,190.9,190.9,190.9,20
2024-11-20T16:08:00+01:00,190.28,190.28,190.28,190.28,1
2024-11-20T16:08:30+01:00,190.26,190.26,190.22,190.22,204
2024-11-20T16:09:00+01:00,190,190,189.78,189.78,237
2024-11-20T16:09:30+01:00,190.04,190.04,190.02,190.02,88
2024-11-20T16:10:30+01:00,189.62,189.78,189.56,189.74,553
2024-11-20T16:11:00+01:00,189.72,189.72,189.72,189.72,200
2024-11-20T16:12:00+01:00,189.58,189.58,189.58,189.58,88
2024-11-20T16:13:30+01:00,189.5,189.5,189.5,189.5,20
2024-11-20T16:14:30+01:00,189.78,189.78,189.78,189.78,50
2024-11-20T16:15:00+01:00,189.88,189.88,189.88,189.88,150
2024-11-20T16:15:30+01:00,189.94,189.94,189.9,189.9,118
2024-11-20T16:16:00+01:00,189.86,189.86,189.86,189.86,34
2024-11-20T16:18:30+01:00,190.18,190.18,190.14,190.14,444
2024-11-20T16:19:00+01:00,190.18,190.18,190.18,190.18,300
2024-11-20T16:22:00+01:00,190.2,190.2,190.2,190.2,1
2024-11-20T16:23:00+01:00,190.34,190.34,190.34,190.34,1
2024-11-20T16:24:00+01:00,190.26,190.26,190.26,190.26,340
2024-11-20T16:24:30+01:00,190.44,190.46,190.44,190.46,116
2024-11-20T16:25:00+01:00,190.38,190.4,190.38,190.4,380
2024-11-20T16:25:30+01:00,190.44,190.44,190.44,190.44,145
2024-11-20T16:28:30+01:00,190.52,190.52,190.52,190.52,6
2024-11-20T16:30:00+01:00,190.42,190.42,190.42,190.42,121
2024-11-20T16:32:00+01:00,190.42,190.42,190.42,190.42,67
2024-11-20T16:32:30+01:00,190.48,190.48,190.48,190.48,208
2024-11-20T16:35:00+01:00,190.62,190.62,190.62,190.62,7
2024-11-20T16:36:00+01:00,190.7,190.7,190.7,190.7,8
2024-11-20T16:38:30+01:00,190.88,190.88,190.88,190.88,20
2024-11-20T16:39:30+01:00,191.1,191.1,191.1,191.1,30
2024-11-20T16:40:30+01:00,190.84,190.84,190.84,190.84,2
2024-11-20T16:42:30+01:00,190.7,190.7,190.7,190.7,12
2024-11-20T16:43:00+01:00,190.6,190.6,190.6,190.6,23
2024-11-20T16:43:30+01:00,190.58,190.72,190.58,190.72,819
2024-11-20T16:44:00+01:00,190.74,190.78,190.72,190.72,2384
2024-11-20T16:45:00+01:00,190.88,190.88,190.88,190.88,152
2024-11-20T16:45:30+01:00,190.98,190.98,190.98,190.98,34
2024-11-20T16:47:00+01:00,191.26,191.26,191.26,191.26,53
2024-11-20T16:49:00+01:00,191.34,191.42,191.34,191.42,380
2024-11-20T16:50:00+01:00,191.36,191.36,191.36,191.36,300
2024-11-20T16:56:30+01:00,191.2,191.2,191.2,191.2,82
2024-11-20T16:59:30+01:00,191.24,191.26,191.24,191.26,12
2024-11-20T17:03:00+01:00,191.22,191.22,191.22,191.22,376
2024-11-20T17:03:30+01:00,191.1,191.1,191.08,191.08,115
2024-11-20T17:05:30+01:00,191.24,191.24,191.24,191.24,11
2024-11-20T17:06:30+01:00,191.22,191.22,191.22,191.22,30
2024-11-20T17:07:00+01:00,191.28,191.28,191.28,191.28,3
2024-11-20T17:10:00+01:00,191.3,191.3,191.3,191.3,20
2024-11-20T17:11:00+01:00,191.24,191.24,191.24,191.24,250
2024-11-20T17:11:30+01:00,191.02,191.02,191.02,191.02,207
2024-11-20T17:13:00+01:00,191.14,191.22,191.14,191.2,598
2024-11-20T17:13:30+01:00,191.14,191.14,191.14,191.14,250
2024-11-20T17:14:30+01:00,191.16,191.16,191.16,191.16,210
2024-11-20T17:16:30+01:00,191.2,191.2,191.18,191.18,451
2024-11-20T17:21:00+01:00,191.38,191.38,191.36,191.36,62
2024-11-20T17:23:00+01:00,191.4,191.4,191.4,191.4,106
2024-11-20T17:23:30+01:00,191.34,191.34,191.34,191.34,20
2024-11-20T17:24:30+01:00,191.42,191.42,191.42,191.42,5
2024-11-20T17:27:30+01:00,191.14,191.14,191.14,191.14,10
2024-11-20T17:28:30+01:00,191.16,191.16,191.16,191.16,104
2024-11-21T09:04:00+01:00,192.08,192.1,192.08,192.1,684
2024-11-21T09:05:30+01:00,192.42,192.42,192.42,192.42,209
2024-11-21T09:06:00+01:00,192.56,192.56,192.22,192.22,48
2024-11-21T09:08:30+01:00,192.44,192.44,192.44,192.44,14
2024-11-21T09:10:00+01:00,192.34,192.34,192.22,192.22,208
2024-11-21T09:10:30+01:00,192.26,192.28,192.26,192.28,209
2024-11-21T09:15:30+01:00,192.34,192.34,192.34,192.34,30
2024-11-21T09:16:00+01:00,192.5,192.5,192.5,192.5,129
2024-11-21T09:18:30+01:00,192.32,192.32,192.32,192.32,79
2024-11-21T09:19:00+01:00,192.48,192.5,192.48,192.48,26
2024-11-21T09:20:00+01:00,192.5,192.5,192.5,192.5,10
2024-11-21T09:21:00+01:00,192.6,192.6,192.52,192.6,702
2024-11-21T09:21:30+01:00,192.78,192.78,192.78,192.78,15
2024-11-21T09:22:30+01:00,192.62,192.62,192.62,192.62,2
2024-11-21T09:23:00+01:00,192.44,192.44,192.44,192.44,9
2024-11-21T09:24:00+01:00,192.58,192.58,192.58,192.58,5
2024-11-21T09:24:30+01:00,192.56,192.56,192.52,192.52,117
2024-11-21T09:27:00+01:00,192.42,192.42,192.42,192.42,15
2024-11-21T09:40:00+01:00,192.34,192.34,192.32,192.32,118
2024-11-21T09:41:00+01:00,192.42,192.42,192.42,192.42,183
2024-11-21T09:42:00+01:00,192.5,192.56,192.5,192.56,100
2024-11-21T09:43:00+01:00,192.46,192.46,192.46,192.46,65
2024-11-21T09:43:30+01:00,192.36,192.36,192.36,192.36,10
2024-11-21T09:45:30+01:00,192.54,192.62,192.54,192.62,180
2024-11-21T09:49:30+01:00,192.52,192.52,192.52,192.52,20
2024-11-21T09:52:00+01:00,192.5,192.5,192.46,192.46,193
2024-11-21T09:57:00+01:00,192.4,192.4,192.4,192.4,125
2024-11-21T10:00:00+01:00,192.3,192.3,192.3,192.3,1
2024-11-21T10:10:00+01:00,192.12,192.12,192.12,192.12,24
2024-11-21T10:10:30+01:00,192.12,192.12,192.06,192.06,781
2024-11-21T10:11:30+01:00,192.02,192.04,192,192.04,84
2024-11-21T10:16:00+01:00,192.26,192.26,192.26,192.26,98
2024-11-21T10:24:00+01:00,192.38,192.4,192.38,192.4,119
2024-11-21T10:25:00+01:00,192.24,192.24,192.24,192.24,58
2024-11-21T10:26:00+01:00,192.18,192.18,192.18,192.18,16
2024-11-21T10:28:00+01:00,192.16,192.16,192.14,192.14,79
2024-11-21T10:45:30+01:00,192.74,192.8,192.74,192.8,581
2024-11-21T10:46:00+01:00,192.7,192.7,192.7,192.7,90
2024-11-21T10:52:00+01:00,192.7,192.7,192.64,192.64,380
2024-11-21T11:00:00+01:00,192.88,192.9,192.88,192.9,684
2024-11-21T11:00:30+01:00,193,193,193,193,239
2024-11-21T11:01:00+01:00,192.96,192.96,192.96,192.96,302
2024-11-21T11:02:00+01:00,192.82,192.82,192.82,192.82,21
2024-11-21T11:04:00+01:00,192.98,192.98,192.98,192.98,3
2024-11-21T11:06:30+01:00,193.14,193.14,193.14,193.14,33
2024-11-21T11:07:00+01:00,193.14,193.16,193.14,193.16,21
2024-11-21T11:11:30+01:00,193.28,193.28,193.28,193.28,500
2024-11-21T11:17:30+01:00,193.3,193.3,193.3,193.3,13
2024-11-21T11:18:00+01:00,193.38,193.4,193.38,193.4,30
2024-11-21T11:18:30+01:00,193.32,193.34,193.16,193.16,223
2024-11-21T11:21:00+01:00,193.12,193.12,193.08,193.08,158
2024-11-21T11:22:00+01:00,193.22,193.22,193.14,193.14,104
2024-11-21T11:23:30+01:00,193.12,193.12,193.12,193.12,25
2024-11-21T11:26:00+01:00,192.98,192.98,192.98,192.98,8
2024-11-21T11:30:30+01:00,192.98,192.98,192.94,192.94,110
2024-11-21T11:40:00+01:00,192.8,192.8,192.8,192.8,30
2024-11-21T11:40:30+01:00,192.94,192.94,192.94,192.94,12
2024-11-21T11:41:30+01:00,192.8,192.8,192.8,192.8,5
2024-11-21T11:46:00+01:00,192.94,192.94,192.94,192.94,12
2024-11-21T11:50:30+01:00,192.96,192.96,192.96,192.96,110
2024-11-21T11:51:00+01:00,193.02,193.02,193.02,193.02,1
2024-11-21T11:54:00+01:00,192.92,192.92,192.92,192.92,100
2024-11-21T11:55:30+01:00,192.94,193.08,192.94,193.08,2
2024-11-21T12:00:00+01:00,193.02,193.02,192.94,192.94,95
2024-11-21T12:01:00+01:00,193.06,193.06,193.06,193.06,1
2024-11-21T12:07:30+01:00,193.12,193.12,193.12,193.12,42
2024-11-21T12:08:00+01:00,193.22,193.22,193.22,193.22,10
2024-11-21T12:09:30+01:00,193.26,193.26,193.26,193.26,32
2024-11-21T12:11:00+01:00,193.24,193.24,193.24,193.24,2
2024-11-21T12:20:30+01:00,193.12,193.12,193.12,193.12,16
2024-11-21T12:22:30+01:00,193.14,193.14,193.08,193.08,97
2024-11-21T12:31:30+01:00,192.88,192.88,192.86,192.86,148
2024-11-21T12:35:00+01:00,193.06,193.06,193.06,193.06,80
2024-11-21T12:35:30+01:00,193.14,193.14,193.14,193.14,50
2024-11-21T12:40:30+01:00,193.1,193.1,193.1,193.1,57
2024-11-21T12:41:00+01:00,193.02,193.02,193.02,193.02,50
2024-11-21T12:47:30+01:00,193.04,193.04,192.94,192.94,422
2024-11-21T12:52:30+01:00,192.88,192.88,192.88,192.88,1
2024-11-21T12:53:00+01:00,192.94,192.94,192.94,192.94,3
2024-11-21T13:01:00+01:00,192.96,192.96,192.96,192.96,107
2024-11-21T13:01:30+01:00,193.08,193.12,193.08,193.12,94
2024-11-21T13:02:30+01:00,193.12,193.12,193.12,193.12,5
2024-11-21T13:06:30+01:00,193.2,193.2,193.2,193.2,3
2024-11-21T13:09:00+01:00,193.2,193.2,193.2,193.2,103
2024-11-21T13:13:00+01:00,193.18,193.18,193.16,193.16,129
2024-11-21T13:19:00+01:00,193.4,193.4,193.4,193.4,1000
2024-11-21T13:19:30+01:00,193.5,193.5,193.5,193.5,2
2024-11-21T13:20:00+01:00,193.46,193.46,193.46,193.46,461
2024-11-21T13:21:00+01:00,193.58,193.58,193.58,193.58,51
2024-11-21T13:24:00+01:00,193.52,193.52,193.52,193.52,1
2024-11-21T13:28:30+01:00,193.72,193.92,193.72,193.92,303
2024-11-21T13:30:00+01:00,193.76,193.76,193.76,193.76,30
2024-11-21T13:31:30+01:00,193.78,193.78,193.78,193.78,12
2024-11-21T13:33:00+01:00,193.88,193.88,193.88,193.88,15
2024-11-21T13:36:00+01:00,193.68,193.68,193.68,193.68,103
2024-11-21T13:36:30+01:00,193.56,193.58,193.52,193.52,959
2024-11-21T13:43:00+01:00,193.44,193.44,193.44,193.44,215
2024-11-21T13:44:00+01:00,193.44,193.44,193.36,193.36,295
2024-11-21T13:47:30+01:00,193.48,193.48,193.4,193.46,818
2024-11-21T13:48:00+01:00,193.48,193.48,193.46,193.48,228
2024-11-21T13:50:00+01:00,193.52,193.52,193.52,193.52,301
2024-11-21T13:52:00+01:00,193.38,193.38,193.36,193.38,611
2024-11-21T13:54:30+01:00,193.5,193.54,193.5,193.54,235
2024-11-21T13:56:30+01:00,193.64,193.64,193.64,193.64,20
2024-11-21T14:04:30+01:00,193.74,193.74,193.74,193.74,1
2024-11-21T14:11:00+01:00,193.74,193.74,193.74,193.74,97
2024-11-21T14:12:30+01:00,193.74,193.74,193.74,193.74,4
2024-11-21T14:16:00+01:00,193.86,193.88,193.86,193.88,625
2024-11-21T14:18:00+01:00,194,194,194,194,396
2024-11-21T14:23:30+01:00,194.18,194.18,194.18,194.18,15
2024-11-21T14:24:30+01:00,194,194,194,194,2
2024-11-21T14:28:00+01:00,194.02,194.02,194,194,43
2024-11-21T14:31:00+01:00,194.14,194.14,194.14,194.14,40
2024-11-21T14:32:00+01:00,194.4,194.4,194.4,194.4,1820
2024-11-21T14:32:30+01:00,194.4,194.4,194.4,194.4,181
2024-11-21T14:34:30+01:00,194.3,194.3,194.28,194.3,16
2024-11-21T14:37:00+01:00,194.7,194.8,194.68,194.8,95
2024-11-21T14:40:00+01:00,194.82,194.82,194.82,194.82,1
2024-11-21T14:40:30+01:00,194.84,194.84,194.84,194.84,10
2024-11-21T14:42:30+01:00,194.7,194.7,194.7,194.7,42
2024-11-21T14:43:30+01:00,194.7,194.7,194.7,194.7,80
2024-11-21T14:44:30+01:00,194.68,194.68,194.68,194.68,22
2024-11-21T14:46:00+01:00,194.64,194.66,194.64,194.66,200
2024-11-21T14:46:30+01:00,194.46,194.46,194.46,194.46,124
2024-11-21T14:47:00+01:00,194.3,194.3,194.3,194.3,6
2024-11-21T14:52:30+01:00,194.44,194.44,194.36,194.36,512
2024-11-21T14:53:30+01:00,194.14,194.14,194.12,194.12,7
2024-11-21T14:57:00+01:00,194.14,194.14,194.14,194.14,2
2024-11-21T15:01:00+01:00,194.16,194.16,194.16,194.16,47
2024-11-21T15:02:30+01:00,194.16,194.16,194.16,194.16,20
2024-11-21T15:03:30+01:00,194.06,194.06,194.06,194.06,3
2024-11-21T15:06:30+01:00,194.24,194.26,194.24,194.26,257
2024-11-21T15:12:30+01:00,194.32,194.32,194.32,194.32,2
2024-11-21T15:13:00+01:00,194.3,194.3,194.3,194.3,1
2024-11-21T15:15:00+01:00,194.26,194.26,194.24,194.24,200
2024-11-21T15:17:30+01:00,194.28,194.28,194.28,194.28,1
2024-11-21T15:20:30+01:00,194.18,194.18,194.18,194.18,50
2024-11-21T15:21:30+01:00,194.22,194.22,194.2,194.2,314
2024-11-21T15:25:00+01:00,194.16,194.16,193.56,193.9,699
2024-11-21T15:27:30+01:00,193.2,193.48,193.12,193.48,398
2024-11-21T15:28:00+01:00,193,193.04,192.86,193.04,125
2024-11-21T15:28:30+01:00,193,193.02,193,193,700
2024-11-21T15:29:00+01:00,193.04,193.04,193.04,193.04,1
2024-11-21T15:29:30+01:00,192.78,192.78,192.78,192.78,20
2024-11-21T15:30:00+01:00,193.08,193.08,192.26,192.26,4334
2024-11-21T15:30:30+01:00,192.08,192.1,191.66,191.66,2078
2024-11-21T15:31:00+01:00,191.64,191.64,191.58,191.58,1980
2024-11-21T15:31:30+01:00,191.36,191.4,191.36,191.4,490
2024-11-21T15:32:30+01:00,191.3,191.38,190.76,190.8,1357
2024-11-21T15:33:30+01:00,190.84,190.84,190.84,190.84,100
2024-11-21T15:34:30+01:00,190.5,190.78,190.5,190.68,449
2024-11-21T15:35:00+01:00,191.12,191.12,190.58,190.62,893
2024-11-21T15:35:30+01:00,191.02,191.02,190.84,190.84,680
2024-11-21T15:36:30+01:00,190.72,190.72,190.72,190.72,250
2024-11-21T15:38:30+01:00,190.86,190.86,190.86,190.86,80
2024-11-21T15:39:30+01:00,191.02,191.02,191.02,191.02,398
2024-11-21T15:40:00+01:00,191.14,191.14,191.14,191.14,300
2024-11-21T15:40:30+01:00,191.66,191.66,191.66,191.66,20
2024-11-21T15:41:00+01:00,191.42,191.42,190.9,190.9,551
2024-11-21T15:42:00+01:00,190.6,190.6,190.6,190.6,80
2024-11-21T15:43:30+01:00,190.88,190.88,190.88,190.88,8
2024-11-21T15:44:00+01:00,190.54,190.54,190.54,190.54,300
2024-11-21T15:44:30+01:00,190.4,190.4,190.4,190.4,3
2024-11-21T15:47:00+01:00,190.56,190.56,190.56,190.56,300
2024-11-21T15:47:30+01:00,190.54,190.54,190.54,190.54,19
2024-11-21T15:48:00+01:00,190.7,190.7,190.7,190.7,2
2024-11-21T15:48:30+01:00,190.78,190.78,190.78,190.78,24
2024-11-21T15:49:30+01:00,191.44,191.44,191.2,191.2,244
2024-11-21T15:50:00+01:00,190.9,190.9,190.7,190.7,1265
2024-11-21T15:50:30+01:00,190.62,190.62,190.62,190.62,22
2024-11-21T15:51:00+01:00,190.98,191.14,190.98,191.14,600
2024-11-21T15:52:00+01:00,191,191,191,191,208
2024-11-21T15:52:30+01:00,190.98,190.98,190.98,190.98,5
2024-11-21T15:55:00+01:00,190.72,190.72,190.66,190.66,509
2024-11-21T15:56:00+01:00,190.48,190.48,190.48,190.48,89
2024-11-21T15:56:30+01:00,190.5,190.5,190.5,190.5,47
2024-11-21T15:59:00+01:00,190.22,190.22,190.18,190.18,89
2024-11-21T16:00:00+01:00,190.08,190.26,190,190.26,1700
2024-11-21T16:00:30+01:00,190.22,190.22,189.92,189.94,267
2024-11-21T16:01:00+01:00,190,190,190,190,9
2024-11-21T16:01:30+01:00,189.84,189.84,189.84,189.84,3
2024-11-21T16:02:00+01:00,189.76,189.76,189.76,189.76,52
2024-11-21T16:04:30+01:00,189.78,189.78,189.78,189.78,90
2024-11-21T16:05:00+01:00,190.06,190.06,190.06,190.06,1
2024-11-21T16:05:30+01:00,190.08,190.08,190.02,190.04,410
2024-11-21T16:06:30+01:00,190.1,190.1,190.06,190.06,498
2024-11-21T16:07:00+01:00,190.08,190.08,189.96,189.96,12
2024-11-21T16:07:30+01:00,189.98,189.98,189.98,189.98,88
2024-11-21T16:08:00+01:00,190.02,190.1,190.02,190.1,75
2024-11-21T16:08:30+01:00,190.18,190.18,190.12,190.12,277
2024-11-21T16:09:00+01:00,190.1,190.12,190.1,190.12,124
2024-11-21T16:09:30+01:00,190.2,190.2,190.2,190.2,200
2024-11-21T16:12:00+01:00,190.42,190.42,190.42,190.42,150
2024-11-21T16:14:30+01:00,191,191.06,190.98,191.06,311
2024-11-21T16:15:00+01:00,191.02,191.02,191.02,191.02,90
2024-11-21T16:15:30+01:00,191.22,191.22,191.22,191.22,80
2024-11-21T16:16:00+01:00,191.12,191.12,191.12,191.12,28
2024-11-21T16:16:30+01:00,191.08,191.08,190.88,190.88,258
2024-11-21T16:17:30+01:00,190.5,190.5,190.4,190.4,198
2024-11-21T16:22:30+01:00,190.12,190.12,189.98,189.98,162
2024-11-21T16:23:00+01:00,189.7,189.7,189.6,189.6,1287
2024-11-21T16:23:30+01:00,189.54,189.66,189.54,189.6,481
2024-11-21T16:24:00+01:00,189.6,189.6,189.6,189.6,218
2024-11-21T16:24:30+01:00,189.42,189.42,189.42,189.42,16
2024-11-21T16:25:00+01:00,189.64,189.64,189.64,189.64,5
2024-11-21T16:25:30+01:00,189.72,189.74,189.72,189.74,199
2024-11-21T16:26:30+01:00,189.46,189.46,189.44,189.44,281
2024-11-21T16:27:00+01:00,189.34,189.34,189.34,189.34,300
2024-11-21T16:27:30+01:00,189.26,189.26,189.26,189.26,20
2024-11-21T16:28:00+01:00,189.24,189.24,189.24,189.24,43
2024-11-21T16:29:00+01:00,189,189.02,188.96,189.02,1109
2024-11-21T16:29:30+01:00,188.82,188.82,188.76,188.76,47
2024-11-21T16:30:30+01:00,188.7,188.7,188.7,188.7,300
2024-11-21T16:31:00+01:00,188.54,188.56,188.54,188.56,346
2024-11-21T16:31:30+01:00,188.4,188.4,188.4,188.4,11
2024-11-21T16:32:30+01:00,188.8,188.8,188.8,188.8,600
2024-11-21T16:34:30+01:00,189,189.02,189,189.02,15
2024-11-21T16:35:00+01:00,189.02,189.02,189.02,189.02,8
2024-11-21T16:36:00+01:00,188.8,188.8,188.8,188.8,50
2024-11-21T16:37:00+01:00,188.84,188.84,188.84,188.84,20
2024-11-21T16:37:30+01:00,188.7,188.7,188.7,188.7,153
2024-11-21T16:38:30+01:00,188.4,188.46,188.4,188.46,31
2024-11-21T16:39:00+01:00,188.36,188.36,188.22,188.28,1200
2024-11-21T16:41:00+01:00,188.2,188.2,188.2,188.2,5
2024-11-21T16:42:30+01:00,188.74,189.02,188.74,189.02,618
2024-11-21T16:44:00+01:00,188.96,188.96,188.96,188.96,2
2024-11-21T16:45:00+01:00,188.96,188.96,188.8,188.8,160
2024-11-21T16:47:00+01:00,188.94,188.94,188.94,188.94,10
2024-11-21T16:48:30+01:00,189.02,189.02,189.02,189.02,2
2024-11-21T16:51:00+01:00,188.84,188.84,188.84,188.84,3
2024-11-21T16:51:30+01:00,188.9,188.9,188.9,188.9,500
2024-11-21T16:52:00+01:00,189,189,189,189,7
2024-11-21T16:53:00+01:00,189,189,189,189,15
2024-11-21T16:53:30+01:00,189.02,189.02,189.02,189.02,92
2024-11-21T16:54:30+01:00,189.02,189.08,189.02,189.08,720
2024-11-21T16:58:30+01:00,189.14,189.14,189.14,189.14,55
2024-11-21T16:59:00+01:00,189,189,189,189,30
2024-11-21T17:00:00+01:00,188.94,188.94,188.94,188.94,140
2024-11-21T17:00:30+01:00,188.62,188.62,188.62,188.62,515
2024-11-21T17:01:30+01:00,188.74,188.74,188.74,188.74,10
2024-11-21T17:07:30+01:00,188.74,188.74,188.74,188.74,10
2024-11-21T17:09:30+01:00,188.56,188.56,188.56,188.56,80
2024-11-21T17:10:00+01:00,188.44,188.44,188.42,188.42,715
2024-11-21T17:10:30+01:00,188.04,188.08,188,188.08,1126
2024-11-21T17:11:00+01:00,188.14,188.3,188.14,188.3,134
2024-11-21T17:11:30+01:00,187.8,187.82,187.5,187.5,1723
2024-11-21T17:12:00+01:00,187.52,187.72,187.52,187.72,48
2024-11-21T17:13:00+01:00,187.9,187.9,187.9,187.9,17
2024-11-21T17:13:30+01:00,187.9,187.9,187.9,187.9,29
2024-11-21T17:15:00+01:00,188.7,188.7,188.6,188.68,31
2024-11-21T17:16:30+01:00,189,189.12,188.9,189.08,1158
2024-11-21T17:18:00+01:00,188.92,188.92,188.92,188.92,111
2024-11-21T17:19:00+01:00,188.98,188.98,188.98,188.98,9
2024-11-21T17:20:30+01:00,189.12,189.12,189,189,516
2024-11-21T17:21:00+01:00,189.04,189.04,189.02,189.02,29
2024-11-21T17:21:30+01:00,188.92,188.92,188.92,188.92,47
2024-11-21T17:22:00+01:00,189.06,189.06,189.04,189.06,125
2024-11-21T17:23:30+01:00,189.16,189.16,189.16,189.16,6
2024-11-21T17:24:00+01:00,189.1,189.14,189.04,189.14,449
2024-11-21T17:25:00+01:00,189.2,189.2,189.2,189.2,63
2024-11-21T17:27:30+01:00,189.08,189.08,189.08,189.08,200
2024-11-22T09:04:00+01:00,189.14,189.34,189.14,189.34,1477
2024-11-22T09:04:30+01:00,189.46,189.48,189.46,189.48,105
2024-11-22T09:05:00+01:00,189.64,189.68,189.64,189.68,95
2024-11-22T09:05:30+01:00,189.58,189.58,189.58,189.58,197
2024-11-22T09:08:00+01:00,189.54,189.6,189.44,189.44,241
2024-11-22T09:11:00+01:00,189.46,189.46,189.46,189.46,216
2024-11-22T09:12:30+01:00,189.44,189.46,189.44,189.46,14
2024-11-22T09:15:00+01:00,189.44,189.64,189.42,189.5,338
2024-11-22T09:16:30+01:00,189.66,189.68,189.66,189.68,25
2024-11-22T09:17:30+01:00,189.5,189.5,189.5,189.5,14
2024-11-22T09:18:30+01:00,189.52,189.52,189.5,189.5,29
2024-11-22T09:19:30+01:00,189.4,189.4,189.4,189.4,2
2024-11-22T09:21:00+01:00,189.42,189.42,189.42,189.42,200
2024-11-22T09:22:30+01:00,189.38,189.38,189.38,189.38,25
2024-11-22T09:24:30+01:00,189.6,189.6,189.6,189.6,2
2024-11-22T09:27:00+01:00,189.54,189.54,189.54,189.54,1
2024-11-22T09:27:30+01:00,189.62,189.62,189.62,189.62,8
2024-11-22T09:29:00+01:00,189.9,189.9,189.9,189.9,1
2024-11-22T09:29:30+01:00,189.8,189.8,189.8,189.8,80
2024-11-22T09:32:00+01:00,189.7,189.7,189.7,189.7,46
2024-11-22T09:32:30+01:00,189.64,189.64,189.64,189.64,82
2024-11-22T09:34:00+01:00,189.64,189.64,189.62,189.62,248
2024-11-22T09:36:00+01:00,189.74,189.74,189.74,189.74,25
2024-11-22T09:43:00+01:00,189.78,189.78,189.78,189.78,3
2024-11-22T09:45:30+01:00,189.72,189.72,189.72,189.72,9
2024-11-22T09:49:30+01:00,189.98,189.98,189.98,189.98,76
2024-11-22T09:50:00+01:00,190,190,190,190,20
2024-11-22T09:50:30+01:00,190.04,190.04,190.04,190.04,224
2024-11-22T09:53:30+01:00,189.92,189.92,189.86,189.86,110
2024-11-22T09:58:30+01:00,190.1,190.1,190.1,190.1,1
2024-11-22T09:59:00+01:00,190.14,190.22,190.14,190.2,5023
2024-11-22T09:59:30+01:00,190.14,190.2,190.14,190.18,220
2024-11-22T10:03:00+01:00,190.26,190.26,190.26,190.26,81
2024-11-22T10:03:30+01:00,190.38,190.4,190.38,190.4,50
2024-11-22T10:04:00+01:00,190.28,190.28,190.28,190.28,2
2024-11-22T10:04:30+01:00,190.34,190.38,190.34,190.38,105
2024-11-22T10:05:30+01:00,190.44,190.44,190.44,190.44,35
2024-11-22T10:06:30+01:00,190.34,190.34,190.32,190.34,80
2024-11-22T10:11:00+01:00,190.98,190.98,190.98,190.98,147
2024-11-22T10:11:30+01:00,191,191.02,191,191.02,311
2024-11-22T10:12:00+01:00,191.16,191.16,191.14,191.14,110
2024-11-22T10:14:00+01:00,191.5,191.56,191.46,191.56,115
2024-11-22T10:14:30+01:00,191.92,191.92,191.92,191.92,64
2024-11-22T10:15:00+01:00,191.84,191.84,191.82,191.82,82
2024-11-22T10:17:00+01:00,191.3,191.3,191.3,191.3,20
2024-11-22T10:19:00+01:00,191.16,191.16,191.02,191.02,150
2024-11-22T10:20:30+01:00,191,191,191,191,100
2024-11-22T10:21:00+01:00,191,191,191,191,900
2024-11-22T10:22:00+01:00,191.22,191.22,191.22,191.22,10
2024-11-22T10:27:00+01:00,190.7,190.7,190.5,190.5,224
2024-11-22T10:28:00+01:00,190.4,190.44,190.4,190.44,67
2024-11-22T10:29:30+01:00,190.5,190.52,190.24,190.24,26
2024-11-22T10:32:30+01:00,190.3,190.3,190.3,190.3,14
2024-11-22T10:35:30+01:00,190.04,190.08,190.04,190.08,182
2024-11-22T10:36:00+01:00,190.2,190.22,190.2,190.22,210
2024-11-22T10:36:30+01:00,190.02,190.02,190.02,190.02,89
2024-11-22T10:38:00+01:00,190,190,190,190,57
2024-11-22T10:40:00+01:00,190,190,190,190,3
2024-11-22T10:42:00+01:00,189.92,189.92,189.86,189.92,330
2024-11-22T10:44:00+01:00,189.92,189.92,189.92,189.92,1300
2024-11-22T10:45:00+01:00,190,190,190,190,30
2024-11-22T10:47:00+01:00,190.02,190.02,190,190,690
2024-11-22T10:47:30+01:00,190.02,190.02,190,190,497
2024-11-22T10:48:00+01:00,190,190.1,190,190.1,487
2024-11-22T10:53:00+01:00,190.28,190.28,190.28,190.28,50
2024-11-22T10:53:30+01:00,190.42,190.42,190.42,190.42,50
2024-11-22T10:56:00+01:00,190.38,190.38,190.38,190.38,40
2024-11-22T10:58:30+01:00,190.44,190.44,190.4,190.4,133
2024-11-22T11:03:00+01:00,190.8,190.8,190.8,190.8,59
2024-11-22T11:09:00+01:00,190.52,190.52,190.52,190.52,80
2024-11-22T11:09:30+01:00,190.34,190.34,190.34,190.34,180
2024-11-22T11:15:00+01:00,190.36,190.36,190.36,190.36,10
2024-11-22T11:21:00+01:00,190.3,190.3,190.12,190.16,745
2024-11-22T11:23:00+01:00,190.36,190.36,190.36,190.36,19
2024-11-22T11:25:30+01:00,190.34,190.34,190.34,190.34,20
2024-11-22T11:27:00+01:00,190.16,190.16,190.1,190.1,15
2024-11-22T11:30:00+01:00,190.04,190.04,190.04,190.04,13
2024-11-22T11:33:00+01:00,190.2,190.2,190.06,190.06,66
2024-11-22T11:41:30+01:00,190.02,190.02,190,190,821
2024-11-22T11:43:30+01:00,190.1,190.1,190.02,190.02,78
2024-11-22T11:45:30+01:00,189.92,189.92,189.92,189.92,1
2024-11-22T11:49:00+01:00,189.96,189.96,189.96,189.96,1
2024-11-22T11:50:00+01:00,190.1,190.12,190.08,190.12,24
2024-11-22T11:53:00+01:00,190.18,190.18,190.18,190.18,30
2024-11-22T11:56:30+01:00,190.1,190.1,190.1,190.1,34
2024-11-22T11:57:00+01:00,190.02,190.02,190.02,190.02,1
2024-11-22T12:01:30+01:00,190.08,190.08,190.08,190.08,11
2024-11-22T12:03:00+01:00,190.26,190.34,190.26,190.34,129
2024-11-22T12:11:30+01:00,190.26,190.26,190.26,190.26,23
2024-11-22T12:12:30+01:00,190.2,190.2,190.16,190.16,193
2024-11-22T12:14:30+01:00,190.1,190.14,190.04,190.04,506
2024-11-22T12:16:30+01:00,190.02,190.02,190,190,123
2024-11-22T12:21:00+01:00,190,190,190,190,14
2024-11-22T12:23:00+01:00,190.02,190.02,190.02,190.02,3
2024-11-22T12:24:30+01:00,190.04,190.12,190.04,190.1,159
2024-11-22T12:29:00+01:00,190.22,190.24,190.22,190.24,60
2024-11-22T12:30:00+01:00,190.2,190.2,190.2,190.2,11
2024-11-22T12:33:00+01:00,190.1,190.22,190.08,190.22,1121
2024-11-22T12:37:00+01:00,190.14,190.14,190.12,190.12,78
2024-11-22T12:39:30+01:00,190.08,190.08,190.06,190.06,75
2024-11-22T12:54:00+01:00,190.46,190.46,190.46,190.46,20
2024-11-22T13:02:00+01:00,190.58,190.58,190.58,190.58,10
2024-11-22T13:03:30+01:00,190.4,190.4,190.36,190.36,387
2024-11-22T13:08:30+01:00,190.34,190.34,190.34,190.34,17
2024-11-22T13:12:30+01:00,190.42,190.42,190.42,190.42,200
2024-11-22T13:20:00+01:00,190.58,190.58,190.58,190.58,4
2024-11-22T13:26:30+01:00,190.76,190.76,190.7,190.7,35
2024-11-22T13:28:00+01:00,190.6,190.6,190.6,190.6,38
2024-11-22T13:29:00+01:00,190.7,190.7,190.7,190.7,301
2024-11-22T13:32:00+01:00,190.7,190.7,190.7,190.7,2
2024-11-22T13:33:00+01:00,190.6,190.6,190.6,190.6,14
2024-11-22T13:33:30+01:00,190.52,190.52,190.52,190.52,3
2024-11-22T13:38:30+01:00,190.78,190.8,190.78,190.8,50
2024-11-22T13:41:00+01:00,190.58,190.58,190.58,190.58,1
2024-11-22T13:42:00+01:00,190.58,190.58,190.56,190.56,201
2024-11-22T13:46:00+01:00,190.5,190.5,190.5,190.5,1
2024-11-22T13:54:30+01:00,190.66,190.66,190.66,190.66,62
2024-11-22T13:55:30+01:00,190.7,190.7,190.7,190.7,10
2024-11-22T13:56:30+01:00,190.72,190.72,190.7,190.7,50
2024-11-22T14:00:00+01:00,190.68,190.68,190.68,190.68,2
2024-11-22T14:13:00+01:00,190.62,190.62,190.62,190.62,13
2024-11-22T14:14:00+01:00,190.66,190.66,190.66,190.66,8
2024-11-22T14:14:30+01:00,190.6,190.6,190.54,190.54,43
2024-11-22T14:15:00+01:00,190.5,190.5,190.5,190.5,72
2024-11-22T14:17:00+01:00,190.56,190.56,190.56,190.56,25
2024-11-22T14:17:30+01:00,190.48,190.48,190.48,190.48,25
2024-11-22T14:20:00+01:00,190.58,190.58,190.58,190.58,6
2024-11-22T14:22:30+01:00,190.62,190.62,190.62,190.62,1
2024-11-22T14:24:30+01:00,190.44,190.44,190.44,190.44,1
2024-11-22T14:25:00+01:00,190.54,190.56,190.54,190.54,190
2024-11-22T14:33:30+01:00,190.54,190.54,190.54,190.54,250
2024-11-22T14:35:30+01:00,190.44,190.44,190.44,190.44,16
2024-11-22T14:37:30+01:00,190.46,190.48,190.46,190.48,380
2024-11-22T14:39:30+01:00,190.44,190.44,190.42,190.42,132
2024-11-22T14:43:00+01:00,190.32,190.32,190.32,190.32,20
2024-11-22T14:45:30+01:00,190.36,190.36,190.36,190.36,30
2024-11-22T14:46:00+01:00,190.36,190.36,190.36,190.36,46
2024-11-22T14:48:30+01:00,190.54,190.54,190.54,190.54,32
2024-11-22T14:52:30+01:00,190.7,190.7,190.7,190.7,30
2024-11-22T14:54:00+01:00,190.82,190.82,190.82,190.82,32
2024-11-22T14:54:30+01:00,190.78,190.78,190.78,190.78,2
2024-11-22T14:58:00+01:00,190.76,190.76,190.74,190.74,653
2024-11-22T14:59:30+01:00,190.78,190.8,190.78,190.8,175
2024-11-22T15:00:30+01:00,190.7,190.7,190.7,190.7,1
2024-11-22T15:01:30+01:00,190.62,190.68,190.54,190.68,453
2024-11-22T15:03:30+01:00,190.76,190.76,190.76,190.76,1
2024-11-22T15:04:00+01:00,190.7,190.7,190.7,190.7,75
2024-11-22T15:05:00+01:00,190.88,190.88,190.88,190.88,33
2024-11-22T15:07:30+01:00,191.2,191.2,191.2,191.2,54
2024-11-22T15:09:00+01:00,191.14,191.16,191.14,191.16,309
2024-11-22T15:10:00+01:00,191.14,191.14,191.14,191.14,2
2024-11-22T15:10:30+01:00,191.16,191.16,191.16,191.16,3
2024-11-22T15:13:00+01:00,191.1,191.1,190.94,190.94,290
2024-11-22T15:16:30+01:00,191.68,191.82,191.68,191.82,308
2024-11-22T15:17:00+01:00,192,192,192,192,60
2024-11-22T15:18:00+01:00,192.02,192.02,192.02,192.02,20
2024-11-22T15:19:00+01:00,191.9,191.9,191.84,191.84,254
2024-11-22T15:19:30+01:00,191.74,191.76,191.72,191.76,232
2024-11-22T15:20:00+01:00,191.78,191.78,191.78,191.78,31
2024-11-22T15:23:30+01:00,191.4,191.4,191.38,191.38,130
2024-11-22T15:25:00+01:00,191.06,191.2,190.82,191.2,861
2024-11-22T15:25:30+01:00,191.06,191.06,191,191,403
2024-11-22T15:28:00+01:00,190.44,190.44,190.44,190.44,130
2024-11-22T15:28:30+01:00,190.4,190.4,190.4,190.4,25
2024-11-22T15:29:00+01:00,190.56,190.56,190.48,190.48,48
2024-11-22T15:30:00+01:00,191.06,191.06,190.96,190.96,601
2024-11-22T15:30:30+01:00,190.86,190.86,190.86,190.86,94
2024-11-22T15:31:00+01:00,190.36,190.36,190.36,190.36,260
2024-11-22T15:31:30+01:00,190.48,190.74,190.48,190.7,1003
2024-11-22T15:32:00+01:00,190.68,190.72,190.68,190.72,316
2024-11-22T15:32:30+01:00,191.28,191.28,191.28,191.28,80
2024-11-22T15:33:00+01:00,191.2,191.2,190.96,191,497
2024-11-22T15:33:30+01:00,191.14,191.14,190.92,190.98,2434
2024-11-22T15:34:00+01:00,190.96,191.02,190.96,191.02,443
2024-11-22T15:34:30+01:00,191.08,191.16,191,191,964
2024-11-22T15:35:00+01:00,190.66,190.7,190.66,190.7,30
2024-11-22T15:35:30+01:00,190.8,190.8,190.8,190.8,23
2024-11-22T15:36:00+01:00,190.84,190.9,190.84,190.9,280
2024-11-22T15:36:30+01:00,190.8,190.8,190.58,190.58,24
2024-11-22T15:37:00+01:00,190.5,190.5,190.5,190.5,33
2024-11-22T15:37:30+01:00,190.56,190.56,190.56,190.56,400
2024-11-22T15:38:00+01:00,190.52,190.52,190.28,190.28,329
2024-11-22T15:38:30+01:00,190.34,190.34,190.34,190.34,48
2024-11-22T15:39:30+01:00,190.42,190.42,190.42,190.42,80
2024-11-22T15:40:30+01:00,190.5,190.5,190.5,190.5,300
2024-11-22T15:41:30+01:00,190.4,190.52,190.36,190.52,3009
2024-11-22T15:42:30+01:00,190.78,190.78,190.68,190.68,321
2024-11-22T15:43:00+01:00,190.64,190.64,190.64,190.64,60
2024-11-22T15:43:30+01:00,190.5,190.5,190.44,190.44,145
2024-11-22T15:44:30+01:00,190.48,190.48,190.48,190.48,49
2024-11-22T15:46:00+01:00,190.52,190.52,190.52,190.52,74
2024-11-22T15:48:30+01:00,190.82,190.82,190.82,190.82,40
2024-11-22T15:49:30+01:00,190.46,190.46,190.36,190.36,295
2024-11-22T15:50:00+01:00,190.24,190.24,190.24,190.24,110
2024-11-22T15:50:30+01:00,190,190,190,190,2050
2024-11-22T15:51:00+01:00,189.78,190.06,189.78,190.06,40
2024-11-22T15:51:30+01:00,189.92,189.92,189.86,189.86,97
2024-11-22T15:52:00+01:00,189.76,189.76,189.76,189.76,30
2024-11-22T15:53:30+01:00,189.92,189.92,189.92,189.92,21
2024-11-22T15:54:30+01:00,190.06,190.06,190.06,190.06,50
2024-11-22T15:55:00+01:00,190.06,190.06,189.94,189.96,380
2024-11-22T15:55:30+01:00,189.92,189.94,189.9,189.9,447
2024-11-22T15:58:00+01:00,189.96,189.98,189.96,189.98,280
2024-11-22T15:59:30+01:00,190.2,190.2,190.2,190.2,71
2024-11-22T16:00:00+01:00,189.88,189.88,189.88,189.88,110
2024-11-22T16:00:30+01:00,190.02,190.02,190,190,180
2024-11-22T16:01:00+01:00,189.92,189.96,189.92,189.96,214
2024-11-22T16:03:00+01:00,190.5,190.5,190.42,190.42,360
2024-11-22T16:03:30+01:00,190.18,190.18,190.18,190.18,31
2024-11-22T16:04:00+01:00,190.04,190.08,190.04,190.08,154
2024-11-22T16:06:30+01:00,189.96,189.96,189.96,189.96,60
2024-11-22T16:07:30+01:00,189.5,189.5,189.26,189.26,63
2024-11-22T16:09:00+01:00,189.28,189.28,189.28,189.28,8
2024-11-22T16:09:30+01:00,189.42,189.42,189.38,189.38,87
2024-11-22T16:10:00+01:00,189.2,189.2,189.16,189.16,70
2024-11-22T16:10:30+01:00,189.48,189.5,189.48,189.5,129
2024-11-22T16:11:00+01:00,189.4,189.4,189.4,189.4,40
2024-11-22T16:11:30+01:00,189.3,189.3,189.3,189.3,60
2024-11-22T16:12:00+01:00,189.2,189.2,189.2,189.2,389
2024-11-22T16:13:00+01:00,189.12,189.12,189.1,189.1,108
2024-11-22T16:14:00+01:00,189.2,189.2,189.16,189.16,360
2024-11-22T16:14:30+01:00,189.22,189.22,189.22,189.22,55
2024-11-22T16:15:30+01:00,189.02,189.04,189,189.04,64
2024-11-22T16:17:30+01:00,189,189,189,189,30
2024-11-22T16:19:30+01:00,189.12,189.12,189.02,189.02,107
2024-11-22T16:20:30+01:00,189.38,189.38,189.38,189.38,300
2024-11-22T16:22:30+01:00,189.3,189.3,189.16,189.16,119
2024-11-22T16:23:00+01:00,189.3,189.3,189.3,189.3,130
2024-11-22T16:24:00+01:00,189.74,189.74,189.74,189.74,372
2024-11-22T16:24:30+01:00,190,190,190,190,151
2024-11-22T16:26:00+01:00,189.94,189.94,189.94,189.94,373
2024-11-22T16:27:30+01:00,189.62,189.66,189.62,189.66,373
2024-11-22T16:28:00+01:00,189.54,189.54,189.54,189.54,64
2024-11-22T16:28:30+01:00,189.4,189.4,189.4,189.4,81
2024-11-22T16:29:00+01:00,189.38,189.38,189.38,189.38,390
2024-11-22T16:30:00+01:00,189.36,189.36,189.36,189.36,16
2024-11-22T16:30:30+01:00,189.42,189.42,189.42,189.42,73
2024-11-22T16:32:30+01:00,189.46,189.46,189.46,189.46,100
2024-11-22T16:33:30+01:00,189.2,189.22,189.2,189.22,863
2024-11-22T16:36:00+01:00,189.54,189.54,189.54,189.54,15
2024-11-22T16:38:00+01:00,189.98,190,189.98,190,82
2024-11-22T16:40:30+01:00,190.48,190.52,190.44,190.44,1101
2024-11-22T16:42:00+01:00,190.76,190.76,190.76,190.76,80
2024-11-22T16:42:30+01:00,190.8,190.8,190.8,190.8,132
2024-11-22T16:43:00+01:00,190.94,190.94,190.94,190.94,8
2024-11-22T16:44:00+01:00,190.94,190.94,190.92,190.92,128
2024-11-22T16:45:30+01:00,191.12,191.12,191.12,191.12,80
2024-11-22T16:46:00+01:00,190.86,190.86,190.82,190.82,173
2024-11-22T16:47:00+01:00,190.92,190.94,190.92,190.94,153
2024-11-22T16:51:30+01:00,190.82,190.82,190.82,190.82,73
2024-11-22T16:53:00+01:00,190.82,190.82,190.82,190.82,34
2024-11-22T16:54:30+01:00,191.04,191.04,191.04,191.04,5
2024-11-22T16:56:30+01:00,190.94,190.94,190.94,190.94,130
2024-11-22T16:58:00+01:00,190.9,190.9,190.82,190.82,209
2024-11-22T16:58:30+01:00,190.9,190.9,190.9,190.9,80
2024-11-22T17:01:30+01:00,190.76,190.76,190.72,190.72,131
2024-11-22T17:02:00+01:00,190.78,190.78,190.78,190.78,10
2024-11-22T17:02:30+01:00,190.66,190.66,190.66,190.66,23
2024-11-22T17:04:00+01:00,190.62,190.62,190.62,190.62,15
2024-11-22T17:06:00+01:00,190.78,190.78,190.78,190.78,5
2024-11-22T17:09:00+01:00,190.76,190.76,190.76,190.76,30
2024-11-22T17:09:30+01:00,190.7,190.7,190.7,190.7,38
2024-11-22T17:10:00+01:00,190.6,190.6,190.6,190.6,64
2024-11-22T17:12:00+01:00,190.56,190.62,190.56,190.62,915
2024-11-22T17:15:00+01:00,190.6,190.6,190.54,190.54,170
2024-11-22T17:15:30+01:00,190.46,190.46,190.38,190.38,72
2024-11-22T17:16:30+01:00,190.36,190.36,190.36,190.36,300
2024-11-22T17:17:00+01:00,190.34,190.34,190.34,190.34,8
2024-11-22T17:18:30+01:00,190.14,190.14,190.14,190.14,60
2024-11-22T17:19:00+01:00,190.12,190.12,190.12,190.12,96
2024-11-22T17:19:30+01:00,190.02,190.02,189.9,189.9,571
2024-11-22T17:20:30+01:00,189.88,189.88,189.88,189.88,200
2024-11-22T17:21:00+01:00,189.94,190.04,189.94,190.04,304
2024-11-22T17:22:00+01:00,190.2,190.2,190.2,190.2,5
2024-11-22T17:23:00+01:00,190.22,190.22,190.2,190.2,765
2024-11-22T17:25:00+01:00,190,190.04,190,190.02,725
2024-11-22T17:27:30+01:00,190,190,190,190,200
2024-11-22T17:29:30+01:00,190,190,190,190,100
2024-11-25T09:04:00+01:00,189.82,190,189.82,189.96,1651
2024-11-25T09:04:30+01:00,189.96,189.96,189.96,189.96,105
2024-11-25T09:05:30+01:00,190.08,190.1,190.08,190.08,343
2024-11-25T09:08:00+01:00,190,190,190,190,1
2024-11-25T09:09:00+01:00,190,190,189.98,189.98,138
2024-11-25T09:09:30+01:00,190.04,190.04,190.04,190.04,91
2024-11-25T09:10:00+01:00,190,190,189.98,189.98,100
2024-11-25T09:10:30+01:00,190,190,190,190,49
2024-11-25T09:11:00+01:00,190,190.1,190,190.1,889
2024-11-25T09:13:30+01:00,190.1,190.1,190.1,190.1,235
2024-11-25T09:14:30+01:00,190.08,190.08,190.08,190.08,50
2024-11-25T09:16:00+01:00,190.06,190.14,190.06,190.14,201
2024-11-25T09:16:30+01:00,190.16,190.16,190.14,190.14,80
2024-11-25T09:17:30+01:00,190.2,190.2,190.2,190.2,26
2024-11-25T09:21:00+01:00,190.12,190.12,190,190,463
2024-11-25T09:21:30+01:00,190.02,190.04,190.02,190.04,208
2024-11-25T09:22:30+01:00,190.06,190.06,190.06,190.06,10
2024-11-25T09:24:00+01:00,190.1,190.1,190.08,190.08,120
2024-11-25T09:25:00+01:00,190.18,190.2,190.18,190.2,130
2024-11-25T09:30:30+01:00,190.08,190.08,190.08,190.08,84
2024-11-25T09:31:00+01:00,190.08,190.08,190.06,190.06,15
2024-11-25T09:33:00+01:00,190.1,190.14,190.04,190.04,93
2024-11-25T09:34:00+01:00,190.02,190.02,190,190,77
2024-11-25T09:35:00+01:00,190.04,190.04,190.02,190.02,40
2024-11-25T09:39:30+01:00,190.04,190.04,190.02,190.02,50
2024-11-25T09:42:30+01:00,190.1,190.1,190.1,190.1,2
2024-11-25T09:45:30+01:00,190.06,190.06,190.06,190.06,100
2024-11-25T09:47:00+01:00,190.04,190.04,190.04,190.04,649
2024-11-25T09:47:30+01:00,190.06,190.06,190.06,190.06,154
2024-11-25T09:48:00+01:00,190.1,190.1,190.1,190.1,226
2024-11-25T09:48:30+01:00,190.06,190.06,190.04,190.04,50
2024-11-25T09:49:00+01:00,190.06,190.06,190.06,190.06,15
2024-11-25T09:49:30+01:00,190.06,190.06,190.06,190.06,30
2024-11-25T09:51:30+01:00,190.04,190.04,190.04,190.04,25
2024-11-25T09:52:30+01:00,190.04,190.04,190.04,190.04,19
2024-11-25T09:53:00+01:00,190.04,190.04,190.04,190.04,79
2024-11-25T09:53:30+01:00,190.02,190.02,190.02,190.02,6
2024-11-25T09:54:30+01:00,189.8,189.84,189.8,189.84,29
2024-11-25T09:55:00+01:00,189.94,189.94,189.94,189.94,17
2024-11-25T09:57:00+01:00,189.96,190.04,189.94,190.04,205
2024-11-25T09:57:30+01:00,189.96,189.96,189.96,189.96,50
2024-11-25T09:59:30+01:00,190.04,190.04,190.04,190.04,30
2024-11-25T10:00:00+01:00,189.98,189.98,189.78,189.78,615
2024-11-25T10:01:00+01:00,189.62,189.62,189.62,189.62,250
2024-11-25T10:01:30+01:00,189.5,189.6,189.44,189.6,1130
2024-11-25T10:02:30+01:00,189.6,189.6,189.46,189.46,4472
2024-11-25T10:03:00+01:00,189.26,189.28,189.24,189.24,479
2024-11-25T10:03:30+01:00,189.2,189.2,189.2,189.2,67
2024-11-25T10:04:00+01:00,189.28,189.28,189.22,189.22,147
2024-11-25T10:04:30+01:00,189.24,189.3,189.24,189.28,4917
2024-11-25T10:05:00+01:00,189.18,189.18,189.18,189.18,25
2024-11-25T10:06:30+01:00,189.26,189.26,189.26,189.26,100
2024-11-25T10:07:00+01:00,189.28,189.3,189.12,189.3,1997
2024-11-25T10:08:00+01:00,189.32,189.32,189.24,189.24,36
2024-11-25T10:08:30+01:00,189.34,189.36,189.34,189.36,150
2024-11-25T10:10:00+01:00,189.2,189.2,189.14,189.16,230
2024-11-25T10:11:30+01:00,189.2,189.2,189.2,189.2,175
2024-11-25T10:13:30+01:00,189.3,189.3,189.3,189.3,42
2024-11-25T10:14:30+01:00,189.18,189.18,189.18,189.18,30
2024-11-25T10:17:30+01:00,189.36,189.36,189.36,189.36,2
2024-11-25T10:18:00+01:00,189.34,189.38,189.34,189.38,435
2024-11-25T10:18:30+01:00,189.34,189.34,189.34,189.34,5
2024-11-25T10:19:00+01:00,189.38,189.38,189.38,189.38,15
2024-11-25T10:20:00+01:00,189.36,189.38,189.36,189.38,174
2024-11-25T10:23:30+01:00,189.34,189.34,189.34,189.34,11
2024-11-25T10:25:00+01:00,189.34,189.34,189.34,189.34,35
2024-11-25T10:25:30+01:00,189.4,189.4,189.4,189.4,10
2024-11-25T10:26:00+01:00,189.42,189.42,189.42,189.42,8
2024-11-25T10:32:30+01:00,189.38,189.38,189.38,189.38,5
2024-11-25T10:33:00+01:00,189.32,189.32,189.32,189.32,291
2024-11-25T10:36:00+01:00,189.48,189.48,189.48,189.48,26
2024-11-25T10:38:00+01:00,189.62,189.62,189.58,189.58,104
2024-11-25T10:39:00+01:00,189.46,189.46,189.46,189.46,50
2024-11-25T10:42:00+01:00,189.58,189.58,189.58,189.58,28
2024-11-25T10:45:30+01:00,189.52,189.52,189.52,189.52,26
2024-11-25T10:46:00+01:00,189.48,189.5,189.48,189.5,52
2024-11-25T10:48:30+01:00,189.42,189.42,189.42,189.42,2
2024-11-25T10:53:00+01:00,189.5,189.5,189.5,189.5,24
2024-11-25T10:53:30+01:00,189.48,189.5,189.48,189.5,133
2024-11-25T11:15:30+01:00,189.24,189.24,189.24,189.24,63
2024-11-25T11:22:00+01:00,189.3,189.3,189.3,189.3,1
2024-11-25T11:23:30+01:00,189.3,189.3,189.3,189.3,304
2024-11-25T11:27:00+01:00,189.3,189.32,189.3,189.32,250
2024-11-25T11:29:00+01:00,189.3,189.3,189.3,189.3,1
2024-11-25T11:30:00+01:00,189.3,189.3,189.3,189.3,1
2024-11-25T11:32:00+01:00,189.32,189.32,189.3,189.3,21
2024-11-25T11:34:30+01:00,189.26,189.26,189.26,189.26,1
2024-11-25T11:36:00+01:00,189.32,189.32,189.32,189.32,30
2024-11-25T11:40:00+01:00,189.44,189.44,189.44,189.44,1
2024-11-25T11:40:30+01:00,189.46,189.46,189.46,189.46,3
2024-11-25T11:42:00+01:00,189.5,189.5,189.48,189.48,123
2024-11-25T11:46:00+01:00,189.54,189.54,189.54,189.54,25
2024-11-25T11:52:00+01:00,189.62,189.62,189.6,189.6,100
2024-11-25T11:52:30+01:00,189.62,189.62,189.62,189.62,32
2024-11-25T11:54:30+01:00,189.64,189.64,189.64,189.64,20
2024-11-25T11:56:00+01:00,189.56,189.56,189.56,189.56,15
2024-11-25T11:56:30+01:00,189.68,189.68,189.68,189.68,3
2024-11-25T11:58:00+01:00,189.56,189.56,189.56,189.56,1
2024-11-25T12:03:30+01:00,189.6,189.6,189.58,189.58,131
2024-11-25T12:13:30+01:00,189.62,189.62,189.62,189.62,1
2024-11-25T12:18:30+01:00,189.66,189.68,189.66,189.68,86
2024-11-25T12:24:00+01:00,189.7,189.7,189.7,189.7,15
2024-11-25T12:25:00+01:00,189.62,189.62,189.62,189.62,8
2024-11-25T12:28:00+01:00,189.62,189.62,189.62,189.62,7
2024-11-25T12:29:00+01:00,189.6,189.6,189.6,189.6,20
2024-11-25T12:31:30+01:00,189.68,189.74,189.64,189.64,175
2024-11-25T12:33:30+01:00,189.66,189.66,189.66,189.66,11
2024-11-25T12:36:30+01:00,189.68,189.68,189.64,189.64,21
2024-11-25T12:37:30+01:00,189.72,189.72,189.72,189.72,40
2024-11-25T12:38:30+01:00,189.72,189.72,189.72,189.72,10
2024-11-25T12:46:00+01:00,189.86,189.86,189.86,189.86,8
2024-11-25T12:49:30+01:00,189.82,189.82,189.82,189.82,27
2024-11-25T12:51:30+01:00,189.82,189.82,189.82,189.82,100
2024-11-25T12:53:30+01:00,189.98,190.02,189.98,190.02,736
2024-11-25T12:54:30+01:00,190.18,190.18,190.18,190.18,406
2024-11-25T12:57:00+01:00,190.12,190.12,190.12,190.12,10
2024-11-25T13:01:30+01:00,189.84,189.84,189.84,189.84,3277
2024-11-25T13:03:30+01:00,189.82,189.82,189.82,189.82,5
2024-11-25T13:05:00+01:00,189.8,189.8,189.8,189.8,110
2024-11-25T13:07:30+01:00,189.64,189.64,189.64,189.64,1
2024-11-25T13:08:30+01:00,189.66,189.66,189.66,189.66,1
2024-11-25T13:09:30+01:00,189.7,189.7,189.7,189.7,242
2024-11-25T13:11:00+01:00,189.64,189.64,189.64,189.64,20
2024-11-25T13:17:00+01:00,189.82,189.82,189.72,189.72,53
2024-11-25T13:26:00+01:00,189.78,189.78,189.78,189.78,42
2024-11-25T13:26:30+01:00,189.72,189.72,189.72,189.72,1
2024-11-25T13:27:00+01:00,189.72,189.74,189.72,189.74,281
2024-11-25T13:27:30+01:00,189.74,189.74,189.74,189.74,71
2024-11-25T13:31:00+01:00,189.8,189.8,189.8,189.8,30
2024-11-25T13:33:30+01:00,189.68,189.72,189.68,189.7,752
2024-11-25T13:34:30+01:00,189.66,189.66,189.64,189.64,1107
2024-11-25T13:35:00+01:00,189.64,189.64,189.64,189.64,1030
2024-11-25T13:35:30+01:00,189.64,189.64,189.64,189.64,20
2024-11-25T13:36:00+01:00,189.64,189.64,189.64,189.64,446
2024-11-25T13:39:30+01:00,189.7,189.7,189.7,189.7,12
2024-11-25T13:42:30+01:00,189.64,189.64,189.64,189.64,16
2024-11-25T13:50:30+01:00,189.62,189.62,189.62,189.62,25
2024-11-25T13:52:30+01:00,189.66,189.66,189.66,189.66,3
2024-11-25T13:57:00+01:00,189.56,189.56,189.56,189.56,29
2024-11-25T14:00:00+01:00,189.68,189.7,189.68,189.7,131
2024-11-25T14:01:00+01:00,189.5,189.5,189.5,189.5,3
2024-11-25T14:03:30+01:00,189.46,189.46,189.46,189.46,1
2024-11-25T14:04:00+01:00,189.4,189.4,189.4,189.4,5
2024-11-25T14:06:30+01:00,189.34,189.34,189.34,189.34,1
2024-11-25T14:07:00+01:00,189.3,189.3,189.28,189.28,70
2024-11-25T14:08:30+01:00,189.28,189.28,189.28,189.28,3
2024-11-25T14:09:00+01:00,189.32,189.32,189.32,189.32,1
2024-11-25T14:14:00+01:00,189.2,189.2,189.2,189.2,132
2024-11-25T14:15:00+01:00,189.28,189.28,189.28,189.28,25
2024-11-25T14:16:30+01:00,189.22,189.22,189.22,189.22,4
2024-11-25T14:18:30+01:00,189,189,189,189,104
2024-11-25T14:22:00+01:00,189.1,189.26,189.1,189.26,657
2024-11-25T14:24:00+01:00,189.22,189.22,189.06,189.06,70
2024-11-25T14:27:30+01:00,189.18,189.32,189.18,189.3,254
2024-11-25T14:33:30+01:00,189.22,189.22,189.2,189.2,50
2024-11-25T14:37:00+01:00,189.32,189.32,189.32,189.32,119
2024-11-25T14:43:30+01:00,189.28,189.28,189.28,189.28,1
2024-11-25T14:44:00+01:00,189.28,189.28,189.28,189.28,5
2024-11-25T14:46:00+01:00,189.46,189.46,189.46,189.46,10
2024-11-25T14:47:00+01:00,189.64,189.64,189.64,189.64,42
2024-11-25T14:51:30+01:00,189.72,189.72,189.72,189.72,112
2024-11-25T14:54:00+01:00,189.84,189.84,189.84,189.84,54
2024-11-25T14:55:00+01:00,189.84,189.84,189.84,189.84,226
2024-11-25T14:55:30+01:00,189.76,189.76,189.76,189.76,1
2024-11-25T14:57:00+01:00,189.68,189.72,189.68,189.72,300
2024-11-25T14:59:30+01:00,189.44,189.44,189.44,189.44,163
2024-11-25T15:07:00+01:00,189.62,189.62,189.62,189.62,125
2024-11-25T15:08:00+01:00,189.52,189.52,189.52,189.52,6
2024-11-25T15:10:00+01:00,189.62,189.62,189.62,189.62,12
2024-11-25T15:10:30+01:00,189.7,189.7,189.7,189.7,42
2024-11-25T15:14:00+01:00,189.52,189.52,189.5,189.5,460
2024-11-25T15:15:00+01:00,189.62,189.62,189.62,189.62,105
2024-11-25T15:16:00+01:00,189.58,189.58,189.56,189.56,200
2024-11-25T15:18:00+01:00,190,190.24,190,190.24,308
2024-11-25T15:18:30+01:00,189.96,189.96,189.96,189.96,307
2024-11-25T15:19:00+01:00,189.94,189.94,189.94,189.94,3
2024-11-25T15:19:30+01:00,189.82,189.82,189.82,189.82,77
2024-11-25T15:22:00+01:00,190,190,190,190,44
2024-11-25T15:23:00+01:00,189.82,189.82,189.82,189.82,99
2024-11-25T15:24:30+01:00,189.82,189.82,189.82,189.82,77
2024-11-25T15:25:00+01:00,189.66,189.66,189.58,189.58,365
2024-11-25T15:26:30+01:00,189.44,189.44,189.38,189.38,800
2024-11-25T15:27:30+01:00,189.36,189.36,189.36,189.36,3
2024-11-25T15:28:00+01:00,189.36,189.36,189.36,189.36,77
2024-11-25T15:29:30+01:00,189.4,189.4,189.4,189.4,3
2024-11-25T15:30:00+01:00,189.46,189.9,189.38,189.66,136
2024-11-25T15:30:30+01:00,189.88,189.88,189.88,189.88,300
2024-11-25T15:31:00+01:00,190.12,190.14,190.1,190.14,1075
2024-11-25T15:31:30+01:00,190.38,190.52,190.38,190.52,677
2024-11-25T15:32:00+01:00,190.5,190.56,190.36,190.36,1031
2024-11-25T15:32:30+01:00,190.46,190.54,190.46,190.54,842
2024-11-25T15:33:30+01:00,190.98,190.98,190.98,190.98,300
2024-11-25T15:34:00+01:00,191.02,191.02,191.02,191.02,700
2024-11-25T15:35:00+01:00,191.2,191.2,191.1,191.1,12
2024-11-25T15:35:30+01:00,191.22,191.3,191.22,191.3,695
2024-11-25T15:36:00+01:00,191.3,191.42,191.3,191.42,652
2024-11-25T15:37:00+01:00,191.46,191.46,191.4,191.4,277
2024-11-25T15:37:30+01:00,191.26,191.56,191.26,191.56,875
2024-11-25T15:38:00+01:00,191.36,191.36,191.12,191.12,291
2024-11-25T15:38:30+01:00,191.32,191.4,191.32,191.4,548
2024-11-25T15:39:00+01:00,191.38,191.52,191.38,191.52,503
2024-11-25T15:40:00+01:00,191.76,191.76,191.76,191.76,51
2024-11-25T15:40:30+01:00,191.7,191.7,191.7,191.7,300
2024-11-25T15:42:00+01:00,191.86,191.86,191.86,191.86,1
2024-11-25T15:42:30+01:00,192,192,192,192,228
2024-11-25T15:43:00+01:00,191.96,191.96,191.94,191.94,209
2024-11-25T15:43:30+01:00,191.94,191.96,191.94,191.96,120
2024-11-25T15:44:00+01:00,192.02,192.02,192.02,192.02,60
2024-11-25T15:44:30+01:00,192,192,192,192,213
2024-11-25T15:45:00+01:00,192,192.04,191.86,191.96,957
2024-11-25T15:45:30+01:00,191.96,191.96,191.84,191.9,16
2024-11-25T15:46:30+01:00,191.8,191.8,191.8,191.8,72
2024-11-25T15:47:30+01:00,191.7,191.7,191.7,191.7,72
2024-11-25T15:48:00+01:00,191.52,191.52,191.42,191.42,47
2024-11-25T15:50:00+01:00,191.26,191.26,191.26,191.26,3
2024-11-25T15:50:30+01:00,191.26,191.26,191.02,191.02,379
2024-11-25T15:52:00+01:00,190.7,190.7,190.54,190.54,346
2024-11-25T15:52:30+01:00,190.46,190.46,190.46,190.46,77
2024-11-25T15:53:00+01:00,190.58,190.58,190.58,190.58,51
2024-11-25T15:53:30+01:00,190.3,190.3,190.24,190.24,268
2024-11-25T15:54:00+01:00,190.3,190.3,190.3,190.3,77
2024-11-25T15:54:30+01:00,190.2,190.2,190.16,190.16,119
2024-11-25T15:55:00+01:00,190.12,190.12,190.12,190.12,16
2024-11-25T15:55:30+01:00,190.26,190.26,190.2,190.2,59
2024-11-25T15:56:00+01:00,190.24,190.24,190.16,190.16,221
2024-11-25T15:56:30+01:00,190.24,190.24,190.2,190.22,470
2024-11-25T15:57:00+01:00,190.3,190.3,190.28,190.28,171
2024-11-25T15:59:00+01:00,190.42,190.42,190.38,190.38,427
2024-11-25T15:59:30+01:00,190.48,190.5,190.42,190.5,517
2024-11-25T16:00:00+01:00,190.28,190.3,190.28,190.3,84
2024-11-25T16:00:30+01:00,190.4,190.4,190.4,190.4,77
2024-11-25T16:01:30+01:00,190.26,190.26,190.26,190.26,121
2024-11-25T16:02:00+01:00,190.24,190.24,190.24,190.24,77
2024-11-25T16:02:30+01:00,190.32,190.32,190.32,190.32,368
2024-11-25T16:03:30+01:00,190.56,190.56,190.56,190.56,30
2024-11-25T16:04:00+01:00,190.68,190.7,190.66,190.66,191
2024-11-25T16:07:00+01:00,191.06,191.1,190.82,190.82,459
2024-11-25T16:07:30+01:00,190.84,190.84,190.84,190.84,263
2024-11-25T16:08:00+01:00,190.82,190.82,190.82,190.82,12
2024-11-25T16:08:30+01:00,190.94,191.04,190.94,191.04,402
2024-11-25T16:09:30+01:00,190.72,190.72,190.72,190.72,62
2024-11-25T16:10:00+01:00,190.64,190.78,190.64,190.78,201
2024-11-25T16:10:30+01:00,190.6,190.6,190.6,190.6,2
2024-11-25T16:11:00+01:00,190.66,190.66,190.4,190.4,253
2024-11-25T16:11:30+01:00,190.46,190.46,190.46,190.46,500
2024-11-25T16:12:00+01:00,190.48,190.48,190.44,190.44,440
2024-11-25T16:13:00+01:00,190.38,190.38,190.38,190.38,62
2024-11-25T16:14:00+01:00,190.38,190.58,190.38,190.58,216
2024-11-25T16:15:00+01:00,190.3,190.3,190.3,190.3,52
2024-11-25T16:15:30+01:00,190.26,190.32,190.26,190.32,70
2024-11-25T16:16:00+01:00,190.32,190.32,190.32,190.32,77
2024-11-25T16:16:30+01:00,190.28,190.28,190.22,190.22,237
2024-11-25T16:18:30+01:00,190.04,190.04,190.04,190.04,25
2024-11-25T16:19:00+01:00,190.1,190.1,190.1,190.1,77
2024-11-25T16:19:30+01:00,189.86,189.86,189.86,189.86,4
2024-11-25T16:20:00+01:00,189.82,189.82,189.76,189.78,120
2024-11-25T16:20:30+01:00,189.86,189.96,189.86,189.96,205
2024-11-25T16:21:00+01:00,189.94,189.94,189.94,189.94,77
2024-11-25T16:23:00+01:00,190,190,190,190,37
2024-11-25T16:23:30+01:00,190,190,190,190,20
2024-11-25T16:24:00+01:00,190.28,190.28,190.12,190.12,264
2024-11-25T16:24:30+01:00,190.2,190.2,190.2,190.2,9
2024-11-25T16:26:00+01:00,190.2,190.2,190,190,194
2024-11-25T16:29:30+01:00,190.38,190.38,190.38,190.38,77
2024-11-25T16:30:00+01:00,190.44,190.44,190.44,190.44,384
2024-11-25T16:30:30+01:00,190.5,190.5,190.5,190.5,352
2024-11-25T16:32:00+01:00,190.38,190.38,190.38,190.38,76
2024-11-25T16:32:30+01:00,190.28,190.28,190.26,190.26,100
2024-11-25T16:33:00+01:00,190.2,190.2,190.2,190.2,34
2024-11-25T16:33:30+01:00,190.12,190.12,190.12,190.12,6
2024-11-25T16:34:00+01:00,190.1,190.1,190.1,190.1,77
2024-11-25T16:34:30+01:00,190.08,190.08,189.96,189.96,154
2024-11-25T16:37:00+01:00,190.12,190.14,190.12,190.14,84
2024-11-25T16:42:00+01:00,190.46,190.52,190.46,190.52,157
2024-11-25T16:46:30+01:00,190.5,190.5,190.5,190.5,10
2024-11-25T16:47:00+01:00,190.4,190.4,190.4,190.4,58
2024-11-25T16:47:30+01:00,190.42,190.42,190.3,190.3,10
2024-11-25T16:50:30+01:00,190.66,190.66,190.66,190.66,30
2024-11-25T16:51:00+01:00,190.5,190.5,190.5,190.5,112
2024-11-25T16:56:00+01:00,190.62,190.62,190.62,190.62,70
2024-11-25T16:58:30+01:00,190.7,190.7,190.7,190.7,3
2024-11-25T16:59:00+01:00,190.72,190.72,190.64,190.64,343
2024-11-25T17:01:30+01:00,190.42,190.46,190.42,190.44,550
2024-11-25T17:02:00+01:00,190.42,190.42,190.42,190.42,77
2024-11-25T17:03:00+01:00,190.44,190.44,190.42,190.42,303
2024-11-25T17:03:30+01:00,190.4,190.4,190.4,190.4,266
2024-11-25T17:05:00+01:00,190.44,190.44,190.44,190.44,3
2024-11-25T17:05:30+01:00,190.48,190.52,190.48,190.52,543
2024-11-25T17:06:30+01:00,190.46,190.46,190.42,190.42,82
2024-11-25T17:08:00+01:00,190.5,190.5,190.5,190.5,8
2024-11-25T17:09:00+01:00,190.4,190.44,190.4,190.44,320
2024-11-25T17:10:30+01:00,190.54,190.56,190.48,190.48,327
2024-11-25T17:11:30+01:00,190.56,190.56,190.56,190.56,39
2024-11-25T17:13:00+01:00,190.64,190.64,190.64,190.64,94
2024-11-25T17:13:30+01:00,190.8,190.8,190.78,190.78,160
2024-11-25T17:14:00+01:00,190.76,190.76,190.76,190.76,3
2024-11-25T17:14:30+01:00,190.74,190.74,190.74,190.74,3
2024-11-25T17:15:30+01:00,190.76,190.76,190.76,190.76,26
2024-11-25T17:16:00+01:00,190.74,190.74,190.74,190.74,20
2024-11-25T17:16:30+01:00,190.78,190.78,190.64,190.64,415
2024-11-25T17:17:00+01:00,190.74,190.78,190.74,190.74,662
2024-11-25T17:18:00+01:00,190.98,190.98,190.98,190.98,94
2024-11-25T17:18:30+01:00,191,191,191,191,31
2024-11-25T17:19:30+01:00,191,191.02,191,191.02,101
2024-11-25T17:20:00+01:00,191,191,191,191,1
2024-11-25T17:21:30+01:00,191.1,191.1,191.1,191.1,10
2024-11-25T17:22:00+01:00,191.22,191.22,191.2,191.2,139
2024-11-25T17:23:00+01:00,191.2,191.2,191.18,191.18,178
2024-11-25T17:27:00+01:00,191.3,191.3,191.3,191.3,44
2024-11-25T17:28:30+01:00,191.22,191.22,191.22,191.22,83
2024-11-26T09:04:00+01:00,192,192,192,192,817
2024-11-26T09:05:30+01:00,192.06,192.06,192.06,192.06,5
2024-11-26T09:07:00+01:00,192.1,192.1,192.1,192.1,60
2024-11-26T09:08:00+01:00,192.1,192.1,192.1,192.1,360
2024-11-26T09:08:30+01:00,192.1,192.1,192.1,192.1,120
2024-11-26T09:09:00+01:00,192.1,192.1,192.06,192.06,66
2024-11-26T09:10:30+01:00,191.88,191.88,191.88,191.88,24
2024-11-26T09:11:30+01:00,191.92,191.92,191.9,191.9,12
2024-11-26T09:12:30+01:00,191.86,191.86,191.86,191.86,7
2024-11-26T09:13:30+01:00,192.02,192.08,192.02,192.08,150
2024-11-26T09:15:00+01:00,192.1,192.1,192.1,192.1,114
2024-11-26T09:16:30+01:00,191.98,191.98,191.98,191.98,24
2024-11-26T09:17:30+01:00,192.08,192.12,192.08,192.12,274
2024-11-26T09:20:30+01:00,191.94,191.94,191.94,191.94,69
2024-11-26T09:21:30+01:00,191.9,191.92,191.9,191.92,363
2024-11-26T09:22:00+01:00,191.9,191.9,191.9,191.9,2
2024-11-26T09:22:30+01:00,191.92,191.92,191.9,191.9,662
2024-11-26T09:23:00+01:00,191.9,191.9,191.9,191.9,2000
2024-11-26T09:23:30+01:00,191.9,191.9,191.9,191.9,22
2024-11-26T09:24:30+01:00,191.9,191.9,191.88,191.88,2061
2024-11-26T09:25:00+01:00,191.8,191.82,191.8,191.8,79
2024-11-26T09:25:30+01:00,191.84,191.84,191.84,191.84,15
2024-11-26T09:26:00+01:00,191.84,191.88,191.84,191.84,30
2024-11-26T09:26:30+01:00,191.92,191.94,191.92,191.94,112
2024-11-26T09:27:00+01:00,191.92,191.92,191.92,191.92,1907
2024-11-26T09:27:30+01:00,191.9,191.94,191.9,191.92,366
2024-11-26T09:28:00+01:00,191.92,191.92,191.88,191.88,229
2024-11-26T09:28:30+01:00,191.96,191.96,191.88,191.88,1417
2024-11-26T09:29:00+01:00,191.92,191.92,191.88,191.88,350
2024-11-26T09:29:30+01:00,191.9,191.9,191.88,191.88,700
2024-11-26T09:30:00+01:00,191.88,191.88,191.7,191.7,882
2024-11-26T09:31:00+01:00,191.76,191.76,191.72,191.72,20
2024-11-26T09:32:00+01:00,191.66,191.7,191.66,191.7,201
2024-11-26T09:33:30+01:00,191.64,191.64,191.64,191.64,16
2024-11-26T09:35:00+01:00,191.64,191.64,191.64,191.64,15
2024-11-26T09:36:00+01:00,191.6,191.62,191.58,191.62,60
2024-11-26T09:37:00+01:00,191.6,191.6,191.58,191.58,15
2024-11-26T09:37:30+01:00,191.64,191.64,191.64,191.64,14
2024-11-26T09:39:00+01:00,191.6,191.6,191.58,191.58,15
2024-11-26T09:40:00+01:00,191.7,191.7,191.7,191.7,52
2024-11-26T09:41:00+01:00,191.64,191.64,191.58,191.58,231
2024-11-26T09:42:00+01:00,191.66,191.66,191.66,191.66,15
2024-11-26T09:43:30+01:00,191.62,191.62,191.62,191.62,25
2024-11-26T09:44:00+01:00,191.72,191.72,191.72,191.72,2
2024-11-26T09:44:30+01:00,191.74,191.74,191.74,191.74,20
2024-11-26T09:45:00+01:00,191.7,191.7,191.7,191.7,44
2024-11-26T09:46:00+01:00,191.7,191.7,191.7,191.7,2
2024-11-26T09:47:00+01:00,191.74,191.74,191.7,191.7,11
2024-11-26T09:48:00+01:00,191.7,191.7,191.7,191.7,28
2024-11-26T09:48:30+01:00,191.72,191.72,191.72,191.72,7
2024-11-26T09:50:30+01:00,191.76,191.76,191.76,191.76,10
2024-11-26T09:55:00+01:00,191.68,191.68,191.66,191.66,276
2024-11-26T09:55:30+01:00,191.66,191.66,191.66,191.66,39
2024-11-26T09:56:00+01:00,191.66,191.66,191.66,191.66,123
2024-11-26T09:57:00+01:00,191.68,191.74,191.68,191.74,35
2024-11-26T09:59:00+01:00,191.74,191.74,191.74,191.74,2
2024-11-26T10:00:00+01:00,191.78,191.8,191.6,191.6,1215
2024-11-26T10:00:30+01:00,191.52,191.52,191.5,191.5,18
2024-11-26T10:01:30+01:00,191.42,191.42,191.4,191.42,937
2024-11-26T10:03:00+01:00,191.24,191.24,191.14,191.24,246
2024-11-26T10:03:30+01:00,191.12,191.12,191.02,191.04,141
2024-11-26T10:04:30+01:00,191.28,191.34,191.28,191.34,370
2024-11-26T10:05:00+01:00,191.34,191.4,191.26,191.28,2818
2024-11-26T10:08:00+01:00,191.24,191.24,191.24,191.24,17
2024-11-26T10:11:00+01:00,191.22,191.22,191.18,191.18,315
2024-11-26T10:11:30+01:00,191.16,191.16,191.14,191.14,76
2024-11-26T10:13:30+01:00,191,191,190.96,190.96,86
2024-11-26T10:14:30+01:00,191.14,191.14,191.14,191.14,79
2024-11-26T10:16:30+01:00,191.14,191.16,191.14,191.16,715
2024-11-26T10:19:30+01:00,191.16,191.16,191.12,191.12,329
2024-11-26T10:20:00+01:00,191.12,191.12,191.12,191.12,24
2024-11-26T10:27:30+01:00,191.28,191.28,191.28,191.28,10
2024-11-26T10:33:30+01:00,191.32,191.32,191.32,191.32,2
2024-11-26T10:37:30+01:00,191.2,191.2,191.2,191.2,26
2024-11-26T10:40:00+01:00,191.18,191.18,191.18,191.18,69
2024-11-26T10:47:00+01:00,191.16,191.16,191.16,191.16,9
2024-11-26T10:53:30+01:00,191.16,191.16,191.12,191.12,239
2024-11-26T10:55:30+01:00,191.24,191.24,191.24,191.24,10
2024-11-26T10:56:30+01:00,191.12,191.12,191.12,191.12,73
2024-11-26T10:57:00+01:00,191.12,191.12,191.12,191.12,79
2024-11-26T10:57:30+01:00,191.3,191.34,191.3,191.34,80
2024-11-26T10:58:00+01:00,191.16,191.16,191.14,191.14,261
2024-11-26T11:01:00+01:00,191.16,191.16,191.16,191.16,64
2024-11-26T11:02:30+01:00,191.08,191.08,190.88,190.98,598
2024-11-26T11:11:00+01:00,190.88,190.9,190.88,190.9,103
2024-11-26T11:14:30+01:00,190.94,190.94,190.94,190.94,8
2024-11-26T11:15:30+01:00,191,191.02,191,191.02,50
2024-11-26T11:19:30+01:00,190.98,190.98,190.98,190.98,77
2024-11-26T11:23:00+01:00,190.86,190.86,190.86,190.86,1
2024-11-26T11:23:30+01:00,190.84,190.84,190.84,190.84,1
2024-11-26T11:24:00+01:00,190.92,190.92,190.92,190.92,26
2024-11-26T11:25:00+01:00,190.86,190.86,190.86,190.86,1
2024-11-26T11:28:00+01:00,190.98,190.98,190.98,190.98,8
2024-11-26T11:29:30+01:00,190.86,190.86,190.86,190.86,1
2024-11-26T11:33:30+01:00,190.86,190.86,190.86,190.86,77
2024-11-26T11:44:30+01:00,190.54,190.54,190.54,190.54,20
2024-11-26T11:47:00+01:00,190.54,190.54,190.52,190.52,100
2024-11-26T11:52:00+01:00,190.9,190.9,190.9,190.9,6
2024-11-26T11:57:30+01:00,191,191,191,191,10
2024-11-26T12:02:30+01:00,191.16,191.18,191.16,191.18,100
2024-11-26T12:07:00+01:00,191.22,191.22,191.22,191.22,1
2024-11-26T12:09:00+01:00,191.36,191.64,191.36,191.62,479
2024-11-26T12:09:30+01:00,191.78,191.88,191.78,191.88,26
2024-11-26T12:10:00+01:00,191.86,191.88,191.86,191.88,192
2024-11-26T12:10:30+01:00,192,192,191.84,191.84,118
2024-11-26T12:11:00+01:00,191.5,191.5,191.44,191.44,19
2024-11-26T12:13:00+01:00,191.58,191.58,191.58,191.58,5
2024-11-26T12:16:00+01:00,191.72,191.72,191.72,191.72,49
2024-11-26T12:26:00+01:00,191.94,191.94,191.94,191.94,20
2024-11-26T12:28:30+01:00,191.94,191.98,191.94,191.98,75
2024-11-26T12:29:00+01:00,191.92,192,191.92,192,49
2024-11-26T12:29:30+01:00,192.04,192.1,192.04,192.04,399
2024-11-26T12:30:30+01:00,191.96,191.98,191.92,191.92,39
2024-11-26T12:31:30+01:00,191.96,191.96,191.96,191.96,14
2024-11-26T12:32:00+01:00,191.94,191.94,191.94,191.94,20
2024-11-26T12:33:00+01:00,192,192,192,192,104
2024-11-26T12:36:00+01:00,191.88,191.88,191.88,191.88,1
2024-11-26T12:40:00+01:00,191.82,191.82,191.82,191.82,32
2024-11-26T12:41:00+01:00,191.88,191.9,191.88,191.9,59
2024-11-26T12:44:00+01:00,191.98,192,191.98,192,250
2024-11-26T12:48:00+01:00,192.2,192.2,192.2,192.2,10
2024-11-26T12:49:30+01:00,192.14,192.14,192.14,192.14,200
2024-11-26T12:51:00+01:00,192.06,192.06,192.06,192.06,126
2024-11-26T12:52:30+01:00,192.2,192.2,192.2,192.2,84
2024-11-26T12:54:00+01:00,192.3,192.3,192.3,192.3,300
2024-11-26T12:55:00+01:00,192.18,192.18,192.18,192.18,150
2024-11-26T12:56:30+01:00,192.28,192.28,192.28,192.28,50
2024-11-26T12:57:00+01:00,192.32,192.32,192.3,192.32,226
2024-11-26T13:02:00+01:00,192.2,192.2,192.2,192.2,21
2024-11-26T13:06:00+01:00,192.06,192.06,192.06,192.06,200
2024-11-26T13:06:30+01:00,192.08,192.08,192.08,192.08,27
2024-11-26T13:07:30+01:00,192.08,192.08,192.08,192.08,13
2024-11-26T13:09:30+01:00,192.1,192.1,192.1,192.1,20
2024-11-26T13:12:30+01:00,192.12,192.12,192.12,192.12,50
2024-11-26T13:17:00+01:00,191.8,191.8,191.8,191.8,149
2024-11-26T13:19:30+01:00,191.7,191.7,191.64,191.64,285
2024-11-26T13:21:00+01:00,191.66,191.66,191.66,191.66,15
2024-11-26T13:24:00+01:00,191.76,191.76,191.76,191.76,27
2024-11-26T13:24:30+01:00,191.7,191.7,191.7,191.7,23
2024-11-26T13:32:30+01:00,191.36,191.36,191.36,191.36,1
2024-11-26T13:37:30+01:00,191.36,191.4,191.36,191.4,21
2024-11-26T13:38:00+01:00,191.3,191.34,191.3,191.34,51
2024-11-26T13:38:30+01:00,191.3,191.3,191.28,191.3,143
2024-11-26T13:43:30+01:00,191.42,191.42,191.42,191.42,16
2024-11-26T13:55:00+01:00,191.9,191.94,191.9,191.94,42
2024-11-26T13:58:30+01:00,191.98,191.98,191.98,191.98,5
2024-11-26T14:01:30+01:00,191.9,191.9,191.9,191.9,77
2024-11-26T14:10:30+01:00,192.1,192.1,192.1,192.1,44
2024-11-26T14:15:00+01:00,191.74,191.74,191.74,191.74,1
2024-11-26T14:21:30+01:00,192.16,192.26,192.16,192.26,12
2024-11-26T14:24:00+01:00,192.4,192.4,192.4,192.4,20
2024-11-26T14:27:00+01:00,192.46,192.46,192.46,192.46,1
2024-11-26T14:33:00+01:00,192.46,192.46,192.46,192.46,26
2024-11-26T14:38:30+01:00,192.56,192.56,192.56,192.56,52
2024-11-26T14:41:30+01:00,192.52,192.52,192.52,192.52,96
2024-11-26T14:45:00+01:00,192.46,192.46,192.46,192.46,155
2024-11-26T14:45:30+01:00,192.34,192.34,192.34,192.34,5
2024-11-26T14:56:00+01:00,192.58,192.58,192.58,192.58,29
2024-11-26T14:56:30+01:00,192.56,192.56,192.56,192.56,60
2024-11-26T14:57:30+01:00,192.64,192.64,192.64,192.64,28
2024-11-26T14:58:00+01:00,192.68,192.68,192.68,192.68,1
2024-11-26T15:02:30+01:00,192.7,192.7,192.7,192.7,4
2024-11-26T15:06:00+01:00,192.82,192.82,192.82,192.82,15
2024-11-26T15:06:30+01:00,192.94,192.94,192.94,192.94,30
2024-11-26T15:09:30+01:00,192.74,192.74,192.74,192.74,91
2024-11-26T15:10:00+01:00,192.78,192.78,192.78,192.78,71
2024-11-26T15:11:00+01:00,192.86,192.86,192.86,192.86,23
2024-11-26T15:11:30+01:00,192.86,192.86,192.86,192.86,2230
2024-11-26T15:12:00+01:00,192.84,192.84,192.84,192.84,19
2024-11-26T15:14:30+01:00,192.72,192.72,192.72,192.72,133
2024-11-26T15:15:00+01:00,192.76,192.76,192.76,192.76,23
2024-11-26T15:15:30+01:00,192.76,192.76,192.76,192.76,65
2024-11-26T15:17:00+01:00,192.66,192.66,192.66,192.66,15
2024-11-26T15:23:30+01:00,192.14,192.16,192.14,192.16,247
2024-11-26T15:24:00+01:00,192.1,192.16,192.1,192.16,148
2024-11-26T15:25:00+01:00,192.02,192.04,191.92,192.04,782
2024-11-26T15:27:30+01:00,192.16,192.4,192.16,192.4,145
2024-11-26T15:28:00+01:00,192.22,192.22,192.16,192.16,42
2024-11-26T15:28:30+01:00,192.16,192.16,192.16,192.16,80
2024-11-26T15:29:30+01:00,192.5,192.5,192.5,192.5,1196
2024-11-26T15:30:00+01:00,192.5,192.86,192.36,192.6,2087
2024-11-26T15:30:30+01:00,192.68,193.02,192.68,192.88,1487
2024-11-26T15:31:00+01:00,192.68,192.72,192.68,192.72,68
2024-11-26T15:31:30+01:00,193.22,193.4,193.22,193.4,1050
2024-11-26T15:32:00+01:00,193.6,193.9,193.6,193.9,164
2024-11-26T15:32:30+01:00,194,194.02,193.92,193.92,158
2024-11-26T15:33:00+01:00,193.96,193.96,193.96,193.96,219
2024-11-26T15:33:30+01:00,194.06,194.06,194.06,194.06,6
2024-11-26T15:34:00+01:00,194.2,194.32,194.2,194.32,1200
2024-11-26T15:35:00+01:00,194.34,194.48,194.34,194.46,370
2024-11-26T15:35:30+01:00,194.74,194.74,194.64,194.7,692
2024-11-26T15:36:00+01:00,194.86,195.14,194.86,195.12,611
2024-11-26T15:36:30+01:00,194.66,194.82,194.66,194.82,2175
2024-11-26T15:37:00+01:00,194.72,194.9,194.7,194.74,696
2024-11-26T15:37:30+01:00,195.4,195.52,195.4,195.52,380
2024-11-26T15:38:00+01:00,195.58,195.58,195.58,195.58,276
2024-11-26T15:39:30+01:00,195.12,195.12,195.12,195.12,100
2024-11-26T15:40:00+01:00,195.28,195.36,195.28,195.36,130
2024-11-26T15:40:30+01:00,195.46,195.46,195.36,195.36,454
2024-11-26T15:41:30+01:00,195.46,195.48,195.46,195.48,50
2024-11-26T15:42:30+01:00,195.62,195.62,195.52,195.52,114
2024-11-26T15:43:00+01:00,195.9,195.9,195.86,195.86,105
2024-11-26T15:43:30+01:00,196.04,196.04,196.04,196.04,6
2024-11-26T15:44:00+01:00,195.6,195.6,195.6,195.6,47
2024-11-26T15:45:00+01:00,195.28,195.28,195.28,195.28,3
2024-11-26T15:45:30+01:00,195.34,195.34,195.34,195.34,39
2024-11-26T15:46:00+01:00,195.3,195.3,195.18,195.18,28
2024-11-26T15:46:30+01:00,195.2,195.26,195.1,195.1,402
2024-11-26T15:47:00+01:00,195.1,195.12,195.1,195.12,12
2024-11-26T15:47:30+01:00,195.16,195.18,195.16,195.16,131
2024-11-26T15:48:30+01:00,195.22,195.22,195.22,195.22,3
2024-11-26T15:49:00+01:00,195.38,195.38,195.32,195.32,127
2024-11-26T15:49:30+01:00,195.58,195.72,195.56,195.72,53
2024-11-26T15:50:00+01:00,195.88,195.96,195.88,195.94,159
2024-11-26T15:50:30+01:00,196,196,195.94,195.94,125
2024-11-26T15:51:00+01:00,195.56,195.62,195.56,195.62,102
2024-11-26T15:51:30+01:00,195.62,195.72,195.54,195.54,118
2024-11-26T15:55:00+01:00,195.46,195.46,195.46,195.46,47
2024-11-26T15:56:00+01:00,195.38,195.38,195.38,195.38,19
2024-11-26T15:57:00+01:00,195.3,195.32,195.3,195.32,107
2024-11-26T15:57:30+01:00,195.32,195.38,195.32,195.38,9
2024-11-26T15:58:00+01:00,195.7,195.7,195.64,195.7,149
2024-11-26T15:58:30+01:00,195.82,195.9,195.64,195.64,70
2024-11-26T15:59:00+01:00,195.82,195.82,195.82,195.82,10
2024-11-26T15:59:30+01:00,195.74,195.76,195.6,195.74,189
2024-11-26T16:00:00+01:00,195.74,195.76,195.74,195.76,31
2024-11-26T16:00:30+01:00,195.66,195.66,195.66,195.66,182
2024-11-26T16:01:00+01:00,195.72,196,195.72,196,132
2024-11-26T16:01:30+01:00,195.76,195.76,195.7,195.72,97
2024-11-26T16:02:00+01:00,195.7,195.7,195.7,195.7,77
2024-11-26T16:02:30+01:00,195.92,195.92,195.92,195.92,31
2024-11-26T16:04:00+01:00,196.16,196.16,196.16,196.16,2
2024-11-26T16:04:30+01:00,196.16,196.16,196.16,196.16,47
2024-11-26T16:05:30+01:00,196.36,196.36,196.36,196.36,77
2024-11-26T16:06:00+01:00,196.54,196.6,196.48,196.52,459
2024-11-26T16:07:00+01:00,196.62,196.62,196.62,196.62,48
2024-11-26T16:08:00+01:00,196.74,196.74,196.74,196.74,200
2024-11-26T16:08:30+01:00,196.88,196.88,196.88,196.88,25
2024-11-26T16:09:00+01:00,196.56,196.56,196.56,196.56,48
2024-11-26T16:10:00+01:00,196.12,196.12,196.04,196.04,94
2024-11-26T16:10:30+01:00,196.5,196.5,196.5,196.5,66
2024-11-26T16:11:30+01:00,196.54,196.54,196.54,196.54,47
2024-11-26T16:12:00+01:00,196.66,196.7,196.66,196.7,133
2024-11-26T16:12:30+01:00,196.66,196.66,196.58,196.58,66
2024-11-26T16:13:00+01:00,196.82,196.82,196.82,196.82,26
2024-11-26T16:13:30+01:00,197.08,197.08,197.08,197.08,50
2024-11-26T16:14:00+01:00,197.04,197.04,197.04,197.04,80
2024-11-26T16:14:30+01:00,197.2,197.2,197.16,197.16,333
2024-11-26T16:15:30+01:00,196.74,196.74,196.66,196.66,379
2024-11-26T16:16:30+01:00,196.52,196.52,196.52,196.52,47
2024-11-26T16:17:00+01:00,196.6,196.6,196.6,196.6,1
2024-11-26T16:17:30+01:00,196.36,196.36,196.36,196.36,10
2024-11-26T16:19:30+01:00,196.04,196.04,196.04,196.04,17
2024-11-26T16:20:00+01:00,196.18,196.18,196.18,196.18,47
2024-11-26T16:20:30+01:00,196.08,196.08,196.08,196.08,14
2024-11-26T16:21:00+01:00,196.12,196.12,196.1,196.1,182
2024-11-26T16:21:30+01:00,196.16,196.16,196.16,196.16,17
2024-11-26T16:23:00+01:00,196.22,196.22,196.2,196.2,126
2024-11-26T16:23:30+01:00,196.18,196.18,196.18,196.18,77
2024-11-26T16:24:00+01:00,196.18,196.2,196.18,196.2,212
2024-11-26T16:25:30+01:00,196.16,196.3,196.16,196.3,100
2024-11-26T16:26:30+01:00,196.24,196.24,196.24,196.24,47
2024-11-26T16:28:30+01:00,196.14,196.14,196.14,196.14,100
2024-11-26T16:29:00+01:00,196.08,196.18,196.08,196.18,77
2024-11-26T16:31:00+01:00,196.44,196.44,196.44,196.44,347
2024-11-26T16:32:00+01:00,196.64,196.64,196.64,196.64,348
2024-11-26T16:33:00+01:00,196.74,196.74,196.72,196.72,377
2024-11-26T16:34:00+01:00,196.78,196.78,196.78,196.78,816
2024-11-26T16:35:00+01:00,196.96,196.98,196.96,196.98,160
2024-11-26T16:36:30+01:00,197.18,197.18,197.12,197.12,1281
2024-11-26T16:37:30+01:00,197.24,197.24,197.12,197.12,48
2024-11-26T16:39:00+01:00,197.1,197.1,197.1,197.1,287
2024-11-26T16:39:30+01:00,196.88,196.88,196.88,196.88,3
2024-11-26T16:40:00+01:00,196.78,196.78,196.72,196.72,28
2024-11-26T16:41:00+01:00,196.68,196.68,196.6,196.6,316
2024-11-26T16:42:00+01:00,196.76,196.76,196.7,196.76,78
2024-11-26T16:42:30+01:00,196.66,196.66,196.66,196.66,3
2024-11-26T16:43:00+01:00,196.68,196.68,196.62,196.62,102
2024-11-26T16:43:30+01:00,196.58,196.58,196.58,196.58,1
2024-11-26T16:46:30+01:00,197,197,197,197,77
2024-11-26T16:48:30+01:00,196.78,196.78,196.78,196.78,26
2024-11-26T16:49:30+01:00,197,197,197,197,11
2024-11-26T16:50:30+01:00,197.08,197.08,196.84,196.84,11
2024-11-26T16:51:30+01:00,197.16,197.16,197.16,197.16,100
2024-11-26T16:52:00+01:00,197.1,197.1,197.1,197.1,47
2024-11-26T16:53:00+01:00,197.02,197.02,197.02,197.02,242
2024-11-26T16:54:30+01:00,197.26,197.26,197.26,197.26,7
2024-11-26T16:55:00+01:00,197.44,197.44,197.42,197.42,182
2024-11-26T16:55:30+01:00,197.5,197.5,197.48,197.48,300
2024-11-26T16:56:00+01:00,197.54,197.62,197.54,197.6,429
2024-11-26T16:57:30+01:00,197.54,197.54,197.52,197.52,125
2024-11-26T16:58:30+01:00,197.64,197.72,197.64,197.72,55
2024-11-26T16:59:00+01:00,197.7,197.7,197.7,197.7,300
2024-11-26T17:00:00+01:00,197.74,197.74,197.74,197.74,350
2024-11-26T17:01:00+01:00,198,198.22,198,198.22,247
2024-11-26T17:01:30+01:00,198.18,198.18,198.18,198.18,1
2024-11-26T17:05:30+01:00,197.34,197.34,197.34,197.34,5
2024-11-26T17:06:00+01:00,197.38,197.52,197.38,197.52,171
2024-11-26T17:06:30+01:00,197.44,197.44,197.44,197.44,12
2024-11-26T17:07:30+01:00,197.44,197.52,197.44,197.52,341
2024-11-26T17:08:00+01:00,197.48,197.48,197.48,197.48,15
2024-11-26T17:11:00+01:00,197.16,197.16,197.16,197.16,7
2024-11-26T17:12:00+01:00,197.1,197.1,197.1,197.1,12
2024-11-26T17:13:00+01:00,196.96,196.96,196.96,196.96,147
2024-11-26T17:13:30+01:00,197.08,197.08,197.08,197.08,29
2024-11-26T17:15:30+01:00,197.08,197.08,197.08,197.08,77
2024-11-26T17:16:00+01:00,197.22,197.22,197.22,197.22,5
2024-11-26T17:16:30+01:00,197.22,197.22,197.22,197.22,100
2024-11-26T17:17:00+01:00,197.12,197.12,197.12,197.12,1
2024-11-26T17:18:00+01:00,196.88,196.88,196.88,196.88,8
2024-11-26T17:18:30+01:00,196.84,196.84,196.84,196.84,77
2024-11-26T17:19:00+01:00,196.9,196.9,196.9,196.9,20
2024-11-26T17:19:30+01:00,196.9,196.96,196.9,196.96,61
2024-11-26T17:21:00+01:00,197.26,197.26,197.26,197.26,300
2024-11-26T17:22:00+01:00,197.26,197.26,197.26,197.26,30
2024-11-26T17:22:30+01:00,197.2,197.2,197.2,197.2,48
2024-11-26T17:23:30+01:00,197.34,197.34,197.34,197.34,47
2024-11-26T17:24:00+01:00,197.22,197.22,197.22,197.22,183
2024-11-26T17:25:00+01:00,197.14,197.14,197.14,197.14,1
2024-11-26T17:26:00+01:00,197.12,197.12,197.12,197.12,600
2024-11-26T17:26:30+01:00,196.92,196.92,196.92,196.92,20
2024-11-26T17:28:00+01:00,196.88,196.88,196.88,196.88,30
2024-11-26T17:28:30+01:00,196.9,196.92,196.9,196.92,60
2024-11-26T17:29:00+01:00,196.82,196.82,196.74,196.74,352
2024-11-27T09:04:00+01:00,198.54,198.54,198.52,198.52,1950
2024-11-27T09:06:30+01:00,198.38,198.38,198.38,198.38,42
2024-11-27T09:07:00+01:00,198.26,198.26,198.1,198.1,30
2024-11-27T09:07:30+01:00,198.24,198.24,198.24,198.24,193
2024-11-27T09:10:30+01:00,198.2,198.2,198.2,198.2,98
2024-11-27T09:11:30+01:00,198.12,198.12,198.1,198.1,300
2024-11-27T09:13:00+01:00,198.18,198.18,198.18,198.18,182
2024-11-27T09:13:30+01:00,198.1,198.1,198.1,198.1,289
2024-11-27T09:15:00+01:00,198,198,197.88,197.88,52
2024-11-27T09:15:30+01:00,198.02,198.02,198.02,198.02,52
2024-11-27T09:16:00+01:00,198.08,198.08,198.08,198.08,8
2024-11-27T09:18:00+01:00,197.94,198.08,197.94,198.08,35
2024-11-27T09:18:30+01:00,198.06,198.1,198.06,198.1,56
2024-11-27T09:21:00+01:00,197.5,197.6,197.48,197.6,221
2024-11-27T09:22:30+01:00,197.48,197.48,197.48,197.48,3
2024-11-27T09:23:30+01:00,197.46,197.52,197.46,197.52,53
2024-11-27T09:26:00+01:00,197.46,197.46,197.44,197.44,50
2024-11-27T09:27:00+01:00,197.58,197.58,197.58,197.58,2
2024-11-27T09:29:30+01:00,197.64,197.7,197.64,197.7,199
2024-11-27T09:30:00+01:00,197.66,197.66,197.66,197.66,2
2024-11-27T09:32:30+01:00,197.56,197.56,197.52,197.54,159
2024-11-27T09:33:00+01:00,197.56,197.74,197.56,197.74,2868
2024-11-27T09:37:00+01:00,197.6,197.6,197.58,197.58,50
2024-11-27T09:41:00+01:00,197.6,197.6,197.6,197.6,66
2024-11-27T09:42:00+01:00,197.6,197.6,197.6,197.6,210
2024-11-27T09:43:00+01:00,197.6,197.6,197.6,197.6,436
2024-11-27T09:43:30+01:00,197.62,197.62,197.62,197.62,2
2024-11-27T09:44:00+01:00,197.62,197.62,197.62,197.62,2
2024-11-27T09:44:30+01:00,197.62,197.66,197.62,197.66,226
2024-11-27T09:45:30+01:00,197.78,197.8,197.78,197.8,79
2024-11-27T09:48:30+01:00,197.86,197.86,197.86,197.86,9
2024-11-27T09:49:00+01:00,197.82,197.82,197.82,197.82,620
2024-11-27T09:50:00+01:00,197.82,197.82,197.82,197.82,1
2024-11-27T09:50:30+01:00,197.82,197.82,197.82,197.82,651
2024-11-27T09:51:00+01:00,197.82,197.82,197.82,197.82,139
2024-11-27T09:52:30+01:00,197.84,197.86,197.84,197.86,353
2024-11-27T09:54:30+01:00,197.82,197.82,197.82,197.82,133
2024-11-27T09:55:30+01:00,197.82,197.82,197.8,197.82,1718
2024-11-27T09:57:00+01:00,197.82,197.82,197.76,197.76,612
2024-11-27T09:58:30+01:00,197.8,197.8,197.8,197.8,252
2024-11-27T09:59:00+01:00,197.8,197.8,197.8,197.8,103
2024-11-27T10:00:00+01:00,197.8,197.86,197.8,197.86,1053
2024-11-27T10:01:30+01:00,197.82,197.84,197.82,197.84,47
2024-11-27T10:06:30+01:00,197.64,197.66,197.64,197.66,95
2024-11-27T10:07:00+01:00,197.74,197.74,197.74,197.74,13
2024-11-27T10:07:30+01:00,197.72,197.72,197.72,197.72,65
2024-11-27T10:08:00+01:00,197.78,197.78,197.78,197.78,20
2024-11-27T10:09:00+01:00,197.74,197.74,197.74,197.74,296
2024-11-27T10:09:30+01:00,197.66,197.66,197.66,197.66,1
2024-11-27T10:10:00+01:00,197.6,197.6,197.56,197.56,110
2024-11-27T10:11:00+01:00,197.52,197.52,197.52,197.52,84
2024-11-27T10:17:00+01:00,197.7,197.7,197.7,197.7,296
2024-11-27T10:18:30+01:00,197.6,197.6,197.58,197.6,530
2024-11-27T10:19:00+01:00,197.6,197.6,197.6,197.6,2263
2024-11-27T10:19:30+01:00,197.64,197.64,197.64,197.64,7
2024-11-27T10:21:00+01:00,197.5,197.5,197.5,197.5,6
2024-11-27T10:23:00+01:00,197.46,197.5,197.46,197.5,46
2024-11-27T10:23:30+01:00,197.52,197.52,197.52,197.52,79
2024-11-27T10:28:30+01:00,197.38,197.38,197.38,197.38,1
2024-11-27T10:30:00+01:00,197.64,197.68,197.64,197.68,17
2024-11-27T10:31:00+01:00,197.52,197.58,197.52,197.58,155
2024-11-27T10:31:30+01:00,197.5,197.5,197.5,197.5,19
2024-11-27T10:32:30+01:00,197.58,197.6,197.58,197.6,200
2024-11-27T10:33:00+01:00,197.56,197.62,197.56,197.62,800
2024-11-27T10:33:30+01:00,197.6,197.6,197.6,197.6,28
2024-11-27T10:39:00+01:00,197.64,197.68,197.64,197.64,122
2024-11-27T10:40:00+01:00,197.52,197.52,197.5,197.5,45
2024-11-27T10:41:30+01:00,197.64,197.64,197.64,197.64,77
2024-11-27T10:42:30+01:00,197.74,197.76,197.74,197.76,89
2024-11-27T10:43:00+01:00,197.8,197.8,197.8,197.8,7
2024-11-27T10:43:30+01:00,197.82,197.86,197.82,197.86,218
2024-11-27T10:44:00+01:00,197.82,197.88,197.82,197.88,120
2024-11-27T10:45:00+01:00,197.98,197.98,197.98,197.98,5
2024-11-27T10:46:00+01:00,197.88,197.88,197.88,197.88,2
2024-11-27T10:48:00+01:00,197.92,197.92,197.92,197.92,22
2024-11-27T10:49:00+01:00,197.78,197.78,197.78,197.78,296
2024-11-27T10:51:30+01:00,197.72,197.72,197.72,197.72,20
2024-11-27T10:54:00+01:00,197.54,197.54,197.52,197.52,323
2024-11-27T10:55:00+01:00,197.38,197.38,197.32,197.32,320
2024-11-27T10:56:00+01:00,197.5,197.5,197.5,197.5,2
2024-11-27T10:57:00+01:00,197.48,197.48,197.48,197.48,100
2024-11-27T11:03:00+01:00,197.4,197.44,197.4,197.42,48
2024-11-27T11:03:30+01:00,197.44,197.44,197.44,197.44,5
2024-11-27T11:04:00+01:00,197.46,197.48,197.46,197.48,51
2024-11-27T11:04:30+01:00,197.48,197.48,197.48,197.48,3
2024-11-27T11:10:00+01:00,197.36,197.36,197.32,197.32,220
2024-11-27T11:17:00+01:00,197.58,197.58,197.58,197.58,30
2024-11-27T11:22:00+01:00,197.5,197.5,197.48,197.48,211
2024-11-27T11:22:30+01:00,197.52,197.52,197.52,197.52,4
2024-11-27T11:24:00+01:00,197.58,197.58,197.58,197.58,7
2024-11-27T11:26:30+01:00,197.58,197.58,197.58,197.58,36
2024-11-27T11:28:00+01:00,197.56,197.56,197.56,197.56,33
2024-11-27T11:30:00+01:00,197.5,197.5,197.5,197.5,25
2024-11-27T11:30:30+01:00,197.54,197.54,197.54,197.54,152
2024-11-27T11:33:30+01:00,197.56,197.56,197.56,197.56,64
2024-11-27T11:39:30+01:00,197.58,197.58,197.58,197.58,20
2024-11-27T11:48:00+01:00,197.26,197.26,197.24,197.24,74
2024-11-27T11:49:00+01:00,197.3,197.3,197.3,197.3,27
2024-11-27T11:51:00+01:00,197.36,197.36,197.36,197.36,10
2024-11-27T12:02:00+01:00,197.48,197.48,197.48,197.48,3
2024-11-27T12:06:00+01:00,197.42,197.42,197.42,197.42,1
2024-11-27T12:33:00+01:00,197.42,197.42,197.42,197.42,10
2024-11-27T12:35:30+01:00,197.22,197.22,197.22,197.22,1
2024-11-27T12:36:00+01:00,197.2,197.2,197.18,197.2,201
2024-11-27T12:36:30+01:00,197.28,197.28,197.28,197.28,50
2024-11-27T12:37:30+01:00,197.2,197.2,197.2,197.2,10
2024-11-27T12:38:30+01:00,197.2,197.2,197.2,197.2,6
2024-11-27T12:40:00+01:00,197.1,197.1,197.1,197.1,1
2024-11-27T12:43:30+01:00,197,197,197,197,15
2024-11-27T12:47:00+01:00,197.16,197.16,197.16,197.16,1
2024-11-27T12:50:00+01:00,197.24,197.24,197.24,197.24,15
2024-11-27T12:51:00+01:00,197.14,197.14,197.14,197.14,1
2024-11-27T12:52:30+01:00,197.1,197.1,197.1,197.1,318
2024-11-27T12:55:00+01:00,197.1,197.1,197.08,197.08,100
2024-11-27T13:03:00+01:00,196.98,196.98,196.98,196.98,3
2024-11-27T13:07:00+01:00,197.06,197.06,197.06,197.06,77
2024-11-27T13:07:30+01:00,196.98,196.98,196.96,196.96,188
2024-11-27T13:08:00+01:00,196.94,196.94,196.94,196.94,75
2024-11-27T13:11:30+01:00,197,197,197,197,189
2024-11-27T13:13:00+01:00,197.04,197.1,197.04,197.1,49
2024-11-27T13:17:00+01:00,197.02,197.02,197.02,197.02,10
2024-11-27T13:19:00+01:00,197.3,197.3,197.3,197.3,10
2024-11-27T13:22:00+01:00,197.32,197.32,197.32,197.32,93
2024-11-27T13:23:00+01:00,197.36,197.36,197.36,197.36,15
2024-11-27T13:28:00+01:00,197.18,197.18,197.18,197.18,126
2024-11-27T13:28:30+01:00,197.28,197.28,197.28,197.28,10
2024-11-27T13:31:30+01:00,196.98,196.98,196.98,196.98,2
2024-11-27T13:33:00+01:00,196.9,196.9,196.9,196.9,97
2024-11-27T13:37:30+01:00,197.12,197.12,197.12,197.12,100
2024-11-27T13:55:30+01:00,197.48,197.48,197.48,197.48,1
2024-11-27T13:57:00+01:00,197.56,197.56,197.54,197.54,324
2024-11-27T13:57:30+01:00,197.52,197.6,197.52,197.6,223
2024-11-27T13:59:30+01:00,197.66,197.66,197.62,197.62,328
2024-11-27T14:00:30+01:00,197.58,197.58,197.58,197.58,3
2024-11-27T14:01:30+01:00,197.66,197.7,197.58,197.7,352
2024-11-27T14:02:00+01:00,197.6,197.6,197.6,197.6,174
2024-11-27T14:02:30+01:00,197.6,197.6,197.6,197.6,54
2024-11-27T14:03:30+01:00,197.6,197.6,197.6,197.6,27
2024-11-27T14:04:00+01:00,197.62,197.62,197.62,197.62,99
2024-11-27T14:04:30+01:00,197.64,197.64,197.62,197.62,30
2024-11-27T14:05:00+01:00,197.68,197.68,197.68,197.68,22
2024-11-27T14:06:00+01:00,197.76,197.76,197.76,197.76,296
2024-11-27T14:06:30+01:00,197.76,197.76,197.76,197.76,51
2024-11-27T14:07:30+01:00,197.74,197.74,197.74,197.74,115
2024-11-27T14:11:00+01:00,197.86,197.86,197.86,197.86,73
2024-11-27T14:14:00+01:00,198.04,198.04,198.04,198.04,33
2024-11-27T14:15:30+01:00,198.02,198.02,198.02,198.02,147
2024-11-27T14:16:00+01:00,198.02,198.02,198.02,198.02,107
2024-11-27T14:19:00+01:00,198,198,198,198,22
2024-11-27T14:20:30+01:00,198,198,197.9,197.9,1928
2024-11-27T14:21:00+01:00,197.86,197.86,197.86,197.86,113
2024-11-27T14:21:30+01:00,197.82,197.82,197.82,197.82,26
2024-11-27T14:22:30+01:00,197.86,197.86,197.86,197.86,9
2024-11-27T14:24:00+01:00,197.96,197.96,197.96,197.96,20
2024-11-27T14:25:00+01:00,197.84,197.84,197.84,197.84,83
2024-11-27T14:25:30+01:00,197.78,197.78,197.76,197.76,60
2024-11-27T14:26:00+01:00,197.76,197.76,197.7,197.72,194
2024-11-27T14:30:00+01:00,197.98,198,197.98,198,27
2024-11-27T14:30:30+01:00,197.86,197.94,197.86,197.94,120
2024-11-27T14:31:30+01:00,197.96,197.96,197.96,197.96,237
2024-11-27T14:32:00+01:00,197.98,197.98,197.98,197.98,77
2024-11-27T14:32:30+01:00,198.1,198.1,198.1,198.1,5
2024-11-27T14:34:00+01:00,197.96,197.96,197.74,197.74,403
2024-11-27T14:34:30+01:00,197.66,197.66,197.66,197.66,3
2024-11-27T14:35:30+01:00,197.56,197.56,197.56,197.56,64
2024-11-27T14:38:30+01:00,197.44,197.44,197.44,197.44,1
2024-11-27T14:39:00+01:00,197.4,197.4,197.4,197.4,68
2024-11-27T14:40:00+01:00,197.18,197.18,197.18,197.18,100
2024-11-27T14:41:30+01:00,197.48,197.48,197.48,197.48,135
2024-11-27T14:44:00+01:00,197.48,197.48,197.48,197.48,27
2024-11-27T14:45:30+01:00,197.62,197.64,197.62,197.64,315
2024-11-27T14:46:30+01:00,197.54,197.54,197.54,197.54,89
2024-11-27T14:48:00+01:00,197.44,197.44,197.44,197.44,23
2024-11-27T14:50:00+01:00,197.36,197.36,197.36,197.36,5
2024-11-27T14:51:00+01:00,197.4,197.4,197.4,197.4,93
2024-11-27T14:51:30+01:00,197.32,197.36,197.32,197.36,179
2024-11-27T14:52:30+01:00,197.56,197.56,197.54,197.54,127
2024-11-27T14:53:30+01:00,197.56,197.56,197.56,197.56,67
2024-11-27T14:55:30+01:00,197.48,197.48,197.44,197.48,137
2024-11-27T14:57:30+01:00,197.34,197.34,197.34,197.34,3
2024-11-27T14:58:00+01:00,197.12,197.12,197.1,197.1,30
2024-11-27T15:00:00+01:00,197,197,197,197,25
2024-11-27T15:03:00+01:00,196.9,197,196.86,196.86,233
2024-11-27T15:03:30+01:00,196.84,196.84,196.78,196.78,45
2024-11-27T15:04:00+01:00,196.8,196.8,196.8,196.8,66
2024-11-27T15:10:30+01:00,196.7,196.74,196.58,196.66,778
2024-11-27T15:11:00+01:00,196.62,196.62,196.62,196.62,296
2024-11-27T15:11:30+01:00,196.58,196.58,196.58,196.58,28
2024-11-27T15:14:30+01:00,196.72,196.72,196.72,196.72,296
2024-11-27T15:15:00+01:00,196.66,196.66,196.66,196.66,27
2024-11-27T15:17:00+01:00,196.74,196.74,196.66,196.66,9
2024-11-27T15:17:30+01:00,196.62,196.62,196.62,196.62,79
2024-11-27T15:18:30+01:00,196.6,196.68,196.6,196.62,292
2024-11-27T15:22:30+01:00,196.7,196.7,196.7,196.7,77
2024-11-27T15:23:00+01:00,196.6,196.6,196.6,196.6,7
2024-11-27T15:24:00+01:00,196.7,196.76,196.7,196.76,10
2024-11-27T15:25:30+01:00,196.52,196.52,196.52,196.52,5
2024-11-27T15:27:30+01:00,196.34,196.34,196.14,196.14,724
2024-11-27T15:28:30+01:00,195.9,195.9,195.9,195.9,20
2024-11-27T15:30:00+01:00,196.06,196.3,196.06,196.3,36
2024-11-27T15:30:30+01:00,196,196.38,196,196.38,406
2024-11-27T15:31:00+01:00,196,196,195.7,195.7,592
2024-11-27T15:31:30+01:00,195.78,195.78,195.78,195.78,2
2024-11-27T15:32:30+01:00,195.84,195.84,195.84,195.84,29
2024-11-27T15:34:00+01:00,195.78,195.78,195.78,195.78,59
2024-11-27T15:34:30+01:00,195.5,195.5,195.42,195.42,101
2024-11-27T15:35:00+01:00,195.44,195.44,195.2,195.2,126
2024-11-27T15:35:30+01:00,195.3,195.3,195.3,195.3,201
2024-11-27T15:37:00+01:00,195.68,195.8,195.68,195.8,82
2024-11-27T15:37:30+01:00,195.62,195.62,195.62,195.62,86
2024-11-27T15:38:30+01:00,195.72,195.72,195.72,195.72,180
2024-11-27T15:39:00+01:00,195.76,195.76,195.76,195.76,77
2024-11-27T15:39:30+01:00,195.64,195.64,195.64,195.64,10
2024-11-27T15:40:00+01:00,195.62,195.62,195.62,195.62,84
2024-11-27T15:40:30+01:00,195.38,195.38,195.38,195.38,117
2024-11-27T15:41:00+01:00,195.18,195.18,194.84,194.94,1360
2024-11-27T15:41:30+01:00,195,195.24,194.96,195.2,451
2024-11-27T15:42:00+01:00,195.26,195.26,195.26,195.26,22
2024-11-27T15:42:30+01:00,195.44,195.54,195.42,195.5,449
2024-11-27T15:43:00+01:00,195.6,195.6,195.6,195.6,10
2024-11-27T15:43:30+01:00,195.58,195.58,195.58,195.58,100
2024-11-27T15:44:00+01:00,195.78,195.8,195.46,195.46,161
2024-11-27T15:44:30+01:00,195.32,195.34,195.32,195.34,149
2024-11-27T15:46:30+01:00,195.24,195.24,195,195.02,485
2024-11-27T15:47:00+01:00,195.1,195.1,195.1,195.1,10
2024-11-27T15:47:30+01:00,195,195.14,195,195.14,340
2024-11-27T15:48:00+01:00,195.18,195.18,195.04,195.04,161
2024-11-27T15:49:00+01:00,195.04,195.04,195.04,195.04,122
2024-11-27T15:50:00+01:00,195.36,195.36,195.36,195.36,300
2024-11-27T15:51:00+01:00,195.44,195.44,195.44,195.44,61
2024-11-27T15:51:30+01:00,195.34,195.34,195.34,195.34,9
2024-11-27T15:52:30+01:00,195.34,195.34,195.34,195.34,84
2024-11-27T15:54:30+01:00,195.34,195.34,195.34,195.34,3
2024-11-27T15:56:00+01:00,195.08,195.08,195.08,195.08,55
2024-11-27T15:56:30+01:00,194.98,194.98,194.98,194.98,1
2024-11-27T15:57:30+01:00,195.28,195.28,195.28,195.28,49
2024-11-27T15:58:00+01:00,195.18,195.18,195.18,195.18,49
2024-11-27T15:58:30+01:00,195.32,195.32,195.32,195.32,25
2024-11-27T16:00:00+01:00,195.4,195.4,195.4,195.4,14
2024-11-27T16:02:00+01:00,195.06,195.06,195.04,195.04,591
2024-11-27T16:02:30+01:00,195.24,195.28,195.24,195.28,55
2024-11-27T16:04:30+01:00,195.68,195.68,195.68,195.68,49
2024-11-27T16:05:00+01:00,195.82,195.82,195.82,195.82,66
2024-11-27T16:10:00+01:00,195.84,195.84,195.84,195.84,50
2024-11-27T16:11:00+01:00,195.96,195.96,195.96,195.96,120
2024-11-27T16:12:00+01:00,195.44,195.44,195.44,195.44,50
2024-11-27T16:14:30+01:00,195.36,195.36,195.36,195.36,49
2024-11-27T16:15:30+01:00,195.1,195.1,195.1,195.1,7
2024-11-27T16:16:00+01:00,195.12,195.12,195.12,195.12,49
2024-11-27T16:17:00+01:00,195.3,195.32,195.3,195.32,56
2024-11-27T16:19:00+01:00,195.58,195.6,195.58,195.6,89
2024-11-27T16:22:00+01:00,195.68,195.68,195.68,195.68,6
2024-11-27T16:25:30+01:00,195.7,195.7,195.7,195.7,25
2024-11-27T16:27:30+01:00,195.4,195.42,195.4,195.42,152
2024-11-27T16:28:00+01:00,195.44,195.44,195.44,195.44,45
2024-11-27T16:29:00+01:00,195.48,195.48,195.48,195.48,50
2024-11-27T16:30:00+01:00,195.4,195.4,195.4,195.4,20
2024-11-27T16:31:00+01:00,195.48,195.48,195.48,195.48,84
2024-11-27T16:31:30+01:00,195.52,195.52,195.52,195.52,65
2024-11-27T16:32:30+01:00,195.7,195.7,195.7,195.7,21
2024-11-27T16:34:00+01:00,195.82,195.82,195.82,195.82,77
2024-11-27T16:35:00+01:00,195.72,195.8,195.72,195.8,126
2024-11-27T16:36:00+01:00,195.62,195.62,195.62,195.62,50
2024-11-27T16:37:00+01:00,195.58,195.58,195.58,195.58,17
2024-11-27T16:38:00+01:00,195.42,195.42,195.42,195.42,3
2024-11-27T16:39:00+01:00,195.34,195.42,195.34,195.42,97
2024-11-27T16:41:30+01:00,195.32,195.32,195.32,195.32,40
2024-11-27T16:43:00+01:00,195.36,195.36,195.36,195.36,209
2024-11-27T16:43:30+01:00,195.48,195.48,195.48,195.48,49
2024-11-27T16:45:00+01:00,195.68,195.78,195.68,195.78,433
2024-11-27T16:46:00+01:00,195.58,195.58,195.58,195.58,49
2024-11-27T16:46:30+01:00,195.54,195.54,195.54,195.54,50
2024-11-27T16:47:00+01:00,195.56,195.58,195.56,195.58,36
2024-11-27T16:48:00+01:00,195.46,195.46,195.46,195.46,61
2024-11-27T16:49:00+01:00,195.1,195.1,195.1,195.1,10
2024-11-27T16:50:00+01:00,195.06,195.08,195,195,436
2024-11-27T16:50:30+01:00,195.04,195.04,195.04,195.04,175
2024-11-27T16:52:00+01:00,195.06,195.12,195.06,195.12,21
2024-11-27T16:52:30+01:00,194.96,194.96,194.96,194.96,60
2024-11-27T16:53:00+01:00,195.04,195.04,195.04,195.04,61
2024-11-27T16:53:30+01:00,194.88,194.88,194.88,194.88,19
2024-11-27T16:54:30+01:00,194.94,194.94,194.94,194.94,40
2024-11-27T16:55:00+01:00,194.94,194.96,194.94,194.96,106
2024-11-27T16:55:30+01:00,194.92,194.92,194.92,194.92,26
2024-11-27T16:56:00+01:00,194.9,194.9,194.88,194.88,120
2024-11-27T16:57:30+01:00,195.22,195.22,195.22,195.22,100
2024-11-27T16:58:00+01:00,195.32,195.32,195.32,195.32,49
2024-11-27T16:59:00+01:00,195.34,195.34,195.34,195.34,14
2024-11-27T17:01:00+01:00,195.08,195.08,195.08,195.08,77
2024-11-27T17:01:30+01:00,194.78,194.78,194.78,194.78,49
2024-11-27T17:03:30+01:00,194.98,194.98,194.92,194.92,29
2024-11-27T17:04:30+01:00,194.92,194.92,194.92,194.92,49
2024-11-27T17:06:00+01:00,195.06,195.06,195.06,195.06,20
2024-11-27T17:07:00+01:00,194.82,194.82,194.82,194.82,77
2024-11-27T17:09:30+01:00,194.68,194.7,194.68,194.7,40
2024-11-27T17:10:00+01:00,194.56,194.56,194.56,194.56,175
2024-11-27T17:10:30+01:00,194.54,194.54,194.5,194.5,27
2024-11-27T17:11:00+01:00,194.42,194.44,194.42,194.44,64
2024-11-27T17:11:30+01:00,194.4,194.42,194.38,194.38,1285
2024-11-27T17:12:00+01:00,194.28,194.28,194.28,194.28,31
2024-11-27T17:13:30+01:00,194.74,194.74,194.74,194.74,73
2024-11-27T17:15:30+01:00,194.66,194.66,194.66,194.66,40
2024-11-27T17:17:30+01:00,194.48,194.48,194.48,194.48,1
2024-11-27T17:18:00+01:00,194.42,194.42,194.4,194.4,147
2024-11-27T17:18:30+01:00,194.46,194.46,194.46,194.46,50
2024-11-27T17:19:00+01:00,194.58,194.58,194.58,194.58,10
2024-11-27T17:20:30+01:00,194.78,194.78,194.78,194.78,13
2024-11-27T17:21:00+01:00,194.76,194.76,194.76,194.76,117
2024-11-27T17:22:00+01:00,194.72,194.72,194.72,194.72,11
2024-11-27T17:22:30+01:00,194.68,194.68,194.62,194.62,550
2024-11-27T17:23:00+01:00,194.66,194.66,194.66,194.66,5
2024-11-27T17:25:30+01:00,194.38,194.38,194.38,194.38,61
2024-11-27T17:26:30+01:00,194.38,194.38,194.38,194.38,34
2024-11-27T17:27:30+01:00,194.36,194.36,194.34,194.34,55
2024-11-27T17:28:00+01:00,194.34,194.34,194.34,194.34,12
2024-11-27T17:28:30+01:00,194.38,194.38,194.34,194.34,293
2024-11-27T17:29:00+01:00,194.34,194.34,194.34,194.34,12
2024-11-27T17:29:30+01:00,194.46,194.46,194.46,194.46,241
2024-11-28T09:04:00+01:00,195.1,195.1,195.1,195.1,447
2024-11-28T09:07:30+01:00,195.7,195.7,195.7,195.7,15
2024-11-28T09:17:30+01:00,195.84,195.84,195.84,195.84,2
2024-11-28T09:18:00+01:00,195.94,195.96,195.94,195.96,38
2024-11-28T09:19:30+01:00,196.2,196.2,196.08,196.08,166
2024-11-28T09:22:00+01:00,196.18,196.18,196.12,196.12,188
2024-11-28T09:24:00+01:00,196.24,196.24,196.24,196.24,501
2024-11-28T09:24:30+01:00,196.34,196.34,196.34,196.34,12
2024-11-28T09:25:00+01:00,196.32,196.32,196.3,196.3,502
2024-11-28T09:25:30+01:00,196.28,196.28,196.28,196.28,10
2024-11-28T09:27:30+01:00,196.48,196.48,196.48,196.48,25
2024-11-28T09:28:30+01:00,196.44,196.44,196.44,196.44,8
2024-11-28T09:32:00+01:00,196.24,196.24,196.24,196.24,17
2024-11-28T09:35:00+01:00,196.34,196.34,196.34,196.34,27
2024-11-28T09:35:30+01:00,196.3,196.3,196.24,196.24,118
2024-11-28T09:40:30+01:00,196.26,196.26,196.24,196.24,152
2024-11-28T09:42:30+01:00,196.3,196.3,196.24,196.3,166
2024-11-28T09:43:30+01:00,196.24,196.24,196.04,196.04,609
2024-11-28T09:44:30+01:00,195.94,196.08,195.94,196.08,51
2024-11-28T09:47:30+01:00,196.08,196.08,196.08,196.08,3
2024-11-28T09:49:30+01:00,195.98,195.98,195.98,195.98,96
2024-11-28T09:54:30+01:00,196.08,196.3,196.08,196.3,1637
2024-11-28T09:55:30+01:00,196.18,196.2,196.18,196.2,1000
2024-11-28T09:57:00+01:00,196.3,196.3,196.3,196.3,102
2024-11-28T09:57:30+01:00,196.32,196.32,196.32,196.32,1
2024-11-28T09:58:30+01:00,196.34,196.34,196.34,196.34,12
2024-11-28T09:59:00+01:00,196.32,196.32,196.32,196.32,19
2024-11-28T10:00:00+01:00,196.4,196.4,196.4,196.4,102
2024-11-28T10:01:00+01:00,196.42,196.5,196.42,196.5,25
2024-11-28T10:02:00+01:00,196.42,196.42,196.42,196.42,15
2024-11-28T10:02:30+01:00,196.38,196.38,196.38,196.38,24
2024-11-28T10:03:00+01:00,196.44,196.44,196.44,196.44,75
2024-11-28T10:04:30+01:00,196.36,196.36,196.36,196.36,17
2024-11-28T10:08:30+01:00,196.32,196.32,196.32,196.32,21
2024-11-28T10:09:00+01:00,196.46,196.46,196.46,196.46,52
2024-11-28T10:10:00+01:00,196.5,196.5,196.4,196.4,68
2024-11-28T10:12:30+01:00,196.4,196.4,196.4,196.4,8
2024-11-28T10:13:00+01:00,196.36,196.36,196.24,196.24,500
2024-11-28T10:17:30+01:00,196.5,196.52,196.5,196.52,84
2024-11-28T10:19:30+01:00,196.68,196.68,196.68,196.68,88
2024-11-28T10:20:30+01:00,196.6,196.6,196.54,196.54,13
2024-11-28T10:21:30+01:00,196.6,196.6,196.6,196.6,88
2024-11-28T10:22:30+01:00,196.66,196.66,196.66,196.66,100
2024-11-28T10:23:30+01:00,196.66,196.66,196.66,196.66,212
2024-11-28T10:32:00+01:00,196.7,196.7,196.7,196.7,30
2024-11-28T10:35:00+01:00,196.66,196.66,196.66,196.66,17
2024-11-28T10:35:30+01:00,196.64,196.64,196.6,196.6,359
2024-11-28T10:36:30+01:00,196.68,196.68,196.66,196.66,4
2024-11-28T10:37:30+01:00,196.66,196.66,196.66,196.66,2
2024-11-28T10:39:00+01:00,196.66,196.66,196.66,196.66,50
2024-11-28T10:40:00+01:00,196.64,196.64,196.64,196.64,1
2024-11-28T10:41:30+01:00,196.68,196.68,196.68,196.68,8
2024-11-28T10:42:00+01:00,196.64,196.64,196.64,196.64,49
2024-11-28T10:46:00+01:00,196.7,196.7,196.7,196.7,1074
2024-11-28T10:47:30+01:00,196.76,196.76,196.76,196.76,6
2024-11-28T10:51:00+01:00,196.8,196.8,196.8,196.8,2
2024-11-28T10:52:00+01:00,196.8,196.8,196.8,196.8,16
2024-11-28T10:57:00+01:00,196.8,196.8,196.8,196.8,15
2024-11-28T10:57:30+01:00,196.82,196.86,196.82,196.86,104
2024-11-28T11:00:30+01:00,196.84,196.84,196.84,196.84,260
2024-11-28T11:03:00+01:00,196.86,196.86,196.86,196.86,8
2024-11-28T11:10:00+01:00,196.86,196.88,196.86,196.88,100
2024-11-28T11:11:30+01:00,196.86,196.86,196.86,196.86,5
2024-11-28T11:15:30+01:00,196.76,196.76,196.72,196.72,200
2024-11-28T11:23:30+01:00,196.7,196.7,196.7,196.7,250
2024-11-28T11:24:30+01:00,196.74,196.74,196.74,196.74,50
2024-11-28T11:25:00+01:00,196.76,196.76,196.76,196.76,16
2024-11-28T11:30:30+01:00,196.7,196.7,196.66,196.66,252
2024-11-28T11:33:30+01:00,196.66,196.66,196.64,196.64,693
2024-11-28T11:41:30+01:00,196.7,196.7,196.7,196.7,10
2024-11-28T11:42:30+01:00,196.7,196.7,196.7,196.7,20
2024-11-28T11:50:30+01:00,196.72,196.72,196.72,196.72,12
2024-11-28T11:53:00+01:00,196.72,196.82,196.72,196.82,543
2024-11-28T11:53:30+01:00,196.82,196.82,196.82,196.82,43
2024-11-28T11:55:00+01:00,196.82,196.82,196.78,196.8,25
2024-11-28T11:57:30+01:00,196.78,196.78,196.78,196.78,40
2024-11-28T11:58:00+01:00,196.8,196.8,196.8,196.8,50
2024-11-28T12:02:30+01:00,196.8,196.82,196.8,196.82,110
2024-11-28T12:05:30+01:00,196.8,196.8,196.8,196.8,2
2024-11-28T12:11:30+01:00,196.8,196.8,196.8,196.8,75
2024-11-28T12:12:30+01:00,196.74,196.74,196.74,196.74,160
2024-11-28T12:13:00+01:00,196.78,196.78,196.78,196.78,81
2024-11-28T12:15:00+01:00,196.74,196.74,196.62,196.62,813
2024-11-28T12:15:30+01:00,196.66,196.66,196.66,196.66,15
2024-11-28T12:24:30+01:00,196.6,196.6,196.54,196.54,13
2024-11-28T12:28:30+01:00,196.48,196.48,196.48,196.48,311
2024-11-28T12:30:30+01:00,196.48,196.48,196.48,196.48,3
2024-11-28T12:32:30+01:00,196.48,196.48,196.48,196.48,15
2024-11-28T12:33:30+01:00,196.48,196.48,196.48,196.48,10
2024-11-28T12:34:00+01:00,196.42,196.42,196.42,196.42,6
2024-11-28T12:37:30+01:00,196.42,196.42,196.42,196.42,3
2024-11-28T12:39:00+01:00,196.5,196.56,196.5,196.56,6
2024-11-28T12:44:30+01:00,196.58,196.58,196.58,196.58,4
2024-11-28T12:51:30+01:00,196.6,196.62,196.6,196.62,8
2024-11-28T12:53:00+01:00,196.8,196.82,196.8,196.82,2
2024-11-28T13:06:00+01:00,196.88,196.88,196.88,196.88,11
2024-11-28T13:13:30+01:00,196.88,196.88,196.88,196.88,20
2024-11-28T13:14:30+01:00,196.86,196.86,196.84,196.84,21
2024-11-28T13:22:00+01:00,196.82,196.82,196.72,196.72,146
2024-11-28T13:24:30+01:00,196.76,196.76,196.76,196.76,1
2024-11-28T13:25:00+01:00,196.76,196.76,196.68,196.68,54
2024-11-28T13:29:00+01:00,196.76,196.76,196.76,196.76,1
2024-11-28T13:32:30+01:00,196.8,196.8,196.8,196.8,27
2024-11-28T13:35:00+01:00,196.76,196.76,196.76,196.76,2
2024-11-28T13:44:00+01:00,196.64,196.64,196.54,196.54,72
2024-11-28T13:49:30+01:00,196.68,196.74,196.68,196.74,130
2024-11-28T13:54:00+01:00,196.64,196.64,196.64,196.64,7
2024-11-28T13:54:30+01:00,196.64,196.64,196.64,196.64,1
2024-11-28T13:55:00+01:00,196.66,196.7,196.66,196.7,50
2024-11-28T13:55:30+01:00,196.72,196.72,196.72,196.72,5
2024-11-28T13:58:00+01:00,196.72,196.72,196.72,196.72,25
2024-11-28T14:02:30+01:00,196.74,196.74,196.74,196.74,2
2024-11-28T14:03:00+01:00,196.8,196.8,196.8,196.8,500
2024-11-28T14:03:30+01:00,196.92,196.98,196.84,196.84,129
2024-11-28T14:09:30+01:00,196.86,196.86,196.8,196.8,300
2024-11-28T14:11:00+01:00,196.74,196.74,196.74,196.74,15
2024-11-28T14:15:30+01:00,196.56,196.68,196.54,196.68,102
2024-11-28T14:24:30+01:00,196.6,196.6,196.6,196.6,51
2024-11-28T14:30:00+01:00,196.6,196.6,196.56,196.56,180
2024-11-28T14:32:00+01:00,196.4,196.4,196.4,196.4,10
2024-11-28T14:35:30+01:00,196.38,196.52,196.38,196.52,150
2024-11-28T14:36:00+01:00,196.52,196.52,196.52,196.52,4
2024-11-28T14:37:30+01:00,196.52,196.76,196.52,196.74,144
2024-11-28T14:45:30+01:00,196.86,196.86,196.86,196.86,1
2024-11-28T14:47:00+01:00,196.84,196.84,196.84,196.84,40
2024-11-28T14:51:30+01:00,196.82,196.82,196.82,196.82,15
2024-11-28T14:54:30+01:00,196.64,196.64,196.64,196.64,12
2024-11-28T14:59:00+01:00,196.82,196.82,196.82,196.82,16
2024-11-28T15:05:00+01:00,196.62,196.62,196.62,196.62,20
2024-11-28T15:06:00+01:00,196.56,196.56,196.56,196.56,3
2024-11-28T15:07:30+01:00,196.52,196.52,196.52,196.52,25
2024-11-28T15:10:30+01:00,196.56,196.64,196.56,196.64,149
2024-11-28T15:12:30+01:00,196.64,196.68,196.64,196.68,109
2024-11-28T15:13:30+01:00,196.84,196.9,196.84,196.9,22
2024-11-28T15:14:00+01:00,196.9,196.9,196.86,196.86,324
2024-11-28T15:16:00+01:00,196.76,196.76,196.76,196.76,3
2024-11-28T15:18:00+01:00,196.86,196.88,196.86,196.88,20
2024-11-28T15:20:00+01:00,196.86,196.86,196.86,196.86,1
2024-11-28T15:23:00+01:00,196.86,196.86,196.82,196.82,161
2024-11-28T15:24:00+01:00,196.84,196.84,196.82,196.82,319
2024-11-28T15:24:30+01:00,196.76,196.76,196.76,196.76,1
2024-11-28T15:29:30+01:00,196.8,196.8,196.8,196.8,10
2024-11-28T15:30:00+01:00,196.82,196.84,196.82,196.84,98
2024-11-28T15:30:30+01:00,196.84,196.84,196.8,196.8,130
2024-11-28T15:32:30+01:00,196.78,196.78,196.78,196.78,5
2024-11-28T15:33:00+01:00,196.76,196.76,196.76,196.76,25
2024-11-28T15:33:30+01:00,196.78,196.78,196.78,196.78,16
2024-11-28T15:35:00+01:00,196.8,196.82,196.8,196.8,136
2024-11-28T15:36:30+01:00,196.8,196.8,196.8,196.8,3
2024-11-28T15:37:00+01:00,196.82,196.82,196.82,196.82,62
2024-11-28T15:38:00+01:00,196.82,196.82,196.82,196.82,12
2024-11-28T15:38:30+01:00,196.8,196.8,196.8,196.8,346
2024-11-28T15:39:30+01:00,196.8,196.8,196.8,196.8,633
2024-11-28T15:41:00+01:00,196.8,196.8,196.8,196.8,19
2024-11-28T15:43:00+01:00,196.82,196.82,196.82,196.82,3
2024-11-28T15:45:00+01:00,196.84,196.88,196.84,196.84,75
2024-11-28T15:48:00+01:00,196.88,196.88,196.88,196.88,3
2024-11-28T15:54:00+01:00,196.9,196.9,196.84,196.84,58
2024-11-28T15:54:30+01:00,196.88,196.88,196.88,196.88,5
2024-11-28T15:55:00+01:00,196.84,196.84,196.84,196.84,71
2024-11-28T15:55:30+01:00,196.82,196.82,196.82,196.82,14
2024-11-28T15:59:00+01:00,196.82,196.82,196.82,196.82,132
2024-11-28T16:01:00+01:00,196.82,196.82,196.82,196.82,64
2024-11-28T16:05:00+01:00,196.82,196.82,196.82,196.82,30
2024-11-28T16:05:30+01:00,196.82,196.82,196.82,196.82,84
2024-11-28T16:07:00+01:00,196.84,196.84,196.82,196.82,85
2024-11-28T16:07:30+01:00,196.82,196.82,196.82,196.82,8
2024-11-28T16:11:00+01:00,196.82,196.82,196.82,196.82,15
2024-11-28T16:12:00+01:00,196.82,196.82,196.82,196.82,86
2024-11-28T16:12:30+01:00,196.82,196.82,196.82,196.82,210
2024-11-28T16:14:00+01:00,196.84,196.86,196.84,196.86,26
2024-11-28T16:14:30+01:00,196.82,196.82,196.82,196.82,9
2024-11-28T16:16:00+01:00,196.82,196.82,196.82,196.82,110
2024-11-28T16:18:00+01:00,196.84,196.84,196.84,196.84,6
2024-11-28T16:19:30+01:00,196.84,196.84,196.84,196.84,10
2024-11-28T16:22:30+01:00,196.84,196.84,196.84,196.84,14
2024-11-28T16:23:30+01:00,196.84,196.84,196.82,196.82,654
2024-11-28T16:26:30+01:00,196.76,196.78,196.76,196.78,80
2024-11-28T16:32:00+01:00,196.76,196.78,196.76,196.78,80
2024-11-28T16:32:30+01:00,196.78,196.8,196.78,196.8,17
2024-11-28T16:34:00+01:00,196.84,196.84,196.84,196.84,9
2024-11-28T16:37:30+01:00,196.84,196.84,196.84,196.84,17
2024-11-28T16:38:30+01:00,196.88,196.9,196.88,196.88,115
2024-11-28T16:39:00+01:00,196.9,196.92,196.9,196.92,14
2024-11-28T16:41:00+01:00,197,197,197,197,115
2024-11-28T16:41:30+01:00,196.98,196.98,196.98,196.98,124
2024-11-28T16:43:00+01:00,196.96,196.96,196.9,196.9,65
2024-11-28T16:44:30+01:00,196.92,196.92,196.92,196.92,1
2024-11-28T16:48:30+01:00,196.8,196.8,196.78,196.78,100
2024-11-28T16:51:30+01:00,196.78,196.78,196.78,196.78,25
2024-11-28T16:54:00+01:00,196.78,196.78,196.78,196.78,55
2024-11-28T16:57:00+01:00,196.78,196.78,196.78,196.78,4
2024-11-28T17:01:00+01:00,196.8,196.82,196.8,196.82,3
2024-11-28T17:02:30+01:00,196.8,196.8,196.8,196.8,2
2024-11-28T17:03:30+01:00,196.82,196.82,196.82,196.82,1
2024-11-28T17:06:30+01:00,196.82,196.86,196.82,196.86,33
2024-11-28T17:08:00+01:00,196.84,196.84,196.84,196.84,3
2024-11-28T17:11:30+01:00,196.86,196.88,196.86,196.88,5
2024-11-28T17:12:30+01:00,196.9,196.9,196.9,196.9,17
2024-11-28T17:20:00+01:00,197,197,197,197,14
2024-11-28T17:21:00+01:00,196.9,196.9,196.9,196.9,10
2024-11-28T17:22:30+01:00,196.94,196.94,196.82,196.82,91
2024-11-28T17:23:00+01:00,196.76,196.76,196.76,196.76,5
2024-11-28T17:24:00+01:00,197.02,197.02,197.02,197.02,116
2024-11-28T17:25:00+01:00,196.92,197.04,196.92,196.94,303
2024-11-28T17:27:00+01:00,196.94,196.94,196.92,196.92,301
2024-11-28T17:29:00+01:00,196.94,196.94,196.94,196.94,25
2024-11-28T17:29:30+01:00,196.96,196.96,196.96,196.96,3
2024-11-29T09:04:00+01:00,195.7,195.7,195.7,195.7,2168
2024-11-29T09:13:00+01:00,195.84,195.84,195.84,195.84,2
2024-11-29T09:13:30+01:00,195.8,195.82,195.8,195.82,186
2024-11-29T09:14:30+01:00,195.86,195.86,195.86,195.86,352
2024-11-29T09:15:00+01:00,195.9,195.9,195.9,195.9,37
2024-11-29T09:15:30+01:00,195.98,195.98,195.98,195.98,57
2024-11-29T09:17:30+01:00,195.92,195.92,195.92,195.92,2
2024-11-29T09:19:30+01:00,195.92,195.92,195.92,195.92,20
2024-11-29T09:22:00+01:00,195.94,195.94,195.94,195.94,19
2024-11-29T09:23:30+01:00,195.94,195.94,195.94,195.94,3
2024-11-29T09:25:30+01:00,195.92,195.92,195.92,195.92,245
2024-11-29T09:26:30+01:00,195.94,195.96,195.94,195.96,110
2024-11-29T09:27:00+01:00,195.98,195.98,195.98,195.98,61
2024-11-29T09:28:00+01:00,195.96,195.96,195.96,195.96,98
2024-11-29T09:29:30+01:00,195.96,195.96,195.96,195.96,1
2024-11-29T09:31:30+01:00,196,196,196,196,12
2024-11-29T09:32:30+01:00,195.96,195.96,195.96,195.96,106
2024-11-29T09:33:00+01:00,196,196,196,196,502
2024-11-29T09:35:30+01:00,196.08,196.1,196.08,196.1,63
2024-11-29T09:36:30+01:00,196.2,196.2,196.2,196.2,49
2024-11-29T09:37:30+01:00,196.18,196.18,196.18,196.18,2
2024-11-29T09:39:30+01:00,196.18,196.2,196.18,196.2,15
2024-11-29T09:40:00+01:00,196.3,196.3,196.3,196.3,148
2024-11-29T09:41:00+01:00,196.3,196.3,196.3,196.3,99
2024-11-29T09:41:30+01:00,196.3,196.3,196.3,196.3,233
2024-11-29T09:44:00+01:00,196.1,196.1,196.02,196.02,20
2024-11-29T09:45:30+01:00,196.12,196.12,196.12,196.12,5
2024-11-29T09:47:00+01:00,196.12,196.16,196.08,196.16,27
2024-11-29T09:53:00+01:00,196,196,195.96,195.96,522
2024-11-29T09:53:30+01:00,195.96,195.96,195.96,195.96,98
2024-11-29T09:55:00+01:00,196,196,196,196,102
2024-11-29T09:57:30+01:00,196.04,196.04,196.04,196.04,51
2024-11-29T09:59:30+01:00,196.1,196.1,196.1,196.1,29
2024-11-29T10:00:00+01:00,196.2,196.2,195.96,195.96,246
2024-11-29T10:00:30+01:00,195.82,195.82,195.82,195.82,7
2024-11-29T10:02:30+01:00,195.96,195.98,195.96,195.98,40
2024-11-29T10:04:00+01:00,195.94,195.94,195.94,195.94,2
2024-11-29T10:04:30+01:00,196.08,196.08,196.08,196.08,2
2024-11-29T10:05:30+01:00,196.02,196.02,196,196,12
2024-11-29T10:21:00+01:00,196,196,196,196,10
2024-11-29T10:24:30+01:00,196.26,196.26,196.26,196.26,2
2024-11-29T10:34:30+01:00,196.1,196.1,196.1,196.1,33
2024-11-29T10:41:30+01:00,196.56,196.56,196.54,196.54,95
2024-11-29T10:43:00+01:00,196.64,196.64,196.64,196.64,30
2024-11-29T10:46:00+01:00,196.28,196.28,196.28,196.28,13
2024-11-29T10:54:00+01:00,196.34,196.34,196.34,196.34,20
2024-11-29T10:59:30+01:00,196.28,196.28,196.28,196.28,38
2024-11-29T11:02:00+01:00,196.18,196.18,196.18,196.18,6
2024-11-29T11:03:30+01:00,196.16,196.16,196.16,196.16,6
2024-11-29T11:05:00+01:00,196.22,196.22,196.22,196.22,36
2024-11-29T11:07:00+01:00,196.26,196.28,196.26,196.26,56
2024-11-29T11:13:00+01:00,196.24,196.24,196.24,196.24,3
2024-11-29T11:24:00+01:00,196.2,196.2,196.2,196.2,70
2024-11-29T11:26:00+01:00,196.08,196.08,196.02,196.02,55
2024-11-29T11:30:00+01:00,196.1,196.1,196.1,196.1,36
2024-11-29T11:30:30+01:00,196.1,196.12,196.1,196.12,116
2024-11-29T11:33:00+01:00,196.04,196.04,196.04,196.04,1
2024-11-29T11:43:30+01:00,196.24,196.28,196.24,196.28,116
2024-11-29T11:44:00+01:00,196.16,196.16,196.1,196.1,411
2024-11-29T11:50:30+01:00,196.2,196.2,196.2,196.2,100
2024-11-29T12:02:30+01:00,195.96,195.96,195.96,195.96,528
2024-11-29T12:06:30+01:00,195.94,195.94,195.94,195.94,9
2024-11-29T12:08:30+01:00,196,196,196,196,1
2024-11-29T12:09:00+01:00,196.02,196.02,196.02,196.02,77
2024-11-29T12:24:00+01:00,196.28,196.28,196.28,196.28,1
2024-11-29T12:24:30+01:00,196.06,196.06,196.04,196.04,100
2024-11-29T12:25:00+01:00,196.22,196.22,196.22,196.22,80
2024-11-29T12:28:00+01:00,196.3,196.3,196.3,196.3,30
2024-11-29T12:29:30+01:00,196.16,196.16,196.16,196.16,20
2024-11-29T12:30:00+01:00,196.28,196.28,196.28,196.28,40
2024-11-29T12:44:30+01:00,196.22,196.22,196.22,196.22,2
2024-11-29T12:45:30+01:00,196.14,196.14,196.14,196.14,22
2024-11-29T12:47:30+01:00,196.2,196.2,196.2,196.2,30
2024-11-29T12:57:30+01:00,196.22,196.22,196.2,196.2,84
2024-11-29T12:58:30+01:00,196.28,196.28,196.28,196.28,9
2024-11-29T13:00:00+01:00,196.06,196.06,196.06,196.06,105
2024-11-29T13:00:30+01:00,195.92,195.92,195.78,195.78,1757
2024-11-29T13:06:30+01:00,195.66,195.66,195.66,195.66,37
2024-11-29T13:09:30+01:00,195.8,195.8,195.8,195.8,470
2024-11-29T13:10:30+01:00,195.8,195.8,195.8,195.8,2530
2024-11-29T13:11:00+01:00,195.86,195.86,195.86,195.86,50
2024-11-29T13:21:00+01:00,196.08,196.08,196.08,196.08,1
2024-11-29T13:25:30+01:00,196.08,196.12,196.08,196.12,16
2024-11-29T13:36:30+01:00,196,196,196,196,184
2024-11-29T13:39:30+01:00,196.04,196.04,196.04,196.04,3
2024-11-29T13:44:30+01:00,195.8,195.8,195.8,195.8,12
2024-11-29T13:51:30+01:00,195.86,195.86,195.84,195.84,30
2024-11-29T14:01:30+01:00,195.66,195.66,195.66,195.66,10
2024-11-29T14:16:00+01:00,195.56,195.64,195.56,195.64,31
2024-11-29T14:18:00+01:00,195.58,195.58,195.58,195.58,2
2024-11-29T14:19:00+01:00,195.58,195.6,195.58,195.6,116
2024-11-29T14:20:30+01:00,195.5,195.5,195.5,195.5,1
2024-11-29T14:21:30+01:00,195.48,195.48,195.48,195.48,11
2024-11-29T14:23:30+01:00,195.52,195.52,195.48,195.48,378
2024-11-29T14:24:00+01:00,195.56,195.58,195.56,195.58,56
2024-11-29T14:25:00+01:00,195.44,195.44,195.44,195.44,30
2024-11-29T14:26:30+01:00,195.54,195.54,195.54,195.54,33
2024-11-29T14:28:30+01:00,195.6,195.6,195.6,195.6,12
2024-11-29T14:30:00+01:00,195.6,195.6,195.6,195.6,1
2024-11-29T14:30:30+01:00,195.52,195.52,195.52,195.52,70
2024-11-29T14:32:30+01:00,195.56,195.56,195.56,195.56,4
2024-11-29T14:34:30+01:00,195.52,195.52,195.52,195.52,2
2024-11-29T14:35:30+01:00,195.5,195.5,195.5,195.5,1000
2024-11-29T14:39:30+01:00,195.76,195.76,195.76,195.76,48
2024-11-29T14:46:00+01:00,195.6,195.6,195.6,195.6,13
2024-11-29T14:46:30+01:00,195.68,195.7,195.68,195.7,100
2024-11-29T14:50:00+01:00,195.68,195.72,195.68,195.72,2
2024-11-29T14:59:00+01:00,195.7,195.7,195.7,195.7,8
2024-11-29T15:08:30+01:00,196.08,196.08,196.08,196.08,19
2024-11-29T15:09:00+01:00,196.08,196.16,196.08,196.16,445
2024-11-29T15:25:00+01:00,196.08,196.08,196.02,196.02,297
2024-11-29T15:27:30+01:00,195.72,195.72,195.5,195.5,720
2024-11-29T15:28:00+01:00,195.34,195.34,195.34,195.34,127
2024-11-29T15:29:00+01:00,195.14,195.18,195.14,195.18,46
2024-11-29T15:29:30+01:00,195.14,195.14,195.14,195.14,2
2024-11-29T15:30:00+01:00,195.22,195.36,194.96,195.04,1479
2024-11-29T15:31:00+01:00,194.78,194.78,194.56,194.56,217
2024-11-29T15:31:30+01:00,194.86,194.86,194.86,194.86,150
2024-11-29T15:33:00+01:00,194.52,194.52,194.52,194.52,300
2024-11-29T15:33:30+01:00,194.14,194.24,194,194,626
2024-11-29T15:34:00+01:00,194,194.26,194,194.26,1012
2024-11-29T15:34:30+01:00,194.18,194.18,194.18,194.18,3
2024-11-29T15:39:00+01:00,194.56,194.56,194.56,194.56,394
2024-11-29T15:41:00+01:00,194.34,194.34,194.34,194.34,40
2024-11-29T15:42:00+01:00,194.24,194.24,194.24,194.24,120
2024-11-29T15:42:30+01:00,194.22,194.22,194.22,194.22,20
2024-11-29T15:44:30+01:00,194.36,194.56,194.36,194.56,1300
2024-11-29T15:45:00+01:00,194.6,194.6,194.6,194.6,92
2024-11-29T15:46:00+01:00,194.76,194.86,194.76,194.86,310
2024-11-29T15:47:30+01:00,194.84,194.84,194.84,194.84,400
2024-11-29T15:48:30+01:00,194.82,194.82,194.82,194.82,300
2024-11-29T15:49:00+01:00,194.8,194.8,194.8,194.8,24
2024-11-29T15:52:00+01:00,194.82,194.82,194.82,194.82,50
2024-11-29T15:52:30+01:00,194.78,194.82,194.78,194.78,226
2024-11-29T15:53:30+01:00,194.88,194.88,194.88,194.88,14
2024-11-29T15:54:30+01:00,194.8,194.8,194.78,194.78,200
2024-11-29T15:55:00+01:00,194.76,194.76,194.74,194.76,77
2024-11-29T15:56:30+01:00,194.84,194.84,194.8,194.8,17
2024-11-29T15:57:00+01:00,194.98,194.98,194.98,194.98,10
2024-11-29T15:58:00+01:00,194.92,194.92,194.92,194.92,3
2024-11-29T15:59:00+01:00,195.04,195.04,195.04,195.04,20
2024-11-29T15:59:30+01:00,195.12,195.12,195.12,195.12,2
2024-11-29T16:00:00+01:00,195.22,195.22,195.22,195.22,23
2024-11-29T16:00:30+01:00,195.12,195.22,195.12,195.22,232
2024-11-29T16:01:00+01:00,195.22,195.22,195.22,195.22,321
2024-11-29T16:01:30+01:00,195.22,195.3,195.22,195.3,93
2024-11-29T16:03:00+01:00,195.42,195.42,195.4,195.4,45
2024-11-29T16:04:30+01:00,195.34,195.34,195.3,195.3,615
2024-11-29T16:06:30+01:00,195.24,195.24,195.22,195.22,47
2024-11-29T16:07:30+01:00,195.26,195.28,195.26,195.28,220
2024-11-29T16:08:30+01:00,195.2,195.2,195.2,195.2,398
2024-11-29T16:11:30+01:00,195.02,195.02,195.02,195.02,10
2024-11-29T16:13:30+01:00,195.02,195.02,195.02,195.02,22
2024-11-29T16:16:00+01:00,195.1,195.1,195.1,195.1,25
2024-11-29T16:21:00+01:00,195.02,195.02,195.02,195.02,14
2024-11-29T16:22:30+01:00,194.92,194.92,194.92,194.92,21
2024-11-29T16:23:00+01:00,194.98,194.98,194.98,194.98,144
2024-11-29T16:27:30+01:00,194.96,194.96,194.96,194.96,19
2024-11-29T16:28:00+01:00,195.02,195.02,195.02,195.02,7
2024-11-29T16:32:00+01:00,195.04,195.04,195.04,195.04,28
2024-11-29T16:33:30+01:00,195.18,195.18,195.18,195.18,23
2024-11-29T16:35:00+01:00,194.96,194.96,194.96,194.96,306
2024-11-29T16:37:30+01:00,195.3,195.3,195.28,195.28,31
2024-11-29T16:40:30+01:00,195.4,195.4,195.4,195.4,300
2024-11-29T16:43:30+01:00,195.36,195.38,195.36,195.38,38
2024-11-29T16:44:00+01:00,195.38,195.38,195.38,195.38,9
2024-11-29T16:45:00+01:00,195.22,195.22,195.22,195.22,50
2024-11-29T16:46:00+01:00,195.1,195.1,195.1,195.1,1
2024-11-29T16:48:30+01:00,194.9,194.9,194.9,194.9,26
2024-11-29T16:49:00+01:00,194.94,194.94,194.94,194.94,212
2024-11-29T16:49:30+01:00,194.72,194.76,194.72,194.76,66
2024-11-29T16:52:00+01:00,194.68,194.72,194.68,194.72,350
2024-11-29T16:53:30+01:00,194.84,194.84,194.84,194.84,5
2024-11-29T16:54:00+01:00,194.9,194.9,194.9,194.9,16
2024-11-29T16:56:30+01:00,195,195,195,195,10
2024-11-29T16:57:30+01:00,195.02,195.02,194.96,194.96,36
2024-11-29T16:59:00+01:00,194.86,194.86,194.86,194.86,22
2024-11-29T16:59:30+01:00,194.98,194.98,194.98,194.98,61
2024-11-29T17:05:00+01:00,194.96,194.96,194.96,194.96,21
2024-11-29T17:06:30+01:00,194.8,194.8,194.78,194.78,100
2024-11-29T17:07:30+01:00,194.86,194.86,194.86,194.86,2
2024-11-29T17:09:00+01:00,195.08,195.08,195.04,195.04,13
2024-11-29T17:09:30+01:00,195.14,195.14,195.14,195.14,150
2024-11-29T17:10:00+01:00,195.08,195.08,195.08,195.08,30
2024-11-29T17:12:00+01:00,195.38,195.38,195.38,195.38,56
2024-11-29T17:13:00+01:00,195.3,195.3,195.3,195.3,13
2024-11-29T17:16:00+01:00,195.44,195.44,195.44,195.44,5
2024-11-29T17:17:00+01:00,195.48,195.48,195.48,195.48,10
2024-11-29T17:19:00+01:00,195.48,195.48,195.48,195.48,34
2024-11-29T17:26:00+01:00,195.6,195.6,195.6,195.6,12
2024-11-29T17:27:30+01:00,195.42,195.42,195.42,195.42,14
2024-12-02T09:04:00+01:00,198.3,198.3,198.3,198.3,3134
2024-12-02T09:04:30+01:00,198.02,198.02,197.98,197.98,112
2024-12-02T09:05:30+01:00,198.22,198.22,198.22,198.22,24
2024-12-02T09:06:00+01:00,198.08,198.08,198.08,198.08,89
2024-12-02T09:07:30+01:00,198.22,198.22,198.22,198.22,181
2024-12-02T09:08:00+01:00,198.18,198.18,198.18,198.18,15
2024-12-02T09:09:00+01:00,198.1,198.1,198.1,198.1,70
2024-12-02T09:10:00+01:00,198.1,198.1,198.1,198.1,52
2024-12-02T09:10:30+01:00,198.14,198.14,198.14,198.14,15
2024-12-02T09:11:30+01:00,198.08,198.08,197.94,197.94,195
2024-12-02T09:12:30+01:00,198,198,198,198,100
2024-12-02T09:13:00+01:00,198.06,198.06,198.06,198.06,18
2024-12-02T09:13:30+01:00,198.06,198.06,198.06,198.06,22
2024-12-02T09:14:30+01:00,198.08,198.08,198.08,198.08,22
2024-12-02T09:15:00+01:00,198.1,198.1,198.1,198.1,106
2024-12-02T09:16:00+01:00,198.1,198.14,198.1,198.14,105
2024-12-02T09:16:30+01:00,198.14,198.14,198.14,198.14,328
2024-12-02T09:17:30+01:00,198.14,198.14,198,198,599
2024-12-02T09:18:00+01:00,198.1,198.1,198.1,198.1,5
2024-12-02T09:18:30+01:00,198.14,198.18,198.1,198.18,1377
2024-12-02T09:20:00+01:00,198.18,198.18,198.18,198.18,23
2024-12-02T09:21:00+01:00,198.04,198.08,198.04,198.08,222
2024-12-02T09:21:30+01:00,198,198,198,198,19
2024-12-02T09:22:00+01:00,198,198,198,198,16
2024-12-02T09:22:30+01:00,197.96,197.96,197.96,197.96,20
2024-12-02T09:24:00+01:00,198.1,198.1,198.1,198.1,152
2024-12-02T09:25:00+01:00,198.16,198.18,198.16,198.18,190
2024-12-02T09:26:00+01:00,198.14,198.14,198.14,198.14,19
2024-12-02T09:27:00+01:00,198.16,198.18,198.16,198.18,20
2024-12-02T09:29:00+01:00,198.12,198.12,198.12,198.12,100
2024-12-02T09:29:30+01:00,198.1,198.1,198.1,198.1,80
2024-12-02T09:30:30+01:00,198.08,198.08,198.08,198.08,25
2024-12-02T09:31:00+01:00,198.16,198.16,198.16,198.16,36
2024-12-02T09:31:30+01:00,198.18,198.18,198.18,198.18,5
2024-12-02T09:32:00+01:00,198.16,198.16,198.16,198.16,120
2024-12-02T09:32:30+01:00,198.2,198.2,198.2,198.2,81
2024-12-02T09:35:00+01:00,198.3,198.3,198.3,198.3,18
2024-12-02T09:40:30+01:00,198.3,198.3,198.2,198.2,114
2024-12-02T09:42:30+01:00,198.3,198.3,198.22,198.22,27
2024-12-02T09:43:00+01:00,198.16,198.24,198.16,198.24,116
2024-12-02T09:44:30+01:00,198.08,198.08,198.08,198.08,4
2024-12-02T09:45:00+01:00,198.12,198.12,198.12,198.12,65
2024-12-02T09:48:00+01:00,198.34,198.34,198.34,198.34,23
2024-12-02T09:54:30+01:00,198.4,198.4,198.4,198.4,20
2024-12-02T09:56:00+01:00,198.34,198.34,198.34,198.34,13
2024-12-02T10:00:00+01:00,198.28,198.28,198.28,198.28,110
2024-12-02T10:00:30+01:00,198.32,198.38,198.3,198.38,500
2024-12-02T10:01:00+01:00,198.4,198.4,198.4,198.4,20
2024-12-02T10:02:30+01:00,198.26,198.26,198.26,198.26,26
2024-12-02T10:03:00+01:00,198.2,198.2,198.2,198.2,22
2024-12-02T10:05:00+01:00,198.24,198.24,198.24,198.24,500
2024-12-02T10:06:00+01:00,198.1,198.1,198.1,198.1,50
2024-12-02T10:07:00+01:00,198.12,198.12,198.12,198.12,86
2024-12-02T10:14:00+01:00,198.26,198.26,198.26,198.26,5
2024-12-02T10:14:30+01:00,198.24,198.24,198.24,198.24,140
2024-12-02T10:15:30+01:00,198.3,198.3,198.3,198.3,535
2024-12-02T10:16:30+01:00,198.4,198.48,198.4,198.48,1100
2024-12-02T10:17:00+01:00,198.36,198.46,198.36,198.46,56
2024-12-02T10:17:30+01:00,198.3,198.3,198.3,198.3,23
2024-12-02T10:19:00+01:00,198.28,198.28,198.28,198.28,22
2024-12-02T10:21:00+01:00,198.24,198.24,198.24,198.24,41
2024-12-02T10:21:30+01:00,198.24,198.24,198.24,198.24,97
2024-12-02T10:22:30+01:00,198.24,198.24,198.22,198.22,100
2024-12-02T10:23:00+01:00,198.24,198.24,198.24,198.24,38
2024-12-02T10:24:00+01:00,198.3,198.3,198.3,198.3,7
2024-12-02T10:26:00+01:00,198.34,198.34,198.26,198.26,205
2024-12-02T10:26:30+01:00,198.24,198.24,198.24,198.24,80
2024-12-02T10:28:30+01:00,198.34,198.34,198.34,198.34,25
2024-12-02T10:31:30+01:00,198.24,198.28,198.24,198.28,1300
2024-12-02T10:36:30+01:00,198.36,198.36,198.36,198.36,17
2024-12-02T10:38:00+01:00,198.46,198.5,198.46,198.5,256
2024-12-02T10:39:00+01:00,198.66,198.66,198.66,198.66,120
2024-12-02T10:40:30+01:00,198.66,198.66,198.62,198.62,50
2024-12-02T10:43:30+01:00,198.72,198.74,198.72,198.74,151
2024-12-02T10:44:00+01:00,198.76,198.78,198.76,198.78,228
2024-12-02T11:01:00+01:00,198.6,198.6,198.6,198.6,15
2024-12-02T11:01:30+01:00,198.7,198.7,198.6,198.6,140
2024-12-02T11:02:00+01:00,198.58,198.58,198.58,198.58,12
2024-12-02T11:03:00+01:00,198.6,198.6,198.56,198.56,138
2024-12-02T11:06:30+01:00,198.52,198.52,198.52,198.52,5
2024-12-02T11:10:00+01:00,198.5,198.5,198.5,198.5,15
2024-12-02T11:12:00+01:00,198.3,198.3,198.3,198.3,50
2024-12-02T11:12:30+01:00,198.32,198.32,198.32,198.32,23
2024-12-02T11:14:30+01:00,198.56,198.6,198.56,198.6,45
2024-12-02T11:20:30+01:00,198.52,198.52,198.52,198.52,110
2024-12-02T11:21:00+01:00,198.62,198.62,198.62,198.62,55
2024-12-02T11:22:30+01:00,198.54,198.54,198.54,198.54,5
2024-12-02T11:25:00+01:00,198.7,198.7,198.7,198.7,290
2024-12-02T11:31:00+01:00,198.74,198.74,198.74,198.74,10
2024-12-02T11:36:00+01:00,198.74,198.74,198.74,198.74,445
2024-12-02T11:37:00+01:00,198.72,198.72,198.72,198.72,15
2024-12-02T11:41:30+01:00,198.78,198.78,198.78,198.78,5
2024-12-02T11:44:00+01:00,198.84,198.84,198.84,198.84,1
2024-12-02T11:47:00+01:00,198.6,198.6,198.6,198.6,2545
2024-12-02T11:47:30+01:00,198.64,198.64,198.6,198.6,134
2024-12-02T11:48:30+01:00,198.5,198.52,198.5,198.52,116
2024-12-02T11:49:00+01:00,198.48,198.48,198.48,198.48,471
2024-12-02T11:52:30+01:00,198.66,198.66,198.66,198.66,16
2024-12-02T11:55:00+01:00,198.56,198.56,198.56,198.56,40
2024-12-02T11:58:00+01:00,198.46,198.46,198.46,198.46,40
2024-12-02T12:00:30+01:00,198.48,198.48,198.48,198.48,10
2024-12-02T12:03:00+01:00,198.48,198.48,198.46,198.46,124
2024-12-02T12:06:30+01:00,198.4,198.4,198.4,198.4,15
2024-12-02T12:10:00+01:00,198.56,198.56,198.56,198.56,296
2024-12-02T12:12:00+01:00,198.54,198.54,198.54,198.54,28
2024-12-02T12:18:00+01:00,198.84,198.84,198.84,198.84,50
2024-12-02T12:22:30+01:00,198.78,198.78,198.78,198.78,7
2024-12-02T12:23:30+01:00,198.78,198.8,198.78,198.8,132
2024-12-02T12:27:00+01:00,198.9,198.9,198.9,198.9,4
2024-12-02T12:28:30+01:00,198.9,198.92,198.9,198.92,49
2024-12-02T12:34:00+01:00,198.82,198.84,198.82,198.84,200
2024-12-02T12:37:30+01:00,198.7,198.7,198.7,198.7,2
2024-12-02T12:38:30+01:00,198.7,198.74,198.7,198.74,150
2024-12-02T12:40:30+01:00,198.76,198.76,198.74,198.74,98
2024-12-02T12:44:00+01:00,198.98,198.98,198.98,198.98,50
2024-12-02T12:44:30+01:00,198.96,198.96,198.96,198.96,50
2024-12-02T12:45:30+01:00,198.96,198.96,198.92,198.92,93
2024-12-02T12:46:30+01:00,199,199,199,199,401
2024-12-02T12:47:00+01:00,199.1,199.1,199.1,199.1,25
2024-12-02T12:48:30+01:00,199.02,199.02,199.02,199.02,30
2024-12-02T12:50:00+01:00,199.02,199.02,199.02,199.02,30
2024-12-02T12:52:00+01:00,199.04,199.04,199.04,199.04,30
2024-12-02T12:53:00+01:00,199.08,199.08,199.08,199.08,10
2024-12-02T12:55:00+01:00,199.02,199.08,199,199.08,210
2024-12-02T12:56:00+01:00,198.94,198.94,198.94,198.94,79
2024-12-02T12:58:00+01:00,198.86,198.86,198.86,198.86,5
2024-12-02T13:00:00+01:00,198.78,198.78,198.74,198.74,146
2024-12-02T13:01:00+01:00,198.72,198.72,198.72,198.72,32
2024-12-02T13:02:00+01:00,198.74,198.74,198.74,198.74,60
2024-12-02T13:04:00+01:00,198.9,198.9,198.86,198.86,10
2024-12-02T13:07:00+01:00,198.82,198.82,198.76,198.76,345
2024-12-02T13:17:00+01:00,199.04,199.04,198.98,198.98,110
2024-12-02T13:18:00+01:00,199,199,199,199,24
2024-12-02T13:23:00+01:00,199,199.22,198.98,199.18,62
2024-12-02T13:25:30+01:00,199.3,199.3,199.3,199.3,2
2024-12-02T13:30:30+01:00,199.48,199.56,199.48,199.56,155
2024-12-02T13:33:00+01:00,199.48,199.48,199.4,199.4,754
2024-12-02T13:33:30+01:00,199.36,199.36,199.36,199.36,22
2024-12-02T13:35:00+01:00,199.46,199.46,199.46,199.46,25
2024-12-02T13:35:30+01:00,199.4,199.4,199.4,199.4,29
2024-12-02T13:36:00+01:00,199.4,199.4,199.4,199.4,3
2024-12-02T13:38:00+01:00,199.6,199.6,199.6,199.6,21
2024-12-02T13:39:00+01:00,199.68,199.68,199.68,199.68,15
2024-12-02T13:46:00+01:00,199.8,199.8,199.8,199.8,15
2024-12-02T13:47:30+01:00,199.86,199.86,199.86,199.86,210
2024-12-02T13:48:00+01:00,199.86,199.86,199.86,199.86,1
2024-12-02T13:49:00+01:00,199.98,200,199.98,200,568
2024-12-02T13:49:30+01:00,199.98,199.98,199.98,199.98,41
2024-12-02T13:50:00+01:00,200,200.05,200,200,400
2024-12-02T13:51:00+01:00,200.05,200.05,199.9,199.9,4243
2024-12-02T13:51:30+01:00,200,200,200,200,394
2024-12-02T13:52:00+01:00,200.05,200.05,200.05,200.05,82
2024-12-02T13:53:00+01:00,200.1,200.1,200.1,200.1,195
2024-12-02T13:53:30+01:00,200.15,200.2,200.1,200.1,246
2024-12-02T13:56:00+01:00,200.15,200.15,200.15,200.15,94
2024-12-02T13:57:30+01:00,200.1,200.1,200.1,200.1,14
2024-12-02T14:02:30+01:00,199.92,199.92,199.92,199.92,12
2024-12-02T14:05:00+01:00,200.05,200.05,200.05,200.05,62
2024-12-02T14:08:00+01:00,200.15,200.15,200.15,200.15,240
2024-12-02T14:10:00+01:00,200.25,200.25,200.25,200.25,50
2024-12-02T14:10:30+01:00,200.2,200.2,200.2,200.2,5
2024-12-02T14:12:00+01:00,200.2,200.2,200.2,200.2,190
2024-12-02T14:12:30+01:00,200.2,200.2,200.2,200.2,190
2024-12-02T14:13:30+01:00,200.25,200.25,200.25,200.25,70
2024-12-02T14:16:30+01:00,200.2,200.2,200.2,200.2,92
2024-12-02T14:17:30+01:00,200.25,200.25,200.25,200.25,81
2024-12-02T14:20:30+01:00,200.1,200.1,200.1,200.1,95
2024-12-02T14:25:00+01:00,200,200,199.94,199.94,436
2024-12-02T14:25:30+01:00,199.94,199.94,199.94,199.94,156
2024-12-02T14:27:00+01:00,199.72,199.72,199.72,199.72,130
2024-12-02T14:27:30+01:00,199.78,199.78,199.78,199.78,100
2024-12-02T14:29:00+01:00,199.94,199.94,199.94,199.94,2
2024-12-02T14:31:30+01:00,200.05,200.05,200.05,200.05,20
2024-12-02T14:33:00+01:00,200.1,200.1,200.05,200.05,1178
2024-12-02T14:33:30+01:00,200.05,200.05,200.05,200.05,192
2024-12-02T14:37:30+01:00,200,200,200,200,1
2024-12-02T14:40:30+01:00,200.15,200.15,200.15,200.15,30
2024-12-02T14:41:30+01:00,199.92,199.92,199.92,199.92,44
2024-12-02T14:43:30+01:00,199.9,199.9,199.9,199.9,30
2024-12-02T14:55:00+01:00,199.78,199.78,199.78,199.78,5
2024-12-02T14:56:00+01:00,199.74,199.74,199.74,199.74,11
2024-12-02T15:01:00+01:00,199.86,199.86,199.86,199.86,118
2024-12-02T15:02:00+01:00,199.96,199.96,199.96,199.96,90
2024-12-02T15:04:00+01:00,199.9,199.9,199.9,199.9,59
2024-12-02T15:04:30+01:00,199.94,199.94,199.94,199.94,15
2024-12-02T15:05:30+01:00,200,200,200,200,10
2024-12-02T15:07:00+01:00,200,200,199.94,199.94,513
2024-12-02T15:08:30+01:00,199.92,199.92,199.92,199.92,137
2024-12-02T15:09:00+01:00,199.96,199.96,199.96,199.96,16
2024-12-02T15:10:00+01:00,199.98,199.98,199.98,199.98,15
2024-12-02T15:12:00+01:00,200.05,200.05,200.05,200.05,79
2024-12-02T15:12:30+01:00,200.1,200.1,199.92,199.92,154
2024-12-02T15:16:00+01:00,199.84,199.84,199.84,199.84,24
2024-12-02T15:16:30+01:00,199.84,199.84,199.82,199.82,31
2024-12-02T15:17:00+01:00,199.78,199.78,199.78,199.78,31
2024-12-02T15:19:30+01:00,199.9,199.9,199.9,199.9,30
2024-12-02T15:20:00+01:00,199.92,199.92,199.92,199.92,3
2024-12-02T15:22:00+01:00,199.74,199.74,199.72,199.72,57
2024-12-02T15:24:00+01:00,199.84,199.84,199.84,199.84,20
2024-12-02T15:25:30+01:00,199.64,199.68,199.64,199.68,36
2024-12-02T15:26:00+01:00,199.88,199.92,199.88,199.92,20
2024-12-02T15:27:30+01:00,200,200,200,200,240
2024-12-02T15:29:00+01:00,200.2,200.2,200.2,200.2,212
2024-12-02T15:30:00+01:00,200.05,200.05,200,200,552
2024-12-02T15:30:30+01:00,200.05,200.05,200.05,200.05,3
2024-12-02T15:31:00+01:00,201,201.2,201,201.2,627
2024-12-02T15:32:00+01:00,201.7,201.85,201.7,201.85,15
2024-12-02T15:32:30+01:00,201.7,201.7,201.7,201.7,60
2024-12-02T15:33:00+01:00,201.55,201.55,201.55,201.55,300
2024-12-02T15:33:30+01:00,202,202.2,202,202.2,348
2024-12-02T15:34:00+01:00,202.25,202.25,202.2,202.2,215
2024-12-02T15:34:30+01:00,201.75,201.85,201.75,201.85,2448
2024-12-02T15:35:00+01:00,201.85,201.9,201.85,201.9,662
2024-12-02T15:35:30+01:00,201.45,201.45,201.35,201.35,287
2024-12-02T15:38:00+01:00,201.35,201.35,201.35,201.35,193
2024-12-02T15:39:00+01:00,201.3,201.3,201.3,201.3,100
2024-12-02T15:41:00+01:00,201.35,201.35,201.2,201.2,290
2024-12-02T15:42:00+01:00,201.1,201.1,201.1,201.1,76
2024-12-02T15:43:30+01:00,201.15,201.15,201.15,201.15,41
2024-12-02T15:44:00+01:00,201.2,201.25,201.2,201.25,192
2024-12-02T15:44:30+01:00,201.45,201.45,201.45,201.45,70
2024-12-02T15:45:00+01:00,201.6,201.6,201.6,201.6,76
2024-12-02T15:46:00+01:00,201.7,201.7,201.7,201.7,23
2024-12-02T15:47:30+01:00,201.5,201.85,201.5,201.6,4113
2024-12-02T15:48:00+01:00,201.5,201.5,201.35,201.45,35
2024-12-02T15:48:30+01:00,201.5,201.5,201.5,201.5,100
2024-12-02T15:49:00+01:00,201.55,201.55,201.55,201.55,7
2024-12-02T15:49:30+01:00,201.4,201.4,201.4,201.4,10
2024-12-02T15:50:30+01:00,201.2,201.2,201.2,201.2,350
2024-12-02T15:51:00+01:00,201.25,201.35,201.25,201.35,74
2024-12-02T15:52:00+01:00,201.4,201.4,201.4,201.4,100
2024-12-02T15:52:30+01:00,201.3,201.35,201.3,201.35,156
2024-12-02T15:53:00+01:00,201.5,201.5,201.5,201.5,15
2024-12-02T15:53:30+01:00,201.65,201.65,201.65,201.65,19
2024-12-02T15:54:30+01:00,201.8,201.8,201.8,201.8,8
2024-12-02T15:55:00+01:00,201.8,201.9,201.8,201.9,101
2024-12-02T15:55:30+01:00,201.65,201.65,201.65,201.65,11
2024-12-02T15:58:00+01:00,201.65,201.75,201.65,201.75,21
2024-12-02T15:58:30+01:00,201.75,201.8,201.75,201.75,26
2024-12-02T15:59:00+01:00,201.85,201.85,201.85,201.85,6
2024-12-02T15:59:30+01:00,201.85,201.85,201.85,201.85,25
2024-12-02T16:00:00+01:00,201.95,202.05,201.95,202.05,108
2024-12-02T16:00:30+01:00,202.1,202.2,202.1,202.2,31
2024-12-02T16:01:00+01:00,202.4,202.4,202.4,202.4,7
2024-12-02T16:01:30+01:00,202.5,202.5,202.5,202.5,171
2024-12-02T16:02:00+01:00,202.65,202.65,202.65,202.65,30
2024-12-02T16:02:30+01:00,202.9,203,202.9,203,238
2024-12-02T16:03:00+01:00,203,203,203,203,151
2024-12-02T16:04:30+01:00,202.85,202.85,202.85,202.85,13
2024-12-02T16:05:00+01:00,203,203,203,203,500
2024-12-02T16:07:00+01:00,203.05,203.05,202.8,202.85,394
2024-12-02T16:10:00+01:00,202.65,202.65,202.6,202.6,508
2024-12-02T16:12:00+01:00,202.8,202.9,202.8,202.85,686
2024-12-02T16:12:30+01:00,202.7,202.7,202.7,202.7,200
2024-12-02T16:13:30+01:00,203.05,203.05,203,203,1000
2024-12-02T16:14:00+01:00,203.2,203.3,203.2,203.3,113
2024-12-02T16:14:30+01:00,203.4,203.4,203.4,203.4,402
2024-12-02T16:16:00+01:00,203.2,203.25,203.2,203.2,1442
2024-12-02T16:16:30+01:00,203.2,203.2,203.2,203.2,185
2024-12-02T16:17:00+01:00,203.3,203.3,203.2,203.2,89
2024-12-02T16:17:30+01:00,203.25,203.25,203.25,203.25,20
2024-12-02T16:18:00+01:00,203,203.2,203,203.2,120
2024-12-02T16:19:00+01:00,203.1,203.1,203.1,203.1,300
2024-12-02T16:19:30+01:00,203.1,203.1,203.1,203.1,387
2024-12-02T16:20:00+01:00,202.85,202.85,202.75,202.75,600
2024-12-02T16:20:30+01:00,202.8,202.8,202.8,202.8,8
2024-12-02T16:21:00+01:00,202.8,202.8,202.8,202.8,438
2024-12-02T16:21:30+01:00,202.75,202.75,202.75,202.75,10
2024-12-02T16:23:00+01:00,202.85,202.85,202.85,202.85,26
2024-12-02T16:23:30+01:00,202.95,202.95,202.95,202.95,7
2024-12-02T16:24:00+01:00,203,203,202.95,202.95,386
2024-12-02T16:25:00+01:00,202.95,202.95,202.95,202.95,78
2024-12-02T16:26:30+01:00,202.8,202.8,202.8,202.8,18
2024-12-02T16:30:00+01:00,202.7,202.7,202.7,202.7,22
2024-12-02T16:31:30+01:00,202.55,202.55,202.55,202.55,19
2024-12-02T16:32:00+01:00,202.7,202.75,202.7,202.75,447
2024-12-02T16:34:00+01:00,202.45,202.45,202.45,202.45,10
2024-12-02T16:35:00+01:00,202.6,202.65,202.6,202.65,80
2024-12-02T16:35:30+01:00,202.65,202.65,202.65,202.65,2
2024-12-02T16:36:00+01:00,202.7,202.7,202.7,202.7,13
2024-12-02T16:37:30+01:00,202.35,202.35,202.35,202.35,21
2024-12-02T16:40:00+01:00,202.45,202.5,202.45,202.5,470
2024-12-02T16:41:30+01:00,202.6,202.6,202.6,202.6,123
2024-12-02T16:42:00+01:00,202.7,202.7,202.7,202.7,15
2024-12-02T16:43:30+01:00,202.45,202.45,202.45,202.45,22
2024-12-02T16:45:00+01:00,202.5,202.55,202.5,202.55,37
2024-12-02T16:45:30+01:00,202.7,202.7,202.7,202.7,300
2024-12-02T16:46:00+01:00,202.75,202.75,202.5,202.65,3222
2024-12-02T16:48:00+01:00,202.65,202.65,202.6,202.6,473
2024-12-02T16:48:30+01:00,202.65,202.65,202.65,202.65,1
2024-12-02T16:49:00+01:00,202.5,202.5,202.5,202.5,200
2024-12-02T16:50:30+01:00,202.5,202.5,202.5,202.5,300
2024-12-02T16:52:30+01:00,202.3,202.4,202.3,202.4,67
2024-12-02T16:53:00+01:00,202.3,202.3,202.3,202.3,8
2024-12-02T16:54:00+01:00,202.2,202.2,202.2,202.2,310
2024-12-02T16:54:30+01:00,202.2,202.2,202.2,202.2,150
2024-12-02T16:55:00+01:00,202.15,202.15,202.15,202.15,146
2024-12-02T16:56:30+01:00,202,202,202,202,5
2024-12-02T16:57:00+01:00,201.95,201.95,201.95,201.95,40
2024-12-02T16:58:30+01:00,201.95,201.95,201.95,201.95,1
2024-12-02T16:59:30+01:00,202,202,201.95,201.95,373
2024-12-02T17:01:00+01:00,201.95,201.95,201.95,201.95,18
2024-12-02T17:04:30+01:00,202,202,201.95,201.95,692
2024-12-02T17:07:00+01:00,202.1,202.1,202.1,202.1,60
2024-12-02T17:07:30+01:00,202.2,202.2,202.2,202.2,10
2024-12-02T17:08:30+01:00,202.15,202.15,202.15,202.15,5
2024-12-02T17:09:30+01:00,202.5,202.5,202.5,202.5,10
2024-12-02T17:11:30+01:00,202.35,202.35,202.35,202.35,5
2024-12-02T17:15:00+01:00,202,202,201.95,201.95,124
2024-12-02T17:16:00+01:00,202,202.1,202,202.1,955
2024-12-02T17:19:00+01:00,201.65,201.65,201.65,201.65,32
2024-12-02T17:21:30+01:00,201.45,201.45,201.25,201.4,2030
2024-12-02T17:23:00+01:00,201.1,201.1,201.1,201.1,300
2024-12-02T17:24:00+01:00,201.2,201.2,201.2,201.2,14
2024-12-02T17:24:30+01:00,201.15,201.15,201.15,201.15,35
2024-12-02T17:25:00+01:00,201,201,201,201,34
2024-12-02T17:25:30+01:00,201.2,201.2,201.2,201.2,3
2024-12-02T17:26:00+01:00,201.3,201.3,201.3,201.3,100
2024-12-02T17:28:30+01:00,201.45,201.45,201.45,201.45,32
2024-12-02T17:29:00+01:00,201.55,201.55,201.5,201.5,194
2024-12-02T17:29:30+01:00,201.45,201.45,201.45,201.45,213
2024-12-03T09:04:00+01:00,201.45,201.45,201,201.35,3463
2024-12-03T09:05:00+01:00,201.35,201.4,201.05,201.05,171
2024-12-03T09:06:00+01:00,201.05,201.05,201.05,201.05,5
2024-12-03T09:07:00+01:00,201.05,201.05,201.05,201.05,1
2024-12-03T09:07:30+01:00,201.05,201.05,201.05,201.05,25
2024-12-03T09:08:30+01:00,201.25,201.25,201.25,201.25,13
2024-12-03T09:09:00+01:00,201.3,201.3,201.3,201.3,15
2024-12-03T09:12:00+01:00,201.05,201.1,201.05,201.1,223
2024-12-03T09:13:30+01:00,201.05,201.05,200.95,200.95,417
2024-12-03T09:14:00+01:00,200.75,200.75,200.75,200.75,31
2024-12-03T09:15:00+01:00,200.8,200.8,200.8,200.8,156
2024-12-03T09:22:30+01:00,200.95,200.95,200.95,200.95,5
2024-12-03T09:24:30+01:00,200.85,200.85,200.8,200.8,188
2024-12-03T09:30:30+01:00,200.6,200.6,200.6,200.6,175
2024-12-03T09:32:30+01:00,200.6,200.6,200.6,200.6,213
2024-12-03T09:33:30+01:00,200.5,200.5,200.4,200.4,218
2024-12-03T09:34:30+01:00,200.4,200.4,200.35,200.35,1183
2024-12-03T09:36:30+01:00,200.35,200.35,200.2,200.2,58
2024-12-03T09:40:00+01:00,200.35,200.35,200.35,200.35,114
2024-12-03T09:45:00+01:00,200.55,200.55,200.55,200.55,8
2024-12-03T09:49:00+01:00,200.6,200.6,200.6,200.6,50
2024-12-03T09:49:30+01:00,200.55,200.55,200.55,200.55,10
2024-12-03T09:50:00+01:00,200.5,200.5,200.5,200.5,25
2024-12-03T09:51:00+01:00,200.5,200.5,200.5,200.5,20
2024-12-03T09:52:00+01:00,200.5,200.5,200.5,200.5,42
2024-12-03T09:52:30+01:00,200.5,200.55,200.5,200.55,257
2024-12-03T09:55:00+01:00,200.5,200.5,200.5,200.5,40
2024-12-03T09:56:00+01:00,200.55,200.65,200.55,200.65,489
2024-12-03T09:57:30+01:00,200.6,200.6,200.6,200.6,15
2024-12-03T10:08:00+01:00,200.35,200.35,200.35,200.35,117
2024-12-03T10:12:00+01:00,200.4,200.4,200.4,200.4,40
2024-12-03T10:17:30+01:00,200.45,200.45,200.45,200.45,50
2024-12-03T10:20:00+01:00,200.4,200.4,200.4,200.4,100
2024-12-03T10:25:00+01:00,200.45,200.45,200.45,200.45,1
2024-12-03T10:26:00+01:00,200.5,200.5,200.45,200.45,44
2024-12-03T10:29:00+01:00,200.4,200.4,200.4,200.4,6
2024-12-03T10:30:00+01:00,200.5,200.5,200.5,200.5,21
2024-12-03T10:33:00+01:00,200.5,200.5,200.5,200.5,25
2024-12-03T10:33:30+01:00,200.4,200.4,200.4,200.4,4
2024-12-03T10:39:00+01:00,200.45,200.55,200.45,200.55,140
2024-12-03T10:42:30+01:00,200.55,200.55,200.55,200.55,2
2024-12-03T10:43:00+01:00,200.55,200.55,200.55,200.55,10
2024-12-03T10:46:30+01:00,200.45,200.45,200.45,200.45,14
2024-12-03T10:50:30+01:00,200.5,200.55,200.5,200.55,32
2024-12-03T10:52:30+01:00,200.45,200.45,200.45,200.45,80
2024-12-03T10:55:00+01:00,200.6,200.6,200.6,200.6,10
2024-12-03T10:56:00+01:00,200.45,200.45,200.45,200.45,30
2024-12-03T11:06:30+01:00,200.6,200.6,200.45,200.45,320
2024-12-03T11:14:00+01:00,200.4,200.4,200.4,200.4,500
2024-12-03T11:17:00+01:00,200.45,200.45,200.45,200.45,14
2024-12-03T11:20:00+01:00,200.7,200.7,200.7,200.7,10
2024-12-03T11:23:30+01:00,200.5,200.55,200.45,200.55,108
2024-12-03T11:25:30+01:00,200.6,200.6,200.6,200.6,3
2024-12-03T11:37:30+01:00,200.45,200.45,200.45,200.45,45
2024-12-03T11:38:00+01:00,200.45,200.45,200.45,200.45,6
2024-12-03T11:39:30+01:00,200.45,200.45,200.45,200.45,20
2024-12-03T11:46:00+01:00,200.55,200.55,200.55,200.55,16
2024-12-03T11:47:30+01:00,200.65,200.65,200.65,200.65,41
2024-12-03T11:48:00+01:00,200.7,200.7,200.7,200.7,100
2024-12-03T11:57:30+01:00,200.6,200.6,200.6,200.6,13
2024-12-03T11:58:30+01:00,200.75,200.75,200.75,200.75,40
2024-12-03T12:03:00+01:00,200.5,200.5,200.45,200.45,16
2024-12-03T12:05:30+01:00,200.45,200.45,200.45,200.45,28
2024-12-03T12:12:00+01:00,200.45,200.45,200.45,200.45,2
2024-12-03T12:12:30+01:00,200.55,200.55,200.55,200.55,27
2024-12-03T12:14:30+01:00,200.55,200.55,200.55,200.55,150
2024-12-03T12:15:30+01:00,200.5,200.5,200.5,200.5,5
2024-12-03T12:25:00+01:00,200.6,200.6,200.6,200.6,20
2024-12-03T12:30:00+01:00,200.65,200.65,200.65,200.65,7
2024-12-03T12:35:30+01:00,200.75,200.8,200.75,200.8,10
2024-12-03T12:44:00+01:00,200.85,200.85,200.85,200.85,120
2024-12-03T12:48:00+01:00,200.9,200.9,200.85,200.85,117
2024-12-03T12:48:30+01:00,200.85,200.85,200.75,200.75,793
2024-12-03T12:49:30+01:00,200.8,200.8,200.8,200.8,1
2024-12-03T12:51:30+01:00,200.7,200.7,200.7,200.7,484
2024-12-03T12:57:30+01:00,200.8,200.8,200.8,200.8,25
2024-12-03T13:08:00+01:00,200.75,200.75,200.75,200.75,20
2024-12-03T13:11:00+01:00,200.7,200.7,200.7,200.7,2
2024-12-03T13:14:30+01:00,200.5,200.5,200.5,200.5,34
2024-12-03T13:17:00+01:00,200.7,200.7,200.65,200.65,180
2024-12-03T13:22:00+01:00,200.8,200.8,200.8,200.8,40
2024-12-03T13:24:30+01:00,200.65,200.65,200.65,200.65,6
2024-12-03T13:27:30+01:00,200.8,200.8,200.8,200.8,6
2024-12-03T13:29:00+01:00,200.7,200.7,200.7,200.7,50
2024-12-03T13:30:30+01:00,200.75,200.75,200.75,200.75,20
2024-12-03T13:31:30+01:00,200.95,200.95,200.95,200.95,2
2024-12-03T13:33:00+01:00,201.05,201.05,201.05,201.05,75
2024-12-03T13:35:30+01:00,201,201,201,201,1
2024-12-03T13:42:30+01:00,201.05,201.05,201.05,201.05,10
2024-12-03T13:45:30+01:00,200.9,200.9,200.9,200.9,70
2024-12-03T13:46:00+01:00,200.9,200.9,200.9,200.9,100
2024-12-03T13:47:30+01:00,200.85,200.85,200.85,200.85,50
2024-12-03T13:50:00+01:00,200.7,200.7,200.7,200.7,47
2024-12-03T13:52:30+01:00,200.75,200.75,200.75,200.75,31
2024-12-03T13:55:00+01:00,200.85,200.85,200.85,200.85,47
2024-12-03T13:56:00+01:00,200.9,200.9,200.9,200.9,41
2024-12-03T14:00:30+01:00,200.95,200.95,200.95,200.95,15
2024-12-03T14:12:30+01:00,200.9,200.9,200.9,200.9,50
2024-12-03T14:14:30+01:00,200.85,200.85,200.85,200.85,10
2024-12-03T14:15:30+01:00,200.8,200.8,200.8,200.8,15
2024-12-03T14:17:30+01:00,200.8,200.8,200.8,200.8,63
2024-12-03T14:31:00+01:00,200.75,200.75,200.75,200.75,13
2024-12-03T14:36:00+01:00,200.75,200.75,200.75,200.75,232
2024-12-03T14:38:30+01:00,200.8,200.8,200.8,200.8,85
2024-12-03T14:42:00+01:00,200.9,200.9,200.9,200.9,24
2024-12-03T14:45:30+01:00,200.75,200.75,200.75,200.75,164
2024-12-03T14:46:00+01:00,200.85,200.9,200.85,200.9,220
2024-12-03T14:48:00+01:00,200.85,200.85,200.85,200.85,177
2024-12-03T14:50:00+01:00,200.9,200.9,200.9,200.9,70
2024-12-03T14:52:30+01:00,200.8,200.8,200.8,200.8,85
2024-12-03T14:53:00+01:00,200.75,200.75,200.6,200.6,1526
2024-12-03T14:57:30+01:00,200.3,200.3,200.3,200.3,22
2024-12-03T15:00:30+01:00,200.4,200.4,200.4,200.4,4
2024-12-03T15:01:00+01:00,200.4,200.4,200.4,200.4,1
2024-12-03T15:02:00+01:00,200.5,200.5,200.5,200.5,41
2024-12-03T15:03:30+01:00,200.5,200.55,200.5,200.5,400
2024-12-03T15:06:30+01:00,200.4,200.4,200.4,200.4,5
2024-12-03T15:07:00+01:00,200.3,200.3,200.2,200.2,662
2024-12-03T15:08:30+01:00,200.1,200.1,200,200,85
2024-12-03T15:09:30+01:00,200,200,199.98,199.98,119
2024-12-03T15:10:00+01:00,199.98,200.1,199.98,199.98,630
2024-12-03T15:15:00+01:00,200,200,200,200,2
2024-12-03T15:15:30+01:00,199.8,199.8,199.8,199.8,5
2024-12-03T15:16:00+01:00,199.92,199.92,199.92,199.92,150
2024-12-03T15:17:00+01:00,200.05,200.05,200.05,200.05,30
2024-12-03T15:18:30+01:00,199.86,199.88,199.86,199.88,215
2024-12-03T15:19:30+01:00,199.94,199.94,199.94,199.94,3
2024-12-03T15:26:00+01:00,199.84,199.84,199.84,199.84,20
2024-12-03T15:30:00+01:00,199.6,199.6,199.42,199.44,630
2024-12-03T15:30:30+01:00,199.34,199.34,199.34,199.34,330
2024-12-03T15:32:00+01:00,199.98,199.98,199.98,199.98,300
2024-12-03T15:33:00+01:00,200.2,200.2,200.2,200.2,138
2024-12-03T15:33:30+01:00,199.96,199.96,199.96,199.96,299
2024-12-03T15:36:00+01:00,200.35,200.35,200.35,200.35,2
2024-12-03T15:37:00+01:00,200.4,200.4,200.35,200.35,83
2024-12-03T15:38:30+01:00,200.65,200.65,200.65,200.65,301
2024-12-03T15:39:30+01:00,200.7,200.7,200.7,200.7,1
2024-12-03T15:40:00+01:00,200.55,200.55,200.55,200.55,9
2024-12-03T15:42:00+01:00,200.2,200.25,200.2,200.25,74
2024-12-03T15:42:30+01:00,200.5,200.5,200.5,200.5,510
2024-12-03T15:43:30+01:00,200.25,200.25,200.25,200.25,774
2024-12-03T15:44:30+01:00,200.45,200.45,200.45,200.45,28
2024-12-03T15:45:30+01:00,200.5,200.5,200.45,200.45,54
2024-12-03T15:47:00+01:00,200.4,200.4,200.4,200.4,357
2024-12-03T15:48:00+01:00,200.7,200.7,200.7,200.7,138
2024-12-03T15:48:30+01:00,200.8,200.8,200.8,200.8,12
2024-12-03T15:49:00+01:00,200.65,200.65,200.65,200.65,18
2024-12-03T15:49:30+01:00,200.85,200.85,200.85,200.85,5
2024-12-03T15:50:00+01:00,200.85,200.85,200.85,200.85,28
2024-12-03T15:50:30+01:00,200.8,200.8,200.8,200.8,133
2024-12-03T15:51:00+01:00,200.7,200.7,200.7,200.7,11
2024-12-03T15:52:00+01:00,200.8,200.85,200.8,200.85,190
2024-12-03T15:53:00+01:00,200.9,200.9,200.9,200.9,54
2024-12-03T15:55:30+01:00,200.9,200.9,200.85,200.85,438
2024-12-03T16:00:00+01:00,200.95,201,200.95,201,343
2024-12-03T16:01:00+01:00,201.15,201.15,201.15,201.15,30
2024-12-03T16:01:30+01:00,201.25,201.25,201.2,201.2,62
2024-12-03T16:02:30+01:00,201.5,201.5,201.5,201.5,15
2024-12-03T16:03:30+01:00,201.4,201.4,201.4,201.4,19
2024-12-03T16:05:30+01:00,201.6,201.65,201.6,201.65,115
2024-12-03T16:06:30+01:00,201.6,201.6,201.6,201.6,160
2024-12-03T16:10:30+01:00,201.4,201.4,201.4,201.4,18
2024-12-03T16:12:30+01:00,201.65,201.65,201.65,201.65,5
2024-12-03T16:13:30+01:00,201.45,201.5,201.45,201.5,102
2024-12-03T16:15:30+01:00,201.8,201.8,201.8,201.8,200
2024-12-03T16:16:00+01:00,201.75,201.8,201.75,201.8,396
2024-12-03T16:16:30+01:00,201.8,202,201.8,202,90
2024-12-03T16:19:30+01:00,201.65,201.65,201.65,201.65,14
2024-12-03T16:21:30+01:00,201.2,201.2,201.2,201.2,57
2024-12-03T16:22:00+01:00,201.3,201.3,201.3,201.3,3
2024-12-03T16:22:30+01:00,201.15,201.15,201.15,201.15,12
2024-12-03T16:23:30+01:00,201.2,201.2,201.2,201.2,371
2024-12-03T16:25:00+01:00,201.35,201.35,201.35,201.35,246
2024-12-03T16:26:00+01:00,201.4,201.4,201.4,201.4,22
2024-12-03T16:29:00+01:00,201.6,201.6,201.6,201.6,89
2024-12-03T16:30:30+01:00,201.7,201.7,201.7,201.7,6
2024-12-03T16:31:00+01:00,201.7,201.7,201.7,201.7,80
2024-12-03T16:33:30+01:00,201.75,201.75,201.75,201.75,11
2024-12-03T16:35:00+01:00,201.85,201.85,201.85,201.85,20
2024-12-03T16:35:30+01:00,202,202,202,202,103
2024-12-03T16:36:30+01:00,201.9,201.9,201.9,201.9,8
2024-12-03T16:37:00+01:00,201.8,201.8,201.8,201.8,87
2024-12-03T16:38:30+01:00,201.8,201.8,201.8,201.8,100
2024-12-03T16:40:00+01:00,201.85,201.85,201.85,201.85,2
2024-12-03T16:40:30+01:00,201.85,201.85,201.85,201.85,127
2024-12-03T16:41:00+01:00,201.85,201.85,201.85,201.85,85
2024-12-03T16:43:00+01:00,201.85,201.85,201.85,201.85,236
2024-12-03T16:43:30+01:00,201.95,201.95,201.9,201.9,269
2024-12-03T16:45:00+01:00,202,202.05,202,202.05,2656
2024-12-03T16:45:30+01:00,201.95,202,201.95,201.95,538
2024-12-03T16:46:00+01:00,201.75,201.75,201.75,201.75,15
2024-12-03T16:47:00+01:00,201.55,201.55,201.55,201.55,8
2024-12-03T16:48:00+01:00,201.5,201.5,201.5,201.5,59
2024-12-03T16:50:00+01:00,201.6,201.6,201.55,201.55,205
2024-12-03T16:50:30+01:00,201.55,201.55,201.55,201.55,54
2024-12-03T16:51:30+01:00,201.4,201.4,201.4,201.4,97
2024-12-03T16:52:00+01:00,201.15,201.15,201.15,201.15,100
2024-12-03T16:52:30+01:00,201.1,201.1,201.05,201.05,445
2024-12-03T16:53:00+01:00,201,201,201,201,42
2024-12-03T16:55:00+01:00,201.45,201.45,201.45,201.45,10
2024-12-03T16:56:30+01:00,201.5,201.5,201.5,201.5,286
2024-12-03T16:57:00+01:00,201.75,201.75,201.75,201.75,60
2024-12-03T16:57:30+01:00,201.65,201.65,201.65,201.65,6
2024-12-03T17:01:00+01:00,201.95,202,201.95,202,708
2024-12-03T17:01:30+01:00,202.1,202.1,202.05,202.05,488
2024-12-03T17:02:00+01:00,202,202,202,202,11
2024-12-03T17:03:30+01:00,202.15,202.15,202.15,202.15,57
2024-12-03T17:04:00+01:00,202.25,202.25,202.25,202.25,361
2024-12-03T17:05:00+01:00,202.2,202.2,202.2,202.2,91
2024-12-03T17:06:30+01:00,202.55,202.55,202.55,202.55,6
2024-12-03T17:09:30+01:00,202.35,202.45,202.35,202.45,210
2024-12-03T17:10:30+01:00,202.55,202.55,202.45,202.45,367
2024-12-03T17:11:30+01:00,202.45,202.55,202.45,202.55,82
2024-12-03T17:13:30+01:00,202.5,202.5,202.45,202.45,196
2024-12-03T17:14:00+01:00,202.35,202.35,202.35,202.35,444
2024-12-03T17:14:30+01:00,202.3,202.35,202.3,202.35,154
2024-12-03T17:21:30+01:00,202.15,202.15,202.15,202.15,12
2024-12-03T17:23:30+01:00,202,202,202,202,41
2024-12-03T17:24:00+01:00,201.95,201.95,201.95,201.95,5
2024-12-03T17:25:00+01:00,202,202.1,202,202.1,357
2024-12-03T17:25:30+01:00,201.95,202.05,201.95,202.05,292
2024-12-03T17:27:00+01:00,202.3,202.3,202.3,202.3,9
2024-12-03T17:28:30+01:00,202.6,202.6,202.6,202.6,600
2024-12-04T09:04:00+01:00,203.5,203.5,203.4,203.45,2042
2024-12-04T09:05:00+01:00,203.45,203.45,203.45,203.45,27
2024-12-04T09:06:00+01:00,203.45,203.5,203.45,203.5,455
2024-12-04T09:07:00+01:00,203.5,203.5,203.5,203.5,80
2024-12-04T09:07:30+01:00,203.5,203.5,203.5,203.5,757
2024-12-04T09:09:00+01:00,203.6,203.6,203.45,203.45,138
2024-12-04T09:10:00+01:00,203.5,203.65,203.5,203.65,1149
2024-12-04T09:11:00+01:00,203.55,203.55,203.55,203.55,20
2024-12-04T09:12:00+01:00,203.6,203.6,203.6,203.6,40
2024-12-04T09:13:00+01:00,203.6,203.6,203.6,203.6,33
2024-12-04T09:16:00+01:00,203.65,203.75,203.65,203.75,147
2024-12-04T09:16:30+01:00,203.75,203.75,203.75,203.75,27
2024-12-04T09:17:30+01:00,203.7,203.7,203.7,203.7,13
2024-12-04T09:20:00+01:00,203.65,203.65,203.65,203.65,1
2024-12-04T09:21:00+01:00,203.65,203.65,203.6,203.65,1157
2024-12-04T09:23:30+01:00,203.65,203.65,203.6,203.6,65
2024-12-04T09:25:30+01:00,203.65,203.65,203.65,203.65,15
2024-12-04T09:28:30+01:00,203.65,203.65,203.6,203.6,50
2024-12-04T09:31:00+01:00,203.75,203.75,203.75,203.75,195
2024-12-04T09:31:30+01:00,203.75,203.75,203.75,203.75,168
2024-12-04T09:33:00+01:00,203.75,203.75,203.75,203.75,56
2024-12-04T09:33:30+01:00,203.75,203.75,203.75,203.75,65
2024-12-04T09:34:00+01:00,203.75,203.8,203.75,203.8,79
2024-12-04T09:34:30+01:00,203.85,203.85,203.85,203.85,2
2024-12-04T09:38:30+01:00,203.95,203.95,203.95,203.95,25
2024-12-04T09:42:30+01:00,203.85,203.85,203.85,203.85,50
2024-12-04T09:43:30+01:00,203.9,203.9,203.9,203.9,10
2024-12-04T09:44:30+01:00,203.9,203.9,203.9,203.9,90
2024-12-04T09:45:00+01:00,203.95,203.95,203.95,203.95,55
2024-12-04T09:45:30+01:00,204,204,203.95,203.95,183
2024-12-04T09:46:00+01:00,204,204,204,204,60
2024-12-04T09:46:30+01:00,204,204,204,204,174
2024-12-04T09:48:30+01:00,204.05,204.05,204.05,204.05,2
2024-12-04T09:50:00+01:00,204.1,204.1,204.1,204.1,5
2024-12-04T09:53:00+01:00,204.15,204.15,204.15,204.15,6
2024-12-04T09:54:00+01:00,204.15,204.2,204.15,204.2,50
2024-12-04T09:55:00+01:00,204.15,204.15,204.15,204.15,10
2024-12-04T09:58:00+01:00,204.05,204.05,204.05,204.05,20
2024-12-04T09:58:30+01:00,204.2,204.3,204.1,204.3,335
2024-12-04T09:59:30+01:00,204.1,204.1,204.1,204.1,15
2024-12-04T10:00:00+01:00,204.1,204.1,204.05,204.05,250
2024-12-04T10:03:00+01:00,204.25,204.35,204.25,204.35,80
2024-12-04T10:04:00+01:00,204.4,204.55,204.4,204.55,653
2024-12-04T10:04:30+01:00,204.3,204.3,204.3,204.3,32
2024-12-04T10:05:00+01:00,204.45,204.45,204.45,204.45,29
2024-12-04T10:05:30+01:00,204.45,204.45,204.45,204.45,5
2024-12-04T10:06:30+01:00,204.2,204.2,204.2,204.2,40
2024-12-04T10:07:30+01:00,204.1,204.1,204.1,204.1,100
2024-12-04T10:08:30+01:00,204,204,203.95,203.95,44
2024-12-04T10:09:00+01:00,204,204,204,204,49
2024-12-04T10:09:30+01:00,204.05,204.05,204.05,204.05,5
2024-12-04T10:15:00+01:00,204.2,204.2,204.2,204.2,40
2024-12-04T10:16:30+01:00,204.2,204.2,204.2,204.2,5
2024-12-04T10:17:00+01:00,204.05,204.05,204.05,204.05,43
2024-12-04T10:25:00+01:00,204.1,204.1,204.1,204.1,30
2024-12-04T10:25:30+01:00,204.15,204.15,204.15,204.15,74
2024-12-04T10:26:00+01:00,204.15,204.15,204.15,204.15,147
2024-12-04T10:27:00+01:00,204.2,204.25,204.2,204.25,500
2024-12-04T10:27:30+01:00,204.15,204.15,204.15,204.15,21
2024-12-04T10:31:00+01:00,204,204,204,204,560
2024-12-04T10:32:30+01:00,204.1,204.1,204.1,204.1,13
2024-12-04T10:35:30+01:00,204.1,204.1,204.1,204.1,100
2024-12-04T10:37:00+01:00,204.05,204.05,204.05,204.05,30
2024-12-04T10:37:30+01:00,204,204,204,204,50
2024-12-04T10:38:30+01:00,204.1,204.1,204.1,204.1,15
2024-12-04T10:43:30+01:00,204,204,204,204,2
2024-12-04T10:44:00+01:00,204,204.05,204,204.05,35
2024-12-04T10:47:00+01:00,203.9,203.9,203.9,203.9,1
2024-12-04T10:49:30+01:00,204.2,204.2,204.2,204.2,10
2024-12-04T10:55:30+01:00,204,204,204,204,30
2024-12-04T11:04:30+01:00,204.2,204.2,204.2,204.2,50
2024-12-04T11:05:00+01:00,204.15,204.15,204.15,204.15,14
2024-12-04T11:06:30+01:00,204.1,204.1,204.1,204.1,13
2024-12-04T11:12:30+01:00,204.2,204.2,204.05,204.05,509
2024-12-04T11:14:00+01:00,204.1,204.1,204.1,204.1,180
2024-12-04T11:15:00+01:00,204.15,204.15,204.15,204.15,100
2024-12-04T11:16:30+01:00,204.15,204.15,204.15,204.15,70
2024-12-04T11:20:00+01:00,204.25,204.25,204.25,204.25,3
2024-12-04T11:28:00+01:00,204.2,204.2,204.2,204.2,30
2024-12-04T11:33:00+01:00,204.3,204.3,204.25,204.25,51
2024-12-04T11:34:30+01:00,204.25,204.25,204.25,204.25,190
2024-12-04T11:35:00+01:00,204.25,204.25,204.25,204.25,185
2024-12-04T11:38:30+01:00,204.45,204.45,204.45,204.45,150
2024-12-04T11:42:00+01:00,204.6,204.6,204.6,204.6,40
2024-12-04T11:43:00+01:00,204.45,204.45,204.45,204.45,135
2024-12-04T11:44:30+01:00,204.6,204.65,204.6,204.65,485
2024-12-04T11:46:00+01:00,204.75,204.75,204.75,204.75,20
2024-12-04T11:47:00+01:00,204.6,204.6,204.6,204.6,20
2024-12-04T11:48:00+01:00,204.75,204.75,204.75,204.75,14
2024-12-04T11:49:00+01:00,204.55,204.55,204.55,204.55,80
2024-12-04T11:50:30+01:00,204.6,204.65,204.6,204.65,169
2024-12-04T11:53:00+01:00,204.7,204.7,204.7,204.7,3
2024-12-04T11:53:30+01:00,204.75,204.75,204.75,204.75,49
2024-12-04T11:55:30+01:00,204.65,204.65,204.65,204.65,10
2024-12-04T12:00:00+01:00,204.55,204.55,204.55,204.55,5
2024-12-04T12:00:30+01:00,204.65,204.65,204.65,204.65,7
2024-12-04T12:10:30+01:00,204.65,204.65,204.65,204.65,138
2024-12-04T12:12:00+01:00,204.75,204.75,204.75,204.75,245
2024-12-04T12:17:30+01:00,204.75,204.75,204.75,204.75,30
2024-12-04T12:20:30+01:00,204.65,204.65,204.65,204.65,10
2024-12-04T12:22:00+01:00,204.6,204.65,204.6,204.65,58
2024-12-04T12:22:30+01:00,204.5,204.5,204.5,204.5,5
2024-12-04T12:23:00+01:00,204.5,204.5,204.5,204.5,4
2024-12-04T12:30:30+01:00,204.5,204.5,204.5,204.5,33
2024-12-04T12:32:00+01:00,204.55,204.55,204.55,204.55,50
2024-12-04T12:32:30+01:00,204.5,204.5,204.5,204.5,5
2024-12-04T12:35:30+01:00,204.5,204.5,204.5,204.5,100
2024-12-04T12:36:00+01:00,204.5,204.55,204.5,204.55,125
2024-12-04T12:39:30+01:00,204.45,204.45,204.45,204.45,10
2024-12-04T12:42:00+01:00,204.4,204.4,204.4,204.4,2
2024-12-04T12:45:00+01:00,204.35,204.35,204.35,204.35,30
2024-12-04T12:46:00+01:00,204.35,204.35,204.35,204.35,4
2024-12-04T12:51:30+01:00,204.6,204.6,204.6,204.6,30
2024-12-04T12:53:30+01:00,204.7,204.7,204.7,204.7,50
2024-12-04T13:01:30+01:00,204.8,204.8,204.8,204.8,150
2024-12-04T13:02:00+01:00,204.95,205,204.95,205,1657
2024-12-04T13:05:00+01:00,204.9,204.9,204.9,204.9,380
2024-12-04T13:05:30+01:00,205,205,205,205,100
2024-12-04T13:06:00+01:00,205,205,204.85,204.85,773
2024-12-04T13:06:30+01:00,204.9,204.9,204.9,204.9,500
2024-12-04T13:08:00+01:00,205,205,205,205,300
2024-12-04T13:08:30+01:00,205,205,205,205,300
2024-12-04T13:09:00+01:00,205.1,205.1,205.1,205.1,10
2024-12-04T13:09:30+01:00,205.25,205.25,205.25,205.25,866
2024-12-04T13:10:00+01:00,205.3,205.3,205.3,205.3,590
2024-12-04T13:10:30+01:00,205.25,205.3,205.25,205.3,544
2024-12-04T13:11:00+01:00,205.3,205.3,205.3,205.3,73
2024-12-04T13:13:30+01:00,205.4,205.4,205.3,205.3,30
2024-12-04T13:17:00+01:00,205.2,205.2,205.2,205.2,100
2024-12-04T13:19:30+01:00,205.25,205.25,205.25,205.25,300
2024-12-04T13:20:30+01:00,205.2,205.2,205.2,205.2,202
2024-12-04T13:21:00+01:00,205.05,205.05,205.05,205.05,10
2024-12-04T13:21:30+01:00,205,205,204.8,204.8,607
2024-12-04T13:22:30+01:00,204.7,204.7,204.7,204.7,49
2024-12-04T13:23:00+01:00,204.65,204.75,204.65,204.75,505
2024-12-04T13:24:00+01:00,204.95,204.95,204.95,204.95,20
2024-12-04T13:25:00+01:00,205.05,205.05,205.05,205.05,100
2024-12-04T13:31:00+01:00,205.1,205.1,205.1,205.1,387
2024-12-04T13:31:30+01:00,205.05,205.05,205.05,205.05,94
2024-12-04T13:33:00+01:00,205.25,205.25,205.25,205.25,200
2024-12-04T13:33:30+01:00,205.2,205.2,205.2,205.2,60
2024-12-04T13:35:00+01:00,205.25,205.25,205.25,205.25,1
2024-12-04T13:37:30+01:00,205.15,205.15,205.15,205.15,4
2024-12-04T13:38:00+01:00,205.2,205.2,205.2,205.2,25
2024-12-04T13:48:30+01:00,205.25,205.25,205.25,205.25,355
2024-12-04T13:50:00+01:00,205.2,205.2,205.2,205.2,450
2024-12-04T13:50:30+01:00,205.25,205.25,205.25,205.25,13
2024-12-04T13:54:00+01:00,205.5,205.5,205.5,205.5,60
2024-12-04T13:57:00+01:00,205.55,205.55,205.55,205.55,75
2024-12-04T13:58:00+01:00,205.45,205.45,205.45,205.45,2
2024-12-04T14:00:00+01:00,205.6,205.6,205.6,205.6,280
2024-12-04T14:04:00+01:00,205.85,205.9,205.85,205.85,235
2024-12-04T14:05:00+01:00,205.9,205.9,205.9,205.9,5
2024-12-04T14:06:00+01:00,205.85,205.85,205.85,205.85,30
2024-12-04T14:07:30+01:00,205.95,205.95,205.95,205.95,94
2024-12-04T14:08:00+01:00,205.9,205.9,205.9,205.9,100
2024-12-04T14:09:00+01:00,205.95,206,205.95,206,456
2024-12-04T14:09:30+01:00,206.05,206.05,206.05,206.05,15
2024-12-04T14:10:00+01:00,206,206,206,206,5
2024-12-04T14:10:30+01:00,206.1,206.1,205.95,205.95,451
2024-12-04T14:12:30+01:00,205.9,205.9,205.9,205.9,25
2024-12-04T14:14:30+01:00,206,206,206,206,34
2024-12-04T14:21:00+01:00,206.1,206.1,206.1,206.1,129
2024-12-04T14:22:00+01:00,206.05,206.05,206.05,206.05,5
2024-12-04T14:24:00+01:00,205.95,205.95,205.95,205.95,30
2024-12-04T14:26:30+01:00,205.95,205.95,205.95,205.95,3
2024-12-04T14:27:30+01:00,206,206,206,206,12
2024-12-04T14:28:00+01:00,205.85,205.85,205.85,205.85,15
2024-12-04T14:28:30+01:00,205.8,205.8,205.8,205.8,5
2024-12-04T14:30:00+01:00,205.85,205.85,205.8,205.8,25
2024-12-04T14:30:30+01:00,205.7,205.7,205.7,205.7,2
2024-12-04T14:31:30+01:00,205.85,205.85,205.85,205.85,60
2024-12-04T14:32:00+01:00,205.9,205.9,205.9,205.9,268
2024-12-04T14:35:00+01:00,206.1,206.1,206.1,206.1,10
2024-12-04T14:36:00+01:00,206.05,206.05,206.05,206.05,3
2024-12-04T14:39:00+01:00,206.05,206.05,206.05,206.05,60
2024-12-04T14:40:00+01:00,206.1,206.1,206.1,206.1,73
2024-12-04T14:41:00+01:00,206,206,205.7,205.7,12
2024-12-04T14:48:30+01:00,205.9,205.9,205.9,205.9,1
2024-12-04T14:51:00+01:00,205.85,205.85,205.85,205.85,15
2024-12-04T14:51:30+01:00,205.75,205.75,205.75,205.75,5
2024-12-04T14:52:00+01:00,205.85,205.85,205.85,205.85,267
2024-12-04T14:52:30+01:00,205.8,205.9,205.8,205.9,255
2024-12-04T14:54:30+01:00,205.7,205.7,205.65,205.65,560
2024-12-04T14:55:00+01:00,205.75,205.75,205.7,205.7,95
2024-12-04T14:55:30+01:00,205.75,205.75,205.75,205.75,100
2024-12-04T14:59:00+01:00,205.9,205.9,205.9,205.9,50
2024-12-04T15:02:00+01:00,205.85,205.85,205.85,205.85,16
2024-12-04T15:02:30+01:00,205.85,205.9,205.85,205.9,62
2024-12-04T15:05:30+01:00,206.05,206.05,206.05,206.05,10
2024-12-04T15:08:30+01:00,206.15,206.15,206.15,206.15,73
2024-12-04T15:09:30+01:00,206.2,206.2,206.2,206.2,158
2024-12-04T15:14:00+01:00,206.1,206.15,206.1,206.15,54
2024-12-04T15:15:00+01:00,206,206,206,206,116
2024-12-04T15:16:00+01:00,206.05,206.05,205.8,205.8,51
2024-12-04T15:16:30+01:00,205.8,205.8,205.8,205.8,50
2024-12-04T15:17:30+01:00,205.95,205.95,205.95,205.95,50
2024-12-04T15:21:30+01:00,205.75,205.75,205.75,205.75,13
2024-12-04T15:24:30+01:00,205.5,205.5,205.5,205.5,156
2024-12-04T15:29:30+01:00,206.05,206.05,206.05,206.05,10
2024-12-04T15:30:00+01:00,206.25,206.5,206.1,206.5,435
2024-12-04T15:30:30+01:00,206.85,206.85,206.75,206.75,18
2024-12-04T15:31:30+01:00,206.5,206.5,206.5,206.5,2
2024-12-04T15:32:00+01:00,206.6,206.6,206.6,206.6,353
2024-12-04T15:32:30+01:00,206.7,206.7,206.7,206.7,295
2024-12-04T15:33:00+01:00,206.8,206.9,206.8,206.9,423
2024-12-04T15:33:30+01:00,207,207,207,207,37
2024-12-04T15:34:00+01:00,207.45,207.45,207.45,207.45,300
2024-12-04T15:34:30+01:00,207.3,207.3,206.85,207,842
2024-12-04T15:35:00+01:00,207,207,207,207,16
2024-12-04T15:37:00+01:00,207.05,207.05,206.9,206.9,700
2024-12-04T15:38:30+01:00,206.85,206.85,206.85,206.85,300
2024-12-04T15:39:30+01:00,207.4,207.4,207.2,207.2,416
2024-12-04T15:40:30+01:00,207.55,207.55,207.45,207.45,128
2024-12-04T15:42:00+01:00,207.7,207.7,207.7,207.7,50
2024-12-04T15:43:00+01:00,207.3,207.3,207.3,207.3,361
2024-12-04T15:44:30+01:00,207.6,207.6,207.55,207.55,30
2024-12-04T15:45:00+01:00,207.7,207.7,207.7,207.7,60
2024-12-04T15:46:00+01:00,207.4,207.4,207.4,207.4,150
2024-12-04T15:46:30+01:00,207.4,207.4,207.4,207.4,15
2024-12-04T15:48:00+01:00,207.2,207.35,207.2,207.35,59
2024-12-04T15:48:30+01:00,207.4,207.4,207.4,207.4,550
2024-12-04T15:49:00+01:00,207.5,207.5,207.3,207.3,162
2024-12-04T15:49:30+01:00,207.2,207.3,207.2,207.3,407
2024-12-04T15:50:30+01:00,207.5,207.5,207.5,207.5,1
2024-12-04T15:51:00+01:00,207.35,207.35,207.35,207.35,6
2024-12-04T15:51:30+01:00,207.55,207.55,207.55,207.55,24
2024-12-04T15:52:00+01:00,207.65,207.65,207.65,207.65,2
2024-12-04T15:52:30+01:00,207.8,207.8,207.8,207.8,90
2024-12-04T15:54:00+01:00,208,208,208,208,86
2024-12-04T15:54:30+01:00,208.05,208.05,208.05,208.05,2
2024-12-04T15:55:30+01:00,208.2,208.2,208.2,208.2,449
2024-12-04T15:56:00+01:00,208.15,208.15,208.15,208.15,122
2024-12-04T15:57:00+01:00,208.1,208.2,208.05,208.2,1006
2024-12-04T15:57:30+01:00,208.25,208.25,208.25,208.25,100
2024-12-04T16:00:00+01:00,207.8,207.8,207.45,207.45,258
2024-12-04T16:00:30+01:00,207.6,207.6,207.6,207.6,67
2024-12-04T16:01:00+01:00,207.7,207.7,207.7,207.7,42
2024-12-04T16:01:30+01:00,207.5,207.5,207.5,207.5,50
2024-12-04T16:02:00+01:00,207.7,207.7,207.7,207.7,10
2024-12-04T16:03:30+01:00,208.05,208.15,208.05,208.05,606
2024-12-04T16:04:30+01:00,208.15,208.15,208.15,208.15,2
2024-12-04T16:05:00+01:00,208.2,208.2,208.2,208.2,13
2024-12-04T16:05:30+01:00,208.5,208.5,208.45,208.45,72
2024-12-04T16:06:00+01:00,208.35,208.35,208.15,208.15,14
2024-12-04T16:07:30+01:00,208.3,208.3,208.3,208.3,150
2024-12-04T16:08:00+01:00,208.35,208.35,208.35,208.35,70
2024-12-04T16:08:30+01:00,208.45,208.45,208.45,208.45,433
2024-12-04T16:09:00+01:00,208.45,208.45,208.45,208.45,694
2024-12-04T16:10:00+01:00,208.6,208.6,208.6,208.6,104
2024-12-04T16:12:00+01:00,208.8,208.8,208.8,208.8,50
2024-12-04T16:12:30+01:00,208.5,208.5,208.5,208.5,74
2024-12-04T16:14:00+01:00,208.4,208.55,208.4,208.55,9
2024-12-04T16:14:30+01:00,208.55,208.55,208.55,208.55,15
2024-12-04T16:15:30+01:00,208,208,208,208,10
2024-12-04T16:19:30+01:00,208,208,208,208,23
2024-12-04T16:20:00+01:00,207.85,207.85,207.85,207.85,60
2024-12-04T16:21:00+01:00,207.75,207.85,207.75,207.85,64
2024-12-04T16:22:00+01:00,208.05,208.05,208,208,102
2024-12-04T16:22:30+01:00,207.95,207.95,207.95,207.95,100
2024-12-04T16:23:00+01:00,208.15,208.15,208,208,276
2024-12-04T16:23:30+01:00,208.05,208.05,208.05,208.05,40
2024-12-04T16:24:30+01:00,207.8,207.8,207.8,207.8,6
2024-12-04T16:25:00+01:00,207.55,207.55,207.55,207.55,90
2024-12-04T16:28:00+01:00,207.65,207.65,207.65,207.65,15
2024-12-04T16:28:30+01:00,207.7,207.7,207.7,207.7,510
2024-12-04T16:29:00+01:00,207.6,207.6,207.6,207.6,481
2024-12-04T16:30:00+01:00,207.25,207.25,207.25,207.25,74
2024-12-04T16:32:00+01:00,207.75,207.75,207.75,207.75,73
2024-12-04T16:33:00+01:00,207.9,207.9,207.9,207.9,200
2024-12-04T16:33:30+01:00,208,208,208,208,1000
2024-12-04T16:34:00+01:00,208.1,208.15,208.1,208.15,385
2024-12-04T16:35:30+01:00,208.15,208.15,208.15,208.15,497
2024-12-04T16:37:00+01:00,208.15,208.15,208.15,208.15,20
2024-12-04T16:37:30+01:00,208.25,208.25,208.25,208.25,90
2024-12-04T16:38:00+01:00,208.3,208.35,208.3,208.3,606
2024-12-04T16:38:30+01:00,208.3,208.3,208.3,208.3,150
2024-12-04T16:39:00+01:00,208.3,208.3,208.3,208.3,20
2024-12-04T16:41:30+01:00,208.5,208.55,208.5,208.55,976
2024-12-04T16:42:00+01:00,208.55,208.55,208.55,208.55,73
2024-12-04T16:42:30+01:00,208.4,208.4,208.4,208.4,40
2024-12-04T16:44:30+01:00,208.6,208.6,208.6,208.6,46
2024-12-04T16:45:00+01:00,208.55,208.55,208.55,208.55,129
2024-12-04T16:46:00+01:00,208.55,208.55,208.55,208.55,120
2024-12-04T16:46:30+01:00,208.65,208.7,208.65,208.7,44
2024-12-04T16:47:00+01:00,208.5,208.5,208.5,208.5,10
2024-12-04T16:47:30+01:00,208.65,208.75,208.65,208.75,107
2024-12-04T16:48:00+01:00,208.85,208.85,208.85,208.85,10
2024-12-04T16:49:00+01:00,209,209,209,209,113
2024-12-04T16:49:30+01:00,209.1,209.1,209.1,209.1,20
2024-12-04T16:50:30+01:00,208.8,208.8,208.8,208.8,240
2024-12-04T16:52:00+01:00,208.5,208.5,208.5,208.5,314
2024-12-04T16:52:30+01:00,208.5,208.5,208.45,208.5,986
2024-12-04T16:53:00+01:00,208.45,208.45,208.45,208.45,34
2024-12-04T16:54:30+01:00,208.5,208.5,208.5,208.5,20
2024-12-04T16:55:00+01:00,208.65,208.65,208.65,208.65,2
2024-12-04T16:55:30+01:00,208.55,208.55,208.55,208.55,60
2024-12-04T16:56:30+01:00,208.65,208.75,208.65,208.75,116
2024-12-04T16:58:00+01:00,208.85,208.85,208.85,208.85,20
2024-12-04T16:58:30+01:00,208.85,208.85,208.85,208.85,390
2024-12-04T16:59:00+01:00,208.9,208.9,208.7,208.7,105
2024-12-04T17:01:00+01:00,208.75,208.75,208.75,208.75,19
2024-12-04T17:03:00+01:00,208.45,208.45,208.45,208.45,29
2024-12-04T17:03:30+01:00,208.35,208.35,208.35,208.35,12
2024-12-04T17:04:00+01:00,208.45,208.45,208.45,208.45,50
2024-12-04T17:04:30+01:00,208.5,208.5,208.45,208.5,203
2024-12-04T17:05:00+01:00,208.35,208.35,208.35,208.35,360
2024-12-04T17:06:30+01:00,208.5,208.5,208.5,208.5,70
2024-12-04T17:09:00+01:00,208.7,208.75,208.7,208.75,298
2024-12-04T17:10:00+01:00,208.55,208.55,208.55,208.55,30
2024-12-04T17:10:30+01:00,208.35,208.45,208.35,208.45,409
2024-12-04T17:13:30+01:00,208.3,208.3,208.3,208.3,228
2024-12-04T17:14:30+01:00,208.45,208.45,208.4,208.4,75
2024-12-04T17:15:00+01:00,208.25,208.25,208.25,208.25,105
2024-12-04T17:17:00+01:00,208.15,208.15,208.15,208.15,50
2024-12-04T17:18:30+01:00,207.85,207.85,207.85,207.85,3
2024-12-04T17:19:30+01:00,207.95,207.95,207.95,207.95,50
2024-12-04T17:20:00+01:00,207.95,207.95,207.95,207.95,45
2024-12-04T17:20:30+01:00,207.7,207.7,207.65,207.65,224
2024-12-04T17:21:30+01:00,207.65,207.65,207.65,207.65,90
2024-12-04T17:24:00+01:00,207.3,207.4,207.3,207.4,103
2024-12-04T17:26:00+01:00,207.2,207.2,207.2,207.2,9
2024-12-04T17:26:30+01:00,207.25,207.25,207.25,207.25,5
2024-12-04T17:29:30+01:00,207.25,207.35,207.25,207.35,501
2024-12-05T09:04:00+01:00,207.15,207.15,207,207,2815
2024-12-05T09:04:30+01:00,206.85,206.85,206.85,206.85,35
2024-12-05T09:05:00+01:00,206.9,206.95,206.9,206.95,55
2024-12-05T09:06:30+01:00,206.85,206.85,206.85,206.85,10
2024-12-05T09:07:00+01:00,206.95,206.95,206.95,206.95,24
2024-12-05T09:10:00+01:00,206.95,207,206.95,207,226
2024-12-05T09:11:30+01:00,206.85,206.85,206.85,206.85,20
2024-12-05T09:12:00+01:00,207,207,207,207,127
2024-12-05T09:14:30+01:00,207.1,207.15,207.1,207.15,31
2024-12-05T09:15:00+01:00,207.1,207.1,207.1,207.1,66
2024-12-05T09:15:30+01:00,207.05,207.05,207.05,207.05,1
2024-12-05T09:19:00+01:00,207,207.1,207,207.1,123
2024-12-05T09:20:00+01:00,207.1,207.1,207.1,207.1,183
2024-12-05T09:20:30+01:00,207,207,207,207,74
2024-12-05T09:21:00+01:00,206.95,207,206.95,207,42
2024-12-05T09:21:30+01:00,206.95,206.95,206.9,206.9,25
2024-12-05T09:22:30+01:00,207.05,207.05,207.05,207.05,58
2024-12-05T09:25:30+01:00,207,207,207,207,1509
2024-12-05T09:28:00+01:00,206.95,206.95,206.95,206.95,26
2024-12-05T09:28:30+01:00,207.1,207.1,207.1,207.1,10
2024-12-05T09:30:30+01:00,207,207,207,207,95
2024-12-05T09:33:30+01:00,207,207,207,207,105
2024-12-05T09:35:30+01:00,207,207,207,207,104
2024-12-05T09:36:00+01:00,206.9,206.9,206.9,206.9,20
2024-12-05T09:37:00+01:00,207,207,207,207,40
2024-12-05T09:38:30+01:00,207,207.05,207,207.05,23
2024-12-05T09:39:00+01:00,206.95,206.95,206.95,206.95,34
2024-12-05T09:39:30+01:00,206.9,206.9,206.9,206.9,10
2024-12-05T09:40:30+01:00,206.95,206.95,206.95,206.95,59
2024-12-05T09:41:00+01:00,206.85,206.85,206.85,206.85,343
2024-12-05T09:41:30+01:00,206.85,206.85,206.85,206.85,10
2024-12-05T09:42:00+01:00,206.85,206.85,206.85,206.85,370
2024-12-05T09:42:30+01:00,206.85,206.85,206.85,206.85,145
2024-12-05T09:44:30+01:00,207,207,207,207,11
2024-12-05T09:45:00+01:00,206.85,206.85,206.85,206.85,2
2024-12-05T09:48:00+01:00,207,207.05,207,207,181
2024-12-05T09:48:30+01:00,206.95,206.95,206.9,206.9,20
2024-12-05T09:50:00+01:00,207,207,207,207,2
2024-12-05T09:52:00+01:00,207,207.1,207,207,224
2024-12-05T09:55:00+01:00,207.1,207.1,207.1,207.1,55
2024-12-05T10:01:30+01:00,207.15,207.15,207.15,207.15,22
2024-12-05T10:02:30+01:00,207.1,207.1,207.05,207.05,58
2024-12-05T10:03:30+01:00,206.9,206.9,206.9,206.9,27
2024-12-05T10:04:00+01:00,206.95,206.95,206.9,206.9,388
2024-12-05T10:05:00+01:00,206.9,206.9,206.75,206.75,1986
2024-12-05T10:06:30+01:00,206.95,207,206.95,207,118
2024-12-05T10:07:00+01:00,206.95,207,206.95,207,211
2024-12-05T10:07:30+01:00,207,207,207,207,2
2024-12-05T10:09:30+01:00,206.95,206.95,206.95,206.95,27
2024-12-05T10:10:00+01:00,206.9,206.9,206.9,206.9,2500
2024-12-05T10:10:30+01:00,206.85,206.9,206.85,206.9,450
2024-12-05T10:11:00+01:00,206.9,206.9,206.9,206.9,70
2024-12-05T10:11:30+01:00,206.9,206.9,206.85,206.85,31
2024-12-05T10:12:00+01:00,207.15,207.2,207.15,207.15,416
2024-12-05T10:13:00+01:00,207.05,207.05,207,207,5
2024-12-05T10:14:00+01:00,207.05,207.1,207.05,207.1,100
2024-12-05T10:15:30+01:00,207.1,207.1,207.1,207.1,7
2024-12-05T10:16:00+01:00,207.1,207.1,207.05,207.05,136
2024-12-05T10:16:30+01:00,207.1,207.1,207.1,207.1,60
2024-12-05T10:22:00+01:00,207,207.1,206.95,207.1,247
2024-12-05T10:23:30+01:00,207.05,207.05,207,207,134
2024-12-05T10:25:00+01:00,207,207,207,207,200
2024-12-05T10:26:00+01:00,207.05,207.05,207.05,207.05,321
2024-12-05T10:27:30+01:00,207.1,207.1,207.1,207.1,347
2024-12-05T10:28:00+01:00,207.15,207.15,207.15,207.15,10
2024-12-05T10:29:30+01:00,207.2,207.2,207.2,207.2,30
2024-12-05T10:31:00+01:00,207.1,207.1,207.1,207.1,15
2024-12-05T10:31:30+01:00,207.15,207.15,207.15,207.15,1
2024-12-05T10:33:00+01:00,207.2,207.2,207.2,207.2,49
2024-12-05T10:35:00+01:00,207.2,207.2,207.2,207.2,47
2024-12-05T10:36:00+01:00,207.15,207.15,207.15,207.15,49
2024-12-05T10:38:00+01:00,207.05,207.05,207.05,207.05,20
2024-12-05T10:40:00+01:00,207.15,207.15,207.15,207.15,37
2024-12-05T10:41:30+01:00,207.05,207.05,207.05,207.05,30
2024-12-05T10:43:30+01:00,207.1,207.1,207.05,207.05,13
2024-12-05T10:44:30+01:00,207.05,207.05,207.05,207.05,20
2024-12-05T10:47:00+01:00,207.05,207.05,207.05,207.05,660
2024-12-05T10:48:00+01:00,207.05,207.2,207.05,207.2,800
2024-12-05T10:48:30+01:00,207.05,207.05,206.95,206.95,2372
2024-12-05T10:49:00+01:00,206.95,206.95,206.9,206.9,754
2024-12-05T10:49:30+01:00,206.9,206.9,206.9,206.9,159
2024-12-05T10:50:00+01:00,206.9,206.9,206.9,206.9,359
2024-12-05T10:50:30+01:00,206.9,206.9,206.9,206.9,365
2024-12-05T10:51:00+01:00,206.85,206.95,206.85,206.95,245
2024-12-05T10:51:30+01:00,206.85,206.85,206.85,206.85,110
2024-12-05T10:54:00+01:00,206.85,206.95,206.75,206.95,2073
2024-12-05T10:55:30+01:00,207,207,207,207,2002
2024-12-05T10:57:30+01:00,207,207,207,207,1
2024-12-05T10:58:30+01:00,206.9,206.9,206.9,206.9,270
2024-12-05T10:59:00+01:00,206.85,206.9,206.75,206.9,657
2024-12-05T10:59:30+01:00,206.9,206.9,206.9,206.9,10
2024-12-05T11:08:30+01:00,206.85,206.85,206.85,206.85,6
2024-12-05T11:09:30+01:00,206.9,206.9,206.9,206.9,49
2024-12-05T11:12:30+01:00,206.9,206.9,206.9,206.9,49
2024-12-05T11:13:00+01:00,206.95,206.95,206.95,206.95,40
2024-12-05T11:18:30+01:00,207.05,207.1,207.05,207.1,9
2024-12-05T11:21:30+01:00,207.05,207.05,207.05,207.05,300
2024-12-05T11:25:00+01:00,207,207,207,207,1
2024-12-05T11:25:30+01:00,207,207,207,207,20
2024-12-05T11:26:30+01:00,207.15,207.15,207.15,207.15,10
2024-12-05T11:27:00+01:00,207.15,207.15,207.15,207.15,9
2024-12-05T11:27:30+01:00,207.1,207.1,207.1,207.1,21
2024-12-05T11:29:30+01:00,207.2,207.2,207.2,207.2,130
2024-12-05T11:30:30+01:00,207.1,207.1,207.05,207.05,23
2024-12-05T11:31:30+01:00,207.05,207.05,207.05,207.05,3
2024-12-05T11:33:30+01:00,207.1,207.1,207.1,207.1,31
2024-12-05T11:37:30+01:00,207.15,207.15,207.15,207.15,40
2024-12-05T11:38:00+01:00,207.15,207.2,207.15,207.2,2
2024-12-05T11:38:30+01:00,207.25,207.25,207.2,207.2,44
2024-12-05T11:39:00+01:00,207.2,207.25,207.2,207.25,113
2024-12-05T11:39:30+01:00,207.2,207.25,207.05,207.05,319
2024-12-05T11:43:30+01:00,207.1,207.25,207.1,207.25,50
2024-12-05T11:47:00+01:00,207.15,207.15,207.15,207.15,24
2024-12-05T11:47:30+01:00,207.15,207.15,207.15,207.15,29
2024-12-05T11:48:00+01:00,207.15,207.15,207.15,207.15,1
2024-12-05T11:49:00+01:00,207.2,207.25,207.2,207.25,175
2024-12-05T11:50:00+01:00,207.25,207.3,207.25,207.3,75
2024-12-05T11:52:00+01:00,207.2,207.2,207.2,207.2,1
2024-12-05T11:53:30+01:00,207.2,207.2,207.2,207.2,358
2024-12-05T11:55:30+01:00,207.15,207.15,207.15,207.15,8
2024-12-05T12:00:00+01:00,207.25,207.25,207.2,207.2,526
2024-12-05T12:03:00+01:00,207.2,207.2,207.2,207.2,1
2024-12-05T12:03:30+01:00,207.15,207.15,207.15,207.15,190
2024-12-05T12:06:30+01:00,207.15,207.15,207.15,207.15,102
2024-12-05T12:08:30+01:00,207.25,207.25,207.25,207.25,198
2024-12-05T12:09:00+01:00,207.2,207.2,207.2,207.2,1
2024-12-05T12:09:30+01:00,207.25,207.25,207.25,207.25,2
2024-12-05T12:11:00+01:00,207.25,207.25,207.25,207.25,25
2024-12-05T12:11:30+01:00,207.25,207.25,207.25,207.25,195
2024-12-05T12:13:30+01:00,207.35,207.35,207.35,207.35,3
2024-12-05T12:14:00+01:00,207.25,207.25,207.25,207.25,70
2024-12-05T12:14:30+01:00,207.25,207.25,207.25,207.25,2
2024-12-05T12:15:30+01:00,207.25,207.25,207.25,207.25,140
2024-12-05T12:17:00+01:00,207.2,207.2,207.15,207.15,156
2024-12-05T12:18:30+01:00,207.1,207.1,207,207,162
2024-12-05T12:19:00+01:00,207.1,207.1,207.1,207.1,15
2024-12-05T12:22:30+01:00,207.05,207.05,207,207,160
2024-12-05T12:23:30+01:00,207,207,207,207,60
2024-12-05T12:27:00+01:00,207.1,207.1,207.1,207.1,5
2024-12-05T12:28:00+01:00,207.05,207.05,207.05,207.05,50
2024-12-05T12:39:00+01:00,207.05,207.05,207.05,207.05,25
2024-12-05T12:41:30+01:00,207.05,207.05,207,207,220
2024-12-05T12:46:30+01:00,207.15,207.15,207.15,207.15,24
2024-12-05T12:47:00+01:00,207.05,207.05,207.05,207.05,50
2024-12-05T12:50:30+01:00,207.05,207.2,207.05,207.1,354
2024-12-05T12:52:30+01:00,207.05,207.05,207.05,207.05,290
2024-12-05T12:55:00+01:00,207.15,207.15,207.15,207.15,72
2024-12-05T12:57:30+01:00,207.1,207.1,207.1,207.1,50
2024-12-05T13:02:30+01:00,207.05,207.05,207.05,207.05,25
2024-12-05T13:03:30+01:00,207.1,207.1,207.1,207.1,90
2024-12-05T13:04:30+01:00,207.05,207.05,207.05,207.05,6
2024-12-05T13:05:00+01:00,207.15,207.15,207.15,207.15,4
2024-12-05T13:09:00+01:00,207.05,207.05,207.05,207.05,4
2024-12-05T13:12:00+01:00,207.05,207.05,207.05,207.05,42
2024-12-05T13:13:00+01:00,207.1,207.1,207.1,207.1,86
2024-12-05T13:13:30+01:00,207.2,207.25,207.2,207.25,203
2024-12-05T13:17:30+01:00,207.25,207.25,207.25,207.25,87
2024-12-05T13:18:00+01:00,207.3,207.3,207.3,207.3,1
2024-12-05T13:28:30+01:00,207.25,207.25,207.25,207.25,5
2024-12-05T13:30:30+01:00,207.3,207.5,207.3,207.5,436
2024-12-05T13:31:00+01:00,207.5,207.5,207.5,207.5,12
2024-12-05T13:37:00+01:00,207.45,207.45,207.45,207.45,50
2024-12-05T13:39:00+01:00,207.45,207.45,207.45,207.45,3
2024-12-05T13:42:30+01:00,207.4,207.4,207.4,207.4,8
2024-12-05T13:44:00+01:00,207.45,207.45,207.45,207.45,25
2024-12-05T13:49:30+01:00,207.4,207.4,207.4,207.4,10
2024-12-05T13:50:00+01:00,207.55,207.55,207.55,207.55,100
2024-12-05T13:51:30+01:00,207.6,207.6,207.6,207.6,6
2024-12-05T13:52:00+01:00,207.6,207.65,207.6,207.65,405
2024-12-05T13:54:00+01:00,207.65,207.65,207.65,207.65,200
2024-12-05T13:56:00+01:00,207.65,207.65,207.65,207.65,258
2024-12-05T13:58:00+01:00,207.7,207.7,207.7,207.7,279
2024-12-05T13:59:00+01:00,207.7,207.7,207.7,207.7,140
2024-12-05T14:00:00+01:00,207.75,207.75,207.7,207.7,4
2024-12-05T14:02:30+01:00,207.55,207.65,207.55,207.65,252
2024-12-05T14:04:30+01:00,207.5,207.5,207.5,207.5,55
2024-12-05T14:05:00+01:00,207.6,207.6,207.6,207.6,1
2024-12-05T14:05:30+01:00,207.65,207.65,207.65,207.65,10
2024-12-05T14:07:00+01:00,207.6,207.6,207.6,207.6,62
2024-12-05T14:07:30+01:00,207.6,207.6,207.6,207.6,70
2024-12-05T14:08:30+01:00,207.65,207.65,207.65,207.65,20
2024-12-05T14:10:00+01:00,207.7,207.7,207.7,207.7,7
2024-12-05T14:12:30+01:00,207.6,207.6,207.6,207.6,175
2024-12-05T14:15:00+01:00,207.5,207.5,207.5,207.5,47
2024-12-05T14:18:00+01:00,207.55,207.55,207.55,207.55,60
2024-12-05T14:19:00+01:00,207.45,207.45,207.45,207.45,20
2024-12-05T14:19:30+01:00,207.5,207.5,207.5,207.5,47
2024-12-05T14:20:30+01:00,207.45,207.5,207.45,207.5,60
2024-12-05T14:23:00+01:00,207.55,207.6,207.55,207.6,60
2024-12-05T14:25:00+01:00,207.6,207.6,207.6,207.6,60
2024-12-05T14:26:00+01:00,207.5,207.5,207.5,207.5,10
2024-12-05T14:29:30+01:00,207.5,207.5,207.5,207.5,25
2024-12-05T14:31:00+01:00,207.25,207.25,207.25,207.25,20
2024-12-05T14:32:00+01:00,207.15,207.15,207.15,207.15,6
2024-12-05T14:35:30+01:00,207.35,207.35,207.35,207.35,881
2024-12-05T14:37:00+01:00,207.25,207.25,207.25,207.25,546
2024-12-05T14:38:00+01:00,207.05,207.05,207.05,207.05,2
2024-12-05T14:42:30+01:00,207.15,207.15,207.15,207.15,17
2024-12-05T14:45:30+01:00,206.95,206.95,206.95,206.95,10
2024-12-05T14:47:00+01:00,206.9,206.9,206.9,206.9,10
2024-12-05T14:52:00+01:00,206.85,206.85,206.85,206.85,22
2024-12-05T14:56:00+01:00,206.85,206.85,206.8,206.8,100
2024-12-05T15:00:00+01:00,206.8,206.8,206.8,206.8,75
2024-12-05T15:04:00+01:00,207.05,207.05,207.05,207.05,3
2024-12-05T15:06:00+01:00,207,207,207,207,20
2024-12-05T15:10:00+01:00,206.85,206.85,206.8,206.8,70
2024-12-05T15:11:30+01:00,206.9,206.9,206.9,206.9,750
2024-12-05T15:12:00+01:00,206.9,206.9,206.85,206.85,50
2024-12-05T15:12:30+01:00,206.95,206.95,206.95,206.95,8
2024-12-05T15:16:00+01:00,206.85,206.85,206.85,206.85,1
2024-12-05T15:17:30+01:00,206.85,206.85,206.85,206.85,414
2024-12-05T15:18:00+01:00,206.85,206.85,206.85,206.85,421
2024-12-05T15:19:30+01:00,206.9,206.9,206.9,206.9,1
2024-12-05T15:20:00+01:00,206.9,206.9,206.9,206.9,20
2024-12-05T15:23:00+01:00,206.95,207,206.95,207,72
2024-12-05T15:24:00+01:00,206.95,206.95,206.95,206.95,9
2024-12-05T15:25:00+01:00,206.7,206.7,206.65,206.65,17
2024-12-05T15:27:30+01:00,206.7,206.7,206.5,206.5,902
2024-12-05T15:28:00+01:00,206.35,206.35,206,206,424
2024-12-05T15:30:00+01:00,206.1,206.1,206.1,206.1,22
2024-12-05T15:31:00+01:00,205.8,205.8,205.8,205.8,1
2024-12-05T15:32:00+01:00,205.75,205.75,205.75,205.75,15
2024-12-05T15:32:30+01:00,205.9,205.9,205.9,205.9,1
2024-12-05T15:33:30+01:00,205.95,205.95,205.95,205.95,164
2024-12-05T15:34:00+01:00,205.55,205.8,205.55,205.8,25
2024-12-05T15:35:00+01:00,205.75,205.75,205.75,205.75,25
2024-12-05T15:37:00+01:00,205.9,205.9,205.9,205.9,11
2024-12-05T15:37:30+01:00,205.95,205.95,205.7,205.7,62
2024-12-05T15:38:30+01:00,205.65,205.65,205.65,205.65,6
2024-12-05T15:39:00+01:00,205.75,205.75,205.75,205.75,1
2024-12-05T15:40:00+01:00,205.75,205.75,205.75,205.75,100
2024-12-05T15:41:30+01:00,205.85,205.85,205.8,205.8,247
2024-12-05T15:42:30+01:00,205.85,205.85,205.85,205.85,57
2024-12-05T15:43:30+01:00,205.9,206,205.9,206,380
2024-12-05T15:44:00+01:00,205.95,205.95,205.95,205.95,47
2024-12-05T15:44:30+01:00,205.95,206.05,205.95,206.05,394
2024-12-05T15:45:00+01:00,206.1,206.1,206.1,206.1,300
2024-12-05T15:45:30+01:00,206.2,206.2,206.2,206.2,300
2024-12-05T15:46:00+01:00,206.1,206.1,206.1,206.1,57
2024-12-05T15:46:30+01:00,206.3,206.35,206.3,206.35,71
2024-12-05T15:48:30+01:00,206.4,206.5,206.4,206.5,1645
2024-12-05T15:50:30+01:00,206.15,206.15,206.15,206.15,1
2024-12-05T15:51:00+01:00,206.2,206.2,206.2,206.2,1
2024-12-05T15:51:30+01:00,206.45,206.45,206.45,206.45,302
2024-12-05T15:52:00+01:00,206.45,206.45,206.45,206.45,53
2024-12-05T15:54:00+01:00,206.5,206.5,206.5,206.5,89
2024-12-05T15:54:30+01:00,206.7,206.7,206.7,206.7,300
2024-12-05T15:58:00+01:00,206.3,206.3,206.3,206.3,559
2024-12-05T15:58:30+01:00,206.55,206.55,206.4,206.4,392
2024-12-05T15:59:00+01:00,206.4,206.5,206.4,206.5,176
2024-12-05T15:59:30+01:00,206.45,206.45,206.45,206.45,35
2024-12-05T16:01:00+01:00,206.3,206.3,206.3,206.3,6
2024-12-05T16:01:30+01:00,206.25,206.25,206.25,206.25,8
2024-12-05T16:02:00+01:00,206.35,206.35,206.3,206.3,74
2024-12-05T16:02:30+01:00,206.15,206.2,206.15,206.2,94
2024-12-05T16:03:30+01:00,206.35,206.35,206.35,206.35,226
2024-12-05T16:04:00+01:00,206.3,206.3,206.3,206.3,50
2024-12-05T16:04:30+01:00,206.25,206.25,206.25,206.25,86
2024-12-05T16:05:00+01:00,206.35,206.35,206.2,206.2,261
2024-12-05T16:05:30+01:00,206.35,206.35,206.35,206.35,80
2024-12-05T16:06:00+01:00,206.2,206.2,206.2,206.2,1
2024-12-05T16:09:00+01:00,206.65,206.65,206.65,206.65,2
2024-12-05T16:10:00+01:00,206.8,206.8,206.8,206.8,57
2024-12-05T16:12:00+01:00,206.85,206.95,206.85,206.95,47
2024-12-05T16:12:30+01:00,207.05,207.1,207.05,207.1,46
2024-12-05T16:13:00+01:00,207.1,207.1,207.1,207.1,40
2024-12-05T16:17:00+01:00,206.8,206.8,206.8,206.8,59
2024-12-05T16:19:30+01:00,207.05,207.05,207,207.05,3
2024-12-05T16:21:30+01:00,207,207,207,207,4
2024-12-05T16:24:00+01:00,207.1,207.1,207.1,207.1,190
2024-12-05T16:25:00+01:00,207.1,207.1,207.1,207.1,209
2024-12-05T16:25:30+01:00,207.15,207.15,207.05,207.05,115
2024-12-05T16:26:00+01:00,207.05,207.05,207.05,207.05,95
2024-12-05T16:26:30+01:00,207.3,207.3,207.3,207.3,1
2024-12-05T16:27:00+01:00,207.4,207.4,207.4,207.4,176
2024-12-05T16:28:30+01:00,207.5,207.5,207.5,207.5,200
2024-12-05T16:29:00+01:00,207.65,207.65,207.6,207.6,601
2024-12-05T16:30:30+01:00,207.6,207.6,207.5,207.5,21
2024-12-05T16:34:00+01:00,207.7,207.7,207.7,207.7,1
2024-12-05T16:35:00+01:00,207.7,207.7,207.7,207.7,1
2024-12-05T16:36:30+01:00,207.8,207.8,207.8,207.8,241
2024-12-05T16:37:30+01:00,208,208,208,208,51
2024-12-05T16:38:00+01:00,207.95,208.1,207.95,208.1,210
2024-12-05T16:38:30+01:00,208,208,208,208,4
2024-12-05T16:39:30+01:00,208,208,208,208,200
2024-12-05T16:40:30+01:00,208,208,208,208,493
2024-12-05T16:41:00+01:00,208,208,208,208,2
2024-12-05T16:43:30+01:00,208.15,208.15,208.15,208.15,3
2024-12-05T16:44:00+01:00,208.2,208.2,208.2,208.2,1
2024-12-05T16:44:30+01:00,208.25,208.25,208.25,208.25,200
2024-12-05T16:45:00+01:00,208.25,208.25,208.25,208.25,200
2024-12-05T16:47:00+01:00,207.9,207.9,207.9,207.9,1
2024-12-05T16:48:30+01:00,207.6,207.6,207.6,207.6,100
2024-12-05T16:51:30+01:00,207.05,207.05,206.8,206.8,755
2024-12-05T16:52:30+01:00,206.95,206.95,206.95,206.95,26
2024-12-05T16:53:30+01:00,207.1,207.1,207.1,207.1,2
2024-12-05T16:56:00+01:00,207.35,207.35,207.35,207.35,2
2024-12-05T16:57:30+01:00,207.35,207.35,207.35,207.35,200
2024-12-05T16:59:30+01:00,207.15,207.15,207.15,207.15,87
2024-12-05T17:00:00+01:00,207,207,207,207,90
2024-12-05T17:02:00+01:00,207.25,207.25,207.15,207.15,22
2024-12-05T17:02:30+01:00,207.15,207.15,207.15,207.15,70
2024-12-05T17:03:00+01:00,207.15,207.15,207.15,207.15,36
2024-12-05T17:03:30+01:00,207.1,207.1,206.95,206.95,113
2024-12-05T17:04:00+01:00,207.1,207.1,207.1,207.1,6
2024-12-05T17:05:00+01:00,207.1,207.1,207,207,433
2024-12-05T17:05:30+01:00,207,207.05,207,207.05,22
2024-12-05T17:07:00+01:00,206.9,206.9,206.9,206.9,4
2024-12-05T17:11:30+01:00,207.2,207.2,207.2,207.2,7
2024-12-05T17:12:00+01:00,207.25,207.25,207.25,207.25,760
2024-12-05T17:12:30+01:00,207.3,207.3,207.25,207.25,626
2024-12-05T17:14:00+01:00,207.35,207.4,207.35,207.4,807
2024-12-05T17:15:00+01:00,207.35,207.35,207.35,207.35,123
2024-12-05T17:15:30+01:00,207.55,207.55,207.55,207.55,2
2024-12-05T17:16:30+01:00,207.55,207.55,207.5,207.55,811
2024-12-05T17:18:30+01:00,207.6,207.6,207.6,207.6,59
2024-12-05T17:20:30+01:00,207.7,207.7,207.7,207.7,186
2024-12-05T17:21:00+01:00,207.7,207.7,207.7,207.7,200
2024-12-05T17:24:00+01:00,207.8,207.8,207.75,207.75,400
2024-12-05T17:25:00+01:00,207.7,207.7,207.7,207.7,1
2024-12-05T17:26:00+01:00,207.75,207.75,207.7,207.7,690
2024-12-05T17:28:30+01:00,207.85,207.85,207.85,207.85,95
2024-12-06T09:04:00+01:00,208.7,208.7,208.6,208.6,659
2024-12-06T09:04:30+01:00,208.5,208.5,208.45,208.45,449
2024-12-06T09:05:00+01:00,208.5,208.5,208.5,208.5,250
2024-12-06T09:05:30+01:00,208.5,208.5,208.5,208.5,250
2024-12-06T09:06:30+01:00,208.45,208.6,208.45,208.6,151
2024-12-06T09:08:00+01:00,208.55,208.55,208.55,208.55,11
2024-12-06T09:08:30+01:00,208.45,208.45,208.4,208.4,1424
2024-12-06T09:10:30+01:00,208.5,208.5,208.5,208.5,16
2024-12-06T09:15:30+01:00,208.55,208.55,208.55,208.55,2
2024-12-06T09:16:00+01:00,208.45,208.45,208.45,208.45,30
2024-12-06T09:17:00+01:00,208.5,208.5,208.5,208.5,4
2024-12-06T09:20:00+01:00,208.45,208.45,208.4,208.4,200
2024-12-06T09:21:00+01:00,208.55,208.6,208.55,208.6,152
2024-12-06T09:22:30+01:00,208.5,208.5,208.45,208.45,20
2024-12-06T09:25:30+01:00,208.55,208.55,208.55,208.55,121
2024-12-06T09:26:30+01:00,208.55,208.55,208.55,208.55,2
2024-12-06T09:27:00+01:00,208.55,208.55,208.55,208.55,4
2024-12-06T09:33:00+01:00,208.65,208.65,208.55,208.55,36
2024-12-06T09:36:00+01:00,208.6,208.6,208.6,208.6,100
2024-12-06T09:36:30+01:00,208.6,208.6,208.6,208.6,12
2024-12-06T09:39:30+01:00,208.65,208.65,208.65,208.65,52
2024-12-06T09:41:30+01:00,208.6,208.6,208.6,208.6,110
2024-12-06T09:44:00+01:00,208.6,208.6,208.55,208.55,80
2024-12-06T09:48:30+01:00,208.75,208.75,208.75,208.75,5
2024-12-06T09:49:30+01:00,208.75,208.75,208.75,208.75,26
2024-12-06T09:55:00+01:00,208.75,208.75,208.75,208.75,50
2024-12-06T09:56:00+01:00,208.75,208.75,208.7,208.7,1124
2024-12-06T09:57:30+01:00,208.8,208.8,208.8,208.8,41
2024-12-06T10:01:30+01:00,208.7,208.7,208.7,208.7,50
2024-12-06T10:04:00+01:00,208.65,208.65,208.65,208.65,51
2024-12-06T10:05:00+01:00,208.8,208.8,208.8,208.8,173
2024-12-06T10:05:30+01:00,208.8,208.8,208.8,208.8,822
2024-12-06T10:07:00+01:00,208.65,208.65,208.65,208.65,7
2024-12-06T10:08:30+01:00,208.8,208.8,208.8,208.8,2
2024-12-06T10:09:30+01:00,208.7,208.7,208.7,208.7,10
2024-12-06T10:11:00+01:00,208.7,208.7,208.7,208.7,7
2024-12-06T10:14:00+01:00,208.55,208.55,208.55,208.55,14
2024-12-06T10:15:00+01:00,208.7,208.7,208.65,208.65,50
2024-12-06T10:15:30+01:00,208.7,208.75,208.7,208.75,12
2024-12-06T10:17:00+01:00,208.75,208.75,208.75,208.75,68
2024-12-06T10:18:00+01:00,208.75,208.75,208.75,208.75,27
2024-12-06T10:19:00+01:00,208.75,208.75,208.75,208.75,5
2024-12-06T10:19:30+01:00,208.75,208.75,208.75,208.75,24
2024-12-06T10:20:30+01:00,208.75,208.75,208.75,208.75,102
2024-12-06T10:22:30+01:00,208.7,208.7,208.7,208.7,18
2024-12-06T10:25:30+01:00,208.85,208.85,208.85,208.85,5
2024-12-06T10:27:30+01:00,208.8,208.8,208.8,208.8,2
2024-12-06T10:28:00+01:00,208.85,208.85,208.85,208.85,95
2024-12-06T10:32:30+01:00,209,209,209,209,527
2024-12-06T10:33:00+01:00,209.05,209.05,209.05,209.05,11
2024-12-06T10:37:30+01:00,209.05,209.05,209.05,209.05,20
2024-12-06T10:42:00+01:00,208.8,208.8,208.8,208.8,31
2024-12-06T10:47:00+01:00,208.9,208.9,208.9,208.9,40
2024-12-06T10:52:00+01:00,209,209,209,209,11
2024-12-06T10:54:30+01:00,209,209,209,209,1
2024-12-06T10:56:00+01:00,209,209,209,209,53
2024-12-06T10:56:30+01:00,209,209,209,209,51
2024-12-06T10:58:30+01:00,209.05,209.05,209.05,209.05,62
2024-12-06T11:02:30+01:00,208.8,208.8,208.8,208.8,38
2024-12-06T11:04:00+01:00,208.8,208.8,208.8,208.8,13
2024-12-06T11:05:30+01:00,208.85,208.85,208.75,208.75,18
2024-12-06T11:10:00+01:00,208.95,208.95,208.95,208.95,1
2024-12-06T11:12:00+01:00,208.75,208.75,208.75,208.75,28
2024-12-06T11:14:30+01:00,208.7,208.7,208.7,208.7,10
2024-12-06T11:15:00+01:00,208.65,208.65,208.55,208.55,160
2024-12-06T11:18:30+01:00,208.7,208.75,208.7,208.75,220
2024-12-06T11:19:00+01:00,208.75,208.75,208.75,208.75,20
2024-12-06T11:20:30+01:00,208.75,208.75,208.75,208.75,4
2024-12-06T11:22:00+01:00,208.9,208.9,208.9,208.9,2
2024-12-06T11:24:30+01:00,208.85,208.85,208.85,208.85,35
2024-12-06T11:25:30+01:00,208.9,208.9,208.9,208.9,39
2024-12-06T11:28:00+01:00,208.95,208.95,208.95,208.95,10
2024-12-06T11:29:00+01:00,208.8,208.8,208.8,208.8,30
2024-12-06T11:31:00+01:00,208.9,209.15,208.9,208.95,1383
2024-12-06T11:32:30+01:00,208.95,208.95,208.95,208.95,41
2024-12-06T11:36:00+01:00,208.95,208.95,208.95,208.95,50
2024-12-06T11:44:00+01:00,208.95,208.95,208.85,208.85,33
2024-12-06T11:45:30+01:00,208.75,208.75,208.75,208.75,10
2024-12-06T11:50:00+01:00,208.75,208.75,208.75,208.75,15
2024-12-06T11:54:30+01:00,208.8,208.8,208.8,208.8,10
2024-12-06T11:55:00+01:00,208.7,208.7,208.7,208.7,4
2024-12-06T11:56:30+01:00,208.7,208.7,208.7,208.7,50
2024-12-06T12:05:00+01:00,208.55,208.55,208.55,208.55,30
2024-12-06T12:07:00+01:00,208.55,208.55,208.45,208.45,1012
2024-12-06T12:07:30+01:00,208.5,208.5,208.5,208.5,2
2024-12-06T12:10:00+01:00,208.55,208.55,208.5,208.5,59
2024-12-06T12:10:30+01:00,208.65,208.65,208.65,208.65,4
2024-12-06T12:14:30+01:00,208.6,208.6,208.6,208.6,100
2024-12-06T12:15:30+01:00,208.7,208.7,208.7,208.7,15
2024-12-06T12:16:30+01:00,208.6,208.6,208.55,208.55,100
2024-12-06T12:24:00+01:00,208.65,208.65,208.65,208.65,15
2024-12-06T12:25:00+01:00,208.45,208.5,208.4,208.45,1292
2024-12-06T12:26:00+01:00,208.55,208.6,208.55,208.6,10
2024-12-06T12:28:30+01:00,208.45,208.45,208.45,208.45,50
2024-12-06T12:35:00+01:00,208.55,208.55,208.55,208.55,1
2024-12-06T12:35:30+01:00,208.55,208.55,208.55,208.55,2
2024-12-06T12:36:30+01:00,208.5,208.5,208.5,208.5,15
2024-12-06T12:38:00+01:00,208.65,208.65,208.65,208.65,25
2024-12-06T12:41:30+01:00,208.7,208.7,208.7,208.7,21
2024-12-06T12:44:00+01:00,208.75,208.75,208.75,208.75,2
2024-12-06T12:49:30+01:00,208.65,208.65,208.65,208.65,10
2024-12-06T12:59:30+01:00,208.7,208.7,208.7,208.7,232
2024-12-06T13:00:00+01:00,208.75,208.75,208.75,208.75,2
2024-12-06T13:01:30+01:00,208.8,208.8,208.8,208.8,1
2024-12-06T13:02:00+01:00,208.8,208.8,208.8,208.8,2
2024-12-06T13:04:00+01:00,208.85,208.85,208.85,208.85,375
2024-12-06T13:05:00+01:00,208.95,208.95,208.95,208.95,50
2024-12-06T13:05:30+01:00,208.85,208.85,208.85,208.85,75
2024-12-06T13:10:00+01:00,208.75,208.75,208.75,208.75,75
2024-12-06T13:10:30+01:00,208.75,208.75,208.75,208.75,13
2024-12-06T13:11:00+01:00,208.8,208.8,208.8,208.8,32
2024-12-06T13:13:30+01:00,208.85,208.85,208.85,208.85,92
2024-12-06T13:17:00+01:00,208.8,208.8,208.8,208.8,6
2024-12-06T13:18:30+01:00,208.85,208.95,208.85,208.95,107
2024-12-06T13:20:30+01:00,208.95,208.95,208.95,208.95,25
2024-12-06T13:21:00+01:00,208.9,208.9,208.9,208.9,20
2024-12-06T13:21:30+01:00,209,209.1,209,209.1,511
2024-12-06T13:22:00+01:00,209,209,209,209,605
2024-12-06T13:22:30+01:00,209.1,209.1,209.1,209.1,1
2024-12-06T13:23:00+01:00,209.1,209.1,209.1,209.1,299
2024-12-06T13:23:30+01:00,209.15,209.15,209.15,209.15,75
2024-12-06T13:24:00+01:00,209.2,209.2,209.2,209.2,120
2024-12-06T13:25:00+01:00,209.25,209.25,209.25,209.25,10
2024-12-06T13:28:00+01:00,209.35,209.4,209.35,209.4,57
2024-12-06T13:28:30+01:00,209.4,209.4,209.4,209.4,2
2024-12-06T13:30:00+01:00,209.35,209.4,209.35,209.4,16
2024-12-06T13:33:00+01:00,209.15,209.15,209.15,209.15,95
2024-12-06T13:37:00+01:00,209.2,209.2,209.2,209.2,40
2024-12-06T13:38:00+01:00,209.3,209.3,209.3,209.3,74
2024-12-06T13:43:00+01:00,209.3,209.3,209.3,209.3,5
2024-12-06T13:46:30+01:00,209.25,209.25,209.25,209.25,50
2024-12-06T13:48:30+01:00,209.25,209.25,209.25,209.25,190
2024-12-06T13:50:00+01:00,209.3,209.35,209.3,209.35,96
2024-12-06T13:53:00+01:00,209.25,209.25,209.25,209.25,6
2024-12-06T13:54:00+01:00,209.3,209.3,209.3,209.3,1
2024-12-06T13:58:00+01:00,209.35,209.35,209.35,209.35,180
2024-12-06T14:00:30+01:00,209.35,209.4,209.35,209.4,1000
2024-12-06T14:03:00+01:00,209.4,209.4,209.4,209.4,5
2024-12-06T14:08:00+01:00,209.45,209.45,209.45,209.45,11
2024-12-06T14:09:30+01:00,209.4,209.4,209.4,209.4,70
2024-12-06T14:12:30+01:00,209.5,209.5,209.5,209.5,20
2024-12-06T14:15:00+01:00,209.55,209.55,209.55,209.55,7
2024-12-06T14:17:00+01:00,209.65,209.65,209.65,209.65,100
2024-12-06T14:24:00+01:00,209.5,209.55,209.5,209.55,58
2024-12-06T14:28:30+01:00,209.5,209.5,209.5,209.5,150
2024-12-06T14:29:00+01:00,209.45,209.65,209.4,209.4,398
2024-12-06T14:30:00+01:00,209.2,209.25,209.1,209.25,124
2024-12-06T14:31:00+01:00,209.65,209.65,209.65,209.65,18
2024-12-06T14:32:30+01:00,209.35,209.35,209.35,209.35,11
2024-12-06T14:33:00+01:00,209.3,209.3,209.3,209.3,9
2024-12-06T14:34:00+01:00,209.4,209.5,209.4,209.5,125
2024-12-06T14:35:30+01:00,209.4,209.4,209.25,209.25,37
2024-12-06T14:36:00+01:00,209.25,209.3,209.25,209.3,17
2024-12-06T14:37:00+01:00,209.05,209.15,209.05,209.15,281
2024-12-06T14:37:30+01:00,209.05,209.05,209.05,209.05,341
2024-12-06T14:38:00+01:00,209.05,209.05,209.05,209.05,24
2024-12-06T14:42:00+01:00,208.95,208.95,208.95,208.95,1
2024-12-06T14:43:00+01:00,208.75,208.75,208.75,208.75,22
2024-12-06T14:43:30+01:00,208.85,208.85,208.85,208.85,1
2024-12-06T14:44:30+01:00,208.85,208.85,208.85,208.85,1
2024-12-06T14:45:30+01:00,208.9,208.9,208.9,208.9,1
2024-12-06T14:47:00+01:00,209.1,209.1,209,209,618
2024-12-06T14:47:30+01:00,209,209,209,209,6
2024-12-06T14:48:00+01:00,209.2,209.25,209.2,209.25,149
2024-12-06T14:49:30+01:00,209.25,209.25,209.2,209.2,175
2024-12-06T14:50:30+01:00,209.15,209.15,209.15,209.15,1
2024-12-06T14:54:00+01:00,208.95,208.95,208.95,208.95,20
2024-12-06T14:55:00+01:00,209,209,209,209,62
2024-12-06T14:56:00+01:00,209.05,209.1,209.05,209.05,121
2024-12-06T15:02:00+01:00,209.3,209.35,209.3,209.35,50
2024-12-06T15:03:00+01:00,209.2,209.2,209.2,209.2,200
2024-12-06T15:05:30+01:00,209.1,209.1,209.1,209.1,10
2024-12-06T15:06:30+01:00,209.1,209.1,209.1,209.1,24
2024-12-06T15:07:00+01:00,209.2,209.2,209.2,209.2,1
2024-12-06T15:08:00+01:00,209.3,209.3,209.3,209.3,15
2024-12-06T15:11:00+01:00,209.6,209.6,209.6,209.6,20
2024-12-06T15:12:00+01:00,209.6,209.6,209.6,209.6,12
2024-12-06T15:14:00+01:00,209.3,209.3,209.3,209.3,15
2024-12-06T15:18:00+01:00,209.25,209.25,209.15,209.15,100
2024-12-06T15:20:30+01:00,209.45,209.45,209.45,209.45,1
2024-12-06T15:23:30+01:00,209.4,209.4,209.4,209.4,6
2024-12-06T15:24:00+01:00,209.4,209.4,209.4,209.4,7
2024-12-06T15:25:00+01:00,209.4,209.45,209.4,209.45,76
2024-12-06T15:25:30+01:00,209.55,209.7,209.55,209.7,134
2024-12-06T15:26:00+01:00,209.5,209.5,209.45,209.45,500
2024-12-06T15:27:30+01:00,209.35,209.35,209.35,209.35,2
2024-12-06T15:28:00+01:00,209.05,209.05,208.95,208.95,354
2024-12-06T15:29:00+01:00,208.7,208.7,208.7,208.7,15
2024-12-06T15:30:00+01:00,208.6,209.2,208.6,209.2,97
2024-12-06T15:30:30+01:00,209.35,209.35,209.35,209.35,1
2024-12-06T15:31:00+01:00,208.85,208.85,208.85,208.85,12
2024-12-06T15:31:30+01:00,209.05,209.05,208.5,208.5,467
2024-12-06T15:35:00+01:00,209.25,209.25,209.25,209.25,5
2024-12-06T15:36:00+01:00,209.3,209.3,209.3,209.3,1
2024-12-06T15:37:00+01:00,209.7,209.8,209.7,209.8,1006
2024-12-06T15:38:30+01:00,210,210.05,210,210.05,987
2024-12-06T15:39:00+01:00,210.1,210.1,210.1,210.1,78
2024-12-06T15:40:00+01:00,210.15,210.15,210.15,210.15,110
2024-12-06T15:40:30+01:00,210.3,210.3,210.3,210.3,20
2024-12-06T15:41:00+01:00,210.1,210.2,210.1,210.2,16
2024-12-06T15:41:30+01:00,210.35,210.5,210.35,210.5,51
2024-12-06T15:42:00+01:00,210.65,210.65,210.65,210.65,40
2024-12-06T15:42:30+01:00,211,211,210.85,210.85,1587
2024-12-06T15:43:30+01:00,210.8,210.8,210.75,210.75,3
2024-12-06T15:44:00+01:00,210.6,210.6,210.6,210.6,20
2024-12-06T15:44:30+01:00,210.8,210.8,210.8,210.8,80
2024-12-06T15:45:00+01:00,211,211,211,211,843
2024-12-06T15:45:30+01:00,211.1,211.1,211.1,211.1,1
2024-12-06T15:46:00+01:00,211.05,211.2,211.05,211.2,41
2024-12-06T15:46:30+01:00,211.4,211.4,211.3,211.3,66
2024-12-06T15:47:00+01:00,211.65,211.65,211.65,211.65,151
2024-12-06T15:47:30+01:00,211,211,211,211,75
2024-12-06T15:49:00+01:00,211.45,211.45,211.45,211.45,1
2024-12-06T15:51:30+01:00,211.5,211.9,211.5,211.85,833
2024-12-06T15:52:00+01:00,211.55,211.65,211.55,211.65,62
2024-12-06T15:53:00+01:00,211.8,211.8,211.8,211.8,5
2024-12-06T15:55:00+01:00,212,212,212,212,30
2024-12-06T15:57:30+01:00,211.55,211.55,211.55,211.55,40
2024-12-06T15:59:30+01:00,211.4,211.5,211.4,211.5,154
2024-12-06T16:00:00+01:00,211.5,211.55,211.45,211.55,166
2024-12-06T16:00:30+01:00,211.6,211.65,211.6,211.65,11
2024-12-06T16:07:00+01:00,211.8,211.8,211.8,211.8,1
2024-12-06T16:07:30+01:00,211.85,211.85,211.85,211.85,1
2024-12-06T16:08:00+01:00,211.7,211.7,211.7,211.7,22
2024-12-06T16:09:30+01:00,211.95,212,211.95,212,23
2024-12-06T16:10:30+01:00,212.05,212.2,212.05,212.2,120
2024-12-06T16:11:00+01:00,212.2,212.4,212.15,212.4,284
2024-12-06T16:11:30+01:00,212.45,212.5,212.45,212.45,54
2024-12-06T16:13:00+01:00,212.6,212.65,212.6,212.65,7
2024-12-06T16:14:00+01:00,212.45,212.45,212.45,212.45,300
2024-12-06T16:15:00+01:00,213,213,213,213,60
2024-12-06T16:15:30+01:00,213.05,213.1,213,213.05,204
2024-12-06T16:16:00+01:00,212.8,212.8,212.8,212.8,300
2024-12-06T16:17:30+01:00,212.7,212.85,212.7,212.75,72
2024-12-06T16:18:00+01:00,212.8,212.8,212.7,212.7,327
2024-12-06T16:18:30+01:00,212.7,212.7,212.7,212.7,600
2024-12-06T16:19:00+01:00,212.8,212.85,212.8,212.85,901
2024-12-06T16:20:00+01:00,212.8,212.8,212.8,212.8,2
2024-12-06T16:21:00+01:00,212.8,212.8,212.8,212.8,895
2024-12-06T16:21:30+01:00,212.9,212.9,212.9,212.9,34
2024-12-06T16:22:30+01:00,212.8,212.8,212.8,212.8,1
2024-12-06T16:23:00+01:00,212.75,212.75,212.75,212.75,7
2024-12-06T16:24:00+01:00,212.75,212.75,212.7,212.7,76
2024-12-06T16:25:30+01:00,212.55,212.55,212.55,212.55,1
2024-12-06T16:30:30+01:00,212.5,212.5,212.45,212.45,400
2024-12-06T16:31:00+01:00,212.45,212.55,212.45,212.55,6
2024-12-06T16:32:00+01:00,212.4,212.4,212.4,212.4,60
2024-12-06T16:33:30+01:00,212.35,212.35,212.35,212.35,50
2024-12-06T16:34:00+01:00,212.3,212.3,212.25,212.25,942
2024-12-06T16:34:30+01:00,212.2,212.2,212.2,212.2,55
2024-12-06T16:36:00+01:00,212.35,212.4,212.35,212.4,2
2024-12-06T16:36:30+01:00,212.45,212.45,212.45,212.45,100
2024-12-06T16:37:00+01:00,212.6,212.6,212.6,212.6,4
2024-12-06T16:37:30+01:00,212.65,212.65,212.65,212.65,745
2024-12-06T16:41:00+01:00,212.85,212.85,212.85,212.85,10
2024-12-06T16:41:30+01:00,212.75,212.75,212.75,212.75,30
2024-12-06T16:42:00+01:00,212.8,212.8,212.8,212.8,10
2024-12-06T16:43:30+01:00,212.65,212.65,212.65,212.65,47
2024-12-06T16:44:30+01:00,212.5,212.5,212.5,212.5,1
2024-12-06T16:46:00+01:00,212.25,212.45,212.25,212.45,41
2024-12-06T16:47:00+01:00,212.55,212.55,212.5,212.5,66
2024-12-06T16:47:30+01:00,212.2,212.2,212.2,212.2,2
2024-12-06T16:49:30+01:00,212.1,212.1,212.1,212.1,5
2024-12-06T16:50:30+01:00,212.15,212.15,212.15,212.15,123
2024-12-06T16:51:00+01:00,212.2,212.2,212.2,212.2,33
2024-12-06T16:52:00+01:00,212.35,212.6,212.35,212.6,243
2024-12-06T16:53:00+01:00,212.45,212.45,212.45,212.45,2
2024-12-06T16:54:30+01:00,212.25,212.25,212.25,212.25,10
2024-12-06T16:56:00+01:00,212.3,212.35,212.2,212.2,140
2024-12-06T16:57:00+01:00,212.35,212.35,212.35,212.35,80
2024-12-06T16:58:00+01:00,212.5,212.5,212.5,212.5,10
2024-12-06T16:58:30+01:00,212.65,212.65,212.65,212.65,100
2024-12-06T17:01:00+01:00,212.65,212.65,212.6,212.6,700
2024-12-06T17:01:30+01:00,212.7,212.7,212.7,212.7,20
2024-12-06T17:02:00+01:00,212.7,212.9,212.7,212.9,58
2024-12-06T17:03:00+01:00,212.95,212.95,212.95,212.95,1
2024-12-06T17:04:00+01:00,212.75,212.75,212.75,212.75,328
2024-12-06T17:05:30+01:00,212.75,212.75,212.75,212.75,32
2024-12-06T17:06:00+01:00,212.75,212.85,212.75,212.85,155
2024-12-06T17:07:30+01:00,213,213.05,213,213,342
2024-12-06T17:08:00+01:00,212.95,212.95,212.95,212.95,471
2024-12-06T17:08:30+01:00,212.75,212.85,212.75,212.8,1084
2024-12-06T17:09:00+01:00,212.75,212.8,212.75,212.8,103
2024-12-06T17:11:00+01:00,212.95,212.95,212.95,212.95,2
2024-12-06T17:12:30+01:00,212.95,212.95,212.95,212.95,76
2024-12-06T17:13:00+01:00,212.75,212.75,212.75,212.75,104
2024-12-06T17:13:30+01:00,212.45,212.5,212.4,212.4,210
2024-12-06T17:16:00+01:00,212.95,213,212.95,213,328
2024-12-06T17:16:30+01:00,213.1,213.1,213.1,213.1,120
2024-12-06T17:17:30+01:00,213.2,213.2,213.2,213.2,46
2024-12-06T17:18:00+01:00,213,213,213,213,94
2024-12-06T17:18:30+01:00,213,213,212.95,212.95,281
2024-12-06T17:19:00+01:00,213.05,213.1,213.05,213.1,163
2024-12-06T17:19:30+01:00,213.05,213.05,213.05,213.05,4
2024-12-06T17:20:30+01:00,212.95,212.95,212.95,212.95,12
2024-12-06T17:21:00+01:00,213,213,213,213,1
2024-12-06T17:21:30+01:00,213,213.05,212.95,212.95,198
2024-12-06T17:22:00+01:00,213,213,213,213,134
2024-12-06T17:22:30+01:00,213.05,213.05,213.05,213.05,156
2024-12-06T17:23:00+01:00,212.95,212.95,212.95,212.95,175
2024-12-06T17:23:30+01:00,212.9,212.9,212.85,212.85,168
2024-12-06T17:24:30+01:00,212.95,212.95,212.95,212.95,81
2024-12-06T17:25:00+01:00,213,213,212.85,212.85,26
2024-12-06T17:25:30+01:00,212.9,212.9,212.9,212.9,27
2024-12-06T17:26:30+01:00,212.75,212.75,212.7,212.75,357
2024-12-06T17:28:00+01:00,213,213,213,213,90
2024-12-06T17:29:30+01:00,213,213,212.9,212.9,901